asset_id,path,creator_or_tool,model_version,prompt_or_url,seed,license,edits,approval
assets.tiles.greybox.floor,assets/tiles/greybox_floor.png,project maintainer,not applicable,git commit 61e4c46; SHA-256 68c3edb98378c7206ec353773860b91270d40a7442b1c0d7e2e6ac58ccd7e66f,not applicable,AGPL-3.0-or-later (project author),Generated deterministic 128x128 RGB fill (#474747) for the orthogonal migration baseline.,approved - internal deterministic P0-030 greybox placeholder pending P0-040 replacement
music.cathedral.of.saint.mary.day.cathedral.of.saint.mary.1.1,music/cathedral_of_saint_mary/day/cathedral_of_saint_mary_1 (1).mp3,project maintainer,AI music generation pipeline,music/README.md,n/a,AGPL-3.0-or-later (project author),Maintainer-attested AI-generated soundtrack or SFX; prompts documented in music/README.md where applicable.,approved - maintainer AI generation
music.cathedral.of.saint.mary.day.cathedral.of.saint.mary.1.2,music/cathedral_of_saint_mary/day/cathedral_of_saint_mary_1 (2).mp3,project maintainer,AI music generation pipeline,music/README.md,n/a,AGPL-3.0-or-later (project author),Maintainer-attested AI-generated soundtrack or SFX; prompts documented in music/README.md where applicable.,approved - maintainer AI generation
music.cathedral.of.saint.mary.day.cathedral.of.saint.mary.1.3,music/cathedral_of_saint_mary/day/cathedral_of_saint_mary_1 (3).mp3,project maintainer,AI music generation pipeline,music/README.md,n/a,AGPL-3.0-or-later (project author),Maintainer-attested AI-generated soundtrack or SFX; prompts documented in music/README.md where applicable.,approved - maintainer AI generation
music.cathedral.of.saint.mary.day.cathedral.of.saint.mary.1.4,music/cathedral_of_saint_mary/day/cathedral_of_saint_mary_1 (4).mp3,project maintainer,AI music generation pipeline,music/README.md,n/a,AGPL-3.0-or-later (project author),Maintainer-attested AI-generated soundtrack or SFX; prompts documented in music/README.md where applicable.,approved - maintainer AI generation
music.cathedral.of.saint.mary.day.cathedral.of.saint.mary.1.5,music/cathedral_of_saint_mary/day/cathedral_of_saint_mary_1 (5).mp3,project maintainer,AI music generation pipeline,music/README.md,n/a,AGPL-3.0-or-later (project author),Maintainer-attested AI-generated soundtrack or SFX; prompts documented in music/README.md where applicable.,approved - maintainer AI generation
music.cathedral.of.saint.mary.day.cathedral.of.saint.mary.1,music/cathedral_of_saint_mary/day/cathedral_of_saint_mary_1.mp3,project maintainer,AI music generation pipeline,music/README.md,n/a,AGPL-3.0-or-later (project author),Maintainer-attested AI-generated soundtrack or SFX; prompts documented in music/README.md where applicable.,approved - maintainer AI generation
music.cathedral.of.saint.mary.night.cathedral.of.saint.mary.1,music/cathedral_of_saint_mary/night/cathedral_of_saint_mary_1.mp3,project maintainer,AI music generation pipeline,music/README.md,n/a,AGPL-3.0-or-later (project author),Maintainer-attested AI-generated soundtrack or SFX; prompts documented in music/README.md where applicable.,approved - maintainer AI generation
music.cathedral.of.saint.mary.night.cathedral.of.saint.mary.2,music/cathedral_of_saint_mary/night/cathedral_of_saint_mary_2.mp3,project maintainer,AI music generation pipeline,music/README.md,n/a,AGPL-3.0-or-later (project author),Maintainer-attested AI-generated soundtrack or SFX; prompts documented in music/README.md where applicable.,approved - maintainer AI generation
music.cathedral.of.saint.mary.night.cathedral.of.saint.mary.3,music/cathedral_of_saint_mary/night/cathedral_of_saint_mary_3.mp3,project maintainer,AI music generation pipeline,music/README.md,n/a,AGPL-3.0-or-later (project author),Maintainer-attested AI-generated soundtrack or SFX; prompts documented in music/README.md where applicable.,approved - maintainer AI generation
music.cathedral.of.saint.mary.night.cathedral.of.saint.mary.4,music/cathedral_of_saint_mary/night/cathedral_of_saint_mary_4.mp3,project maintainer,AI music generation pipeline,music/README.md,n/a,AGPL-3.0-or-later (project author),Maintainer-attested AI-generated soundtrack or SFX; prompts documented in music/README.md where applicable.,approved - maintainer AI generation
music.domberg.day.baltic.wind.1,music/domberg/day/Baltic Wind (1).mp3,project maintainer,AI music generation pipeline,music/README.md,n/a,AGPL-3.0-or-later (project author),Maintainer-attested AI-generated soundtrack or SFX; prompts documented in music/README.md where applicable.,approved - maintainer AI generation
music.domberg.day.baltic.wind,music/domberg/day/Baltic Wind.mp3,project maintainer,AI music generation pipeline,music/README.md,n/a,AGPL-3.0-or-later (project author),Maintainer-attested AI-generated soundtrack or SFX; prompts documented in music/README.md where applicable.,approved - maintainer AI generation
music.domberg.day.crown.of.stone,music/domberg/day/Crown of Stone.mp3,project maintainer,AI music generation pipeline,music/README.md,n/a,AGPL-3.0-or-later (project author),Maintainer-attested AI-generated soundtrack or SFX; prompts documented in music/README.md where applicable.,approved - maintainer AI generation
music.domberg.day.merchants.whispers.1,music/domberg/day/Merchants' Whispers (1).mp3,project maintainer,AI music generation pipeline,music/README.md,n/a,AGPL-3.0-or-later (project author),Maintainer-attested AI-generated soundtrack or SFX; prompts documented in music/README.md where applicable.,approved - maintainer AI generation
music.domberg.day.merchants.whispers,music/domberg/day/Merchants' Whispers.mp3,project maintainer,AI music generation pipeline,music/README.md,n/a,AGPL-3.0-or-later (project author),Maintainer-attested AI-generated soundtrack or SFX; prompts documented in music/README.md where applicable.,approved - maintainer AI generation
music.domberg.day.noble.lessons.1,music/domberg/day/Noble Lessons (1).mp3,project maintainer,AI music generation pipeline,music/README.md,n/a,AGPL-3.0-or-later (project author),Maintainer-attested AI-generated soundtrack or SFX; prompts documented in music/README.md where applicable.,approved - maintainer AI generation
music.domberg.day.noble.lessons,music/domberg/day/Noble Lessons.mp3,project maintainer,AI music generation pipeline,music/README.md,n/a,AGPL-3.0-or-later (project author),Maintainer-attested AI-generated soundtrack or SFX; prompts documented in music/README.md where applicable.,approved - maintainer AI generation
music.domberg.day.order.s.march.1,music/domberg/day/Order's March (1).mp3,project maintainer,AI music generation pipeline,music/README.md,n/a,AGPL-3.0-or-later (project author),Maintainer-attested AI-generated soundtrack or SFX; prompts documented in music/README.md where applicable.,approved - maintainer AI generation
music.domberg.day.order.s.march,music/domberg/day/Order's March.mp3,project maintainer,AI music generation pipeline,music/README.md,n/a,AGPL-3.0-or-later (project author),Maintainer-attested AI-generated soundtrack or SFX; prompts documented in music/README.md where applicable.,approved - maintainer AI generation
music.domberg.night.bones.beneath.stone.1,music/domberg/night/Bones Beneath Stone (1).mp3,project maintainer,AI music generation pipeline,music/README.md,n/a,AGPL-3.0-or-later (project author),Maintainer-attested AI-generated soundtrack or SFX; prompts documented in music/README.md where applicable.,approved - maintainer AI generation
music.domberg.night.bones.beneath.stone,music/domberg/night/Bones Beneath Stone.mp3,project maintainer,AI music generation pipeline,music/README.md,n/a,AGPL-3.0-or-later (project author),Maintainer-attested AI-generated soundtrack or SFX; prompts documented in music/README.md where applicable.,approved - maintainer AI generation
music.domberg.night.ghosts.of.the.crown.1,music/domberg/night/Ghosts of the Crown (1).mp3,project maintainer,AI music generation pipeline,music/README.md,n/a,AGPL-3.0-or-later (project author),Maintainer-attested AI-generated soundtrack or SFX; prompts documented in music/README.md where applicable.,approved - maintainer AI generation
music.domberg.night.ghosts.of.the.crown,music/domberg/night/Ghosts of the Crown.mp3,project maintainer,AI music generation pipeline,music/README.md,n/a,AGPL-3.0-or-later (project author),Maintainer-attested AI-generated soundtrack or SFX; prompts documented in music/README.md where applicable.,approved - maintainer AI generation
music.domberg.night.midnight.executioner,music/domberg/night/Midnight Executioner.mp3,project maintainer,AI music generation pipeline,music/README.md,n/a,AGPL-3.0-or-later (project author),Maintainer-attested AI-generated soundtrack or SFX; prompts documented in music/README.md where applicable.,approved - maintainer AI generation
music.domberg.night.the.wailer.s.lament.1,music/domberg/night/The Wailer's Lament (1).mp3,project maintainer,AI music generation pipeline,music/README.md,n/a,AGPL-3.0-or-later (project author),Maintainer-attested AI-generated soundtrack or SFX; prompts documented in music/README.md where applicable.,approved - maintainer AI generation
music.domberg.night.the.wailer.s.lament,music/domberg/night/The Wailer's Lament.mp3,project maintainer,AI music generation pipeline,music/README.md,n/a,AGPL-3.0-or-later (project author),Maintainer-attested AI-generated soundtrack or SFX; prompts documented in music/README.md where applicable.,approved - maintainer AI generation
music.domberg.night.vanapagan.s.dominion.1,music/domberg/night/Vanapagan's Dominion (1).mp3,project maintainer,AI music generation pipeline,music/README.md,n/a,AGPL-3.0-or-later (project author),Maintainer-attested AI-generated soundtrack or SFX; prompts documented in music/README.md where applicable.,approved - maintainer AI generation
music.domberg.night.vanapagan.s.dominion,music/domberg/night/Vanapagan's Dominion.mp3,project maintainer,AI music generation pipeline,music/README.md,n/a,AGPL-3.0-or-later (project author),Maintainer-attested AI-generated soundtrack or SFX; prompts documented in music/README.md where applicable.,approved - maintainer AI generation
music.dome.school.day.garden.of.learning.1,music/dome_school/day/Garden of Learning (1).mp3,project maintainer,AI music generation pipeline,music/README.md,n/a,AGPL-3.0-or-later (project author),Maintainer-attested AI-generated soundtrack or SFX; prompts documented in music/README.md where applicable.,approved - maintainer AI generation
music.dome.school.day.garden.of.learning,music/dome_school/day/Garden of Learning.mp3,project maintainer,AI music generation pipeline,music/README.md,n/a,AGPL-3.0-or-later (project author),Maintainer-attested AI-generated soundtrack or SFX; prompts documented in music/README.md where applicable.,approved - maintainer AI generation
music.dome.school.day.scholar.s.dawn.1,music/dome_school/day/Scholar's Dawn (1).mp3,project maintainer,AI music generation pipeline,music/README.md,n/a,AGPL-3.0-or-later (project author),Maintainer-attested AI-generated soundtrack or SFX; prompts documented in music/README.md where applicable.,approved - maintainer AI generation
music.dome.school.day.scholar.s.dawn,music/dome_school/day/Scholar's Dawn.mp3,project maintainer,AI music generation pipeline,music/README.md,n/a,AGPL-3.0-or-later (project author),Maintainer-attested AI-generated soundtrack or SFX; prompts documented in music/README.md where applicable.,approved - maintainer AI generation
music.dome.school.day.whispers.of.heritage.1,music/dome_school/day/Whispers of Heritage (1).mp3,project maintainer,AI music generation pipeline,music/README.md,n/a,AGPL-3.0-or-later (project author),Maintainer-attested AI-generated soundtrack or SFX; prompts documented in music/README.md where applicable.,approved - maintainer AI generation
music.dome.school.day.whispers.of.heritage,music/dome_school/day/Whispers of Heritage.mp3,project maintainer,AI music generation pipeline,music/README.md,n/a,AGPL-3.0-or-later (project author),Maintainer-attested AI-generated soundtrack or SFX; prompts documented in music/README.md where applicable.,approved - maintainer AI generation
music.dome.school.night.forbidden.knowledge.1,music/dome_school/night/Forbidden Knowledge (1).mp3,project maintainer,AI music generation pipeline,music/README.md,n/a,AGPL-3.0-or-later (project author),Maintainer-attested AI-generated soundtrack or SFX; prompts documented in music/README.md where applicable.,approved - maintainer AI generation
music.dome.school.night.forbidden.knowledge,music/dome_school/night/Forbidden Knowledge.mp3,project maintainer,AI music generation pipeline,music/README.md,n/a,AGPL-3.0-or-later (project author),Maintainer-attested AI-generated soundtrack or SFX; prompts documented in music/README.md where applicable.,approved - maintainer AI generation
music.dome.school.night.gargoyle.s.watch.1,music/dome_school/night/Gargoyle's Watch (1).mp3,project maintainer,AI music generation pipeline,music/README.md,n/a,AGPL-3.0-or-later (project author),Maintainer-attested AI-generated soundtrack or SFX; prompts documented in music/README.md where applicable.,approved - maintainer AI generation
music.dome.school.night.gargoyle.s.watch,music/dome_school/night/Gargoyle's Watch.mp3,project maintainer,AI music generation pipeline,music/README.md,n/a,AGPL-3.0-or-later (project author),Maintainer-attested AI-generated soundtrack or SFX; prompts documented in music/README.md where applicable.,approved - maintainer AI generation
music.dome.school.night.haunted.codex.1,music/dome_school/night/Haunted Codex (1).mp3,project maintainer,AI music generation pipeline,music/README.md,n/a,AGPL-3.0-or-later (project author),Maintainer-attested AI-generated soundtrack or SFX; prompts documented in music/README.md where applicable.,approved - maintainer AI generation
music.dome.school.night.haunted.codex,music/dome_school/night/Haunted Codex.mp3,project maintainer,AI music generation pipeline,music/README.md,n/a,AGPL-3.0-or-later (project author),Maintainer-attested AI-generated soundtrack or SFX; prompts documented in music/README.md where applicable.,approved - maintainer AI generation
music.dome.school.night.midnight.bells.1,music/dome_school/night/Midnight Bells (1).mp3,project maintainer,AI music generation pipeline,music/README.md,n/a,AGPL-3.0-or-later (project author),Maintainer-attested AI-generated soundtrack or SFX; prompts documented in music/README.md where applicable.,approved - maintainer AI generation
music.dome.school.night.midnight.bells,music/dome_school/night/Midnight Bells.mp3,project maintainer,AI music generation pipeline,music/README.md,n/a,AGPL-3.0-or-later (project author),Maintainer-attested AI-generated soundtrack or SFX; prompts documented in music/README.md where applicable.,approved - maintainer AI generation
music.forge.fireside.tale,music/forge/Fireside Tale.mp3,project maintainer,AI music generation pipeline,music/README.md,n/a,AGPL-3.0-or-later (project author),Maintainer-attested AI-generated soundtrack or SFX; prompts documented in music/README.md where applicable.,approved - maintainer AI generation
music.forge.the.smith.s.song,music/forge/The Smith's Song.mp3,project maintainer,AI music generation pipeline,music/README.md,n/a,AGPL-3.0-or-later (project author),Maintainer-attested AI-generated soundtrack or SFX; prompts documented in music/README.md where applicable.,approved - maintainer AI generation
music.forge.the.smith.s.song2,music/forge/The Smith's Song2.mp3,project maintainer,AI music generation pipeline,music/README.md,n/a,AGPL-3.0-or-later (project author),Maintainer-attested AI-generated soundtrack or SFX; prompts documented in music/README.md where applicable.,approved - maintainer AI generation
music.garden.day.danish.kings.garden.1,music/garden/day/danish_kings_garden_1.mp3,project maintainer,AI music generation pipeline,music/README.md,n/a,AGPL-3.0-or-later (project author),Maintainer-attested AI-generated soundtrack or SFX; prompts documented in music/README.md where applicable.,approved - maintainer AI generation
music.garden.day.danish.kings.garden.2,music/garden/day/danish_kings_garden_2.mp3,project maintainer,AI music generation pipeline,music/README.md,n/a,AGPL-3.0-or-later (project author),Maintainer-attested AI-generated soundtrack or SFX; prompts documented in music/README.md where applicable.,approved - maintainer AI generation
music.garden.day.danish.kings.garden.3,music/garden/day/danish_kings_garden_3.mp3,project maintainer,AI music generation pipeline,music/README.md,n/a,AGPL-3.0-or-later (project author),Maintainer-attested AI-generated soundtrack or SFX; prompts documented in music/README.md where applicable.,approved - maintainer AI generation
music.garden.night.danish.kings.garden.1,music/garden/night/danish_kings_garden_1.mp3,project maintainer,AI music generation pipeline,music/README.md,n/a,AGPL-3.0-or-later (project author),Maintainer-attested AI-generated soundtrack or SFX; prompts documented in music/README.md where applicable.,approved - maintainer AI generation
music.garden.night.danish.kings.garden.2,music/garden/night/danish_kings_garden_2.mp3,project maintainer,AI music generation pipeline,music/README.md,n/a,AGPL-3.0-or-later (project author),Maintainer-attested AI-generated soundtrack or SFX; prompts documented in music/README.md where applicable.,approved - maintainer AI generation
music.garden.night.danish.kings.garden.3,music/garden/night/danish_kings_garden_3.mp3,project maintainer,AI music generation pipeline,music/README.md,n/a,AGPL-3.0-or-later (project author),Maintainer-attested AI-generated soundtrack or SFX; prompts documented in music/README.md where applicable.,approved - maintainer AI generation
music.harbor.battle.baltic.tempest.1,music/battle/Baltic Tempest (1).mp3,project maintainer,AI music generation pipeline,music/README.md,n/a,AGPL-3.0-or-later (project author),Maintainer-attested AI-generated soundtrack or SFX; prompts documented in music/README.md where applicable.,approved - maintainer AI generation
music.harbor.battle.baltic.tempest.2,music/battle/Baltic Tempest (2).mp3,project maintainer,AI music generation pipeline,music/README.md,n/a,AGPL-3.0-or-later (project author),Maintainer-attested AI-generated soundtrack or SFX; prompts documented in music/README.md where applicable.,approved - maintainer AI generation
music.harbor.battle.baltic.tempest,music/battle/Baltic Tempest.mp3,project maintainer,AI music generation pipeline,music/README.md,n/a,AGPL-3.0-or-later (project author),Maintainer-attested AI-generated soundtrack or SFX; prompts documented in music/README.md where applicable.,approved - maintainer AI generation
music.harbor.battle.clash.on.the.docks,music/battle/Clash on the Docks.mp3,project maintainer,AI music generation pipeline,music/README.md,n/a,AGPL-3.0-or-later (project author),Maintainer-attested AI-generated soundtrack or SFX; prompts documented in music/README.md where applicable.,approved - maintainer AI generation
music.harbor.harbor.mist.1,music/harbor/Harbor Mist (1).mp3,project maintainer,AI music generation pipeline,music/README.md,n/a,AGPL-3.0-or-later (project author),Maintainer-attested AI-generated soundtrack or SFX; prompts documented in music/README.md where applicable.,approved - maintainer AI generation
music.harbor.harbor.mist,music/harbor/Harbor Mist.mp3,project maintainer,AI music generation pipeline,music/README.md,n/a,AGPL-3.0-or-later (project author),Maintainer-attested AI-generated soundtrack or SFX; prompts documented in music/README.md where applicable.,approved - maintainer AI generation
music.harbor.olaf.s.jig,music/harbor/Olaf's Jig.mp3,project maintainer,AI music generation pipeline,music/README.md,n/a,AGPL-3.0-or-later (project author),Maintainer-attested AI-generated soundtrack or SFX; prompts documented in music/README.md where applicable.,approved - maintainer AI generation
music.harbor.song.of.the.sea.wolves.1,music/harbor/Song of the Sea Wolves (1).mp3,project maintainer,AI music generation pipeline,music/README.md,n/a,AGPL-3.0-or-later (project author),Maintainer-attested AI-generated soundtrack or SFX; prompts documented in music/README.md where applicable.,approved - maintainer AI generation
music.harbor.song.of.the.sea.wolves,music/harbor/Song of the Sea Wolves.mp3,project maintainer,AI music generation pipeline,music/README.md,n/a,AGPL-3.0-or-later (project author),Maintainer-attested AI-generated soundtrack or SFX; prompts documented in music/README.md where applicable.,approved - maintainer AI generation
music.harbor.the.fisherman.s.ballad.1,music/harbor/The Fisherman's Ballad (1).mp3,project maintainer,AI music generation pipeline,music/README.md,n/a,AGPL-3.0-or-later (project author),Maintainer-attested AI-generated soundtrack or SFX; prompts documented in music/README.md where applicable.,approved - maintainer AI generation
music.harbor.the.fisherman.s.ballad,music/harbor/The Fisherman's Ballad.mp3,project maintainer,AI music generation pipeline,music/README.md,n/a,AGPL-3.0-or-later (project author),Maintainer-attested AI-generated soundtrack or SFX; prompts documented in music/README.md where applicable.,approved - maintainer AI generation
music.harbor.the.lonely.watch.1,music/harbor/The Lonely Watch (1).mp3,project maintainer,AI music generation pipeline,music/README.md,n/a,AGPL-3.0-or-later (project author),Maintainer-attested AI-generated soundtrack or SFX; prompts documented in music/README.md where applicable.,approved - maintainer AI generation
music.harbor.the.lonely.watch.2,music/harbor/The Lonely Watch (2).mp3,project maintainer,AI music generation pipeline,music/README.md,n/a,AGPL-3.0-or-later (project author),Maintainer-attested AI-generated soundtrack or SFX; prompts documented in music/README.md where applicable.,approved - maintainer AI generation
music.harbor.the.lonely.watch,music/harbor/The Lonely Watch.mp3,project maintainer,AI music generation pipeline,music/README.md,n/a,AGPL-3.0-or-later (project author),Maintainer-attested AI-generated soundtrack or SFX; prompts documented in music/README.md where applicable.,approved - maintainer AI generation
music.harbor.the.merchant.s.voyage,music/harbor/The Merchant's Voyage.mp3,project maintainer,AI music generation pipeline,music/README.md,n/a,AGPL-3.0-or-later (project author),Maintainer-attested AI-generated soundtrack or SFX; prompts documented in music/README.md where applicable.,approved - maintainer AI generation
music.harbor.the.sailor.s.lament,music/harbor/The Sailor's Lament.mp3,project maintainer,AI music generation pipeline,music/README.md,n/a,AGPL-3.0-or-later (project author),Maintainer-attested AI-generated soundtrack or SFX; prompts documented in music/README.md where applicable.,approved - maintainer AI generation
music.harbor.the.sailor.s.lament2,music/harbor/The Sailor's Lament2.mp3,project maintainer,AI music generation pipeline,music/README.md,n/a,AGPL-3.0-or-later (project author),Maintainer-attested AI-generated soundtrack or SFX; prompts documented in music/README.md where applicable.,approved - maintainer AI generation
music.harbor.the.sunken.city,music/harbor/The Sunken City.mp3,project maintainer,AI music generation pipeline,music/README.md,n/a,AGPL-3.0-or-later (project author),Maintainer-attested AI-generated soundtrack or SFX; prompts documented in music/README.md where applicable.,approved - maintainer AI generation
music.menu.menu,music/menu/Menu.mp3,project maintainer,AI music generation pipeline,music/README.md,n/a,AGPL-3.0-or-later (project author),Maintainer-attested AI-generated soundtrack or SFX; prompts documented in music/README.md where applicable.,approved - maintainer AI generation
music.revel.center.a.moment.of.peace.1,music/revel_center/A Moment of Peace (1).mp3,project maintainer,AI music generation pipeline,music/README.md,n/a,AGPL-3.0-or-later (project author),Maintainer-attested AI-generated soundtrack or SFX; prompts documented in music/README.md where applicable.,approved - maintainer AI generation
music.revel.center.a.moment.of.peace.2,music/revel_center/A Moment of Peace (2).mp3,project maintainer,AI music generation pipeline,music/README.md,n/a,AGPL-3.0-or-later (project author),Maintainer-attested AI-generated soundtrack or SFX; prompts documented in music/README.md where applicable.,approved - maintainer AI generation
music.revel.center.a.moment.of.peace.3,music/revel_center/A Moment of Peace (3).mp3,project maintainer,AI music generation pipeline,music/README.md,n/a,AGPL-3.0-or-later (project author),Maintainer-attested AI-generated soundtrack or SFX; prompts documented in music/README.md where applicable.,approved - maintainer AI generation
music.revel.center.a.moment.of.peace,music/revel_center/A Moment of Peace.mp3,project maintainer,AI music generation pipeline,music/README.md,n/a,AGPL-3.0-or-later (project author),Maintainer-attested AI-generated soundtrack or SFX; prompts documented in music/README.md where applicable.,approved - maintainer AI generation
music.revel.center.apotheca.the.apothecary.s.secret.1,music/revel_center/apotheca/The Apothecary's Secret (1).mp3,project maintainer,AI music generation pipeline,music/README.md,n/a,AGPL-3.0-or-later (project author),Maintainer-attested AI-generated soundtrack or SFX; prompts documented in music/README.md where applicable.,approved - maintainer AI generation
music.revel.center.apotheca.the.apothecary.s.secret,music/revel_center/apotheca/The Apothecary's Secret.mp3,project maintainer,AI music generation pipeline,music/README.md,n/a,AGPL-3.0-or-later (project author),Maintainer-attested AI-generated soundtrack or SFX; prompts documented in music/README.md where applicable.,approved - maintainer AI generation
music.revel.center.battle.defense.of.the.town.hall,music/battle/Defense of the Town Hall.mp3,project maintainer,AI music generation pipeline,music/README.md,n/a,AGPL-3.0-or-later (project author),Maintainer-attested AI-generated soundtrack or SFX; prompts documented in music/README.md where applicable.,approved - maintainer AI generation
music.revel.center.battle.market.mayhem,music/battle/Market Mayhem.mp3,project maintainer,AI music generation pipeline,music/README.md,n/a,AGPL-3.0-or-later (project author),Maintainer-attested AI-generated soundtrack or SFX; prompts documented in music/README.md where applicable.,approved - maintainer AI generation
music.revel.center.battle.riot.in.the.square,music/battle/Riot in the Square.mp3,project maintainer,AI music generation pipeline,music/README.md,n/a,AGPL-3.0-or-later (project author),Maintainer-attested AI-generated soundtrack or SFX; prompts documented in music/README.md where applicable.,approved - maintainer AI generation
music.revel.center.battle.the.festival.of.st.john,music/battle/The Festival of St. John.mp3,project maintainer,AI music generation pipeline,music/README.md,n/a,AGPL-3.0-or-later (project author),Maintainer-attested AI-generated soundtrack or SFX; prompts documented in music/README.md where applicable.,approved - maintainer AI generation
music.revel.center.battle.the.guilds.at.war.1,music/battle/The Guilds at War (1).mp3,project maintainer,AI music generation pipeline,music/README.md,n/a,AGPL-3.0-or-later (project author),Maintainer-attested AI-generated soundtrack or SFX; prompts documented in music/README.md where applicable.,approved - maintainer AI generation
music.revel.center.battle.the.guilds.at.war,music/battle/The Guilds at War.mp3,project maintainer,AI music generation pipeline,music/README.md,n/a,AGPL-3.0-or-later (project author),Maintainer-attested AI-generated soundtrack or SFX; prompts documented in music/README.md where applicable.,approved - maintainer AI generation
music.revel.center.holy.spirit.church.hymn.of.the.holy.spirit.1,music/revel_center/holy spirit church/Hymn of the Holy Spirit (1).mp3,project maintainer,AI music generation pipeline,music/README.md,n/a,AGPL-3.0-or-later (project author),Maintainer-attested AI-generated soundtrack or SFX; prompts documented in music/README.md where applicable.,approved - maintainer AI generation
music.revel.center.holy.spirit.church.hymn.of.the.holy.spirit,music/revel_center/holy spirit church/Hymn of the Holy Spirit.mp3,project maintainer,AI music generation pipeline,music/README.md,n/a,AGPL-3.0-or-later (project author),Maintainer-attested AI-generated soundtrack or SFX; prompts documented in music/README.md where applicable.,approved - maintainer AI generation
music.revel.center.market.day,music/revel_center/Market Day.mp3,project maintainer,AI music generation pipeline,music/README.md,n/a,AGPL-3.0-or-later (project author),Maintainer-attested AI-generated soundtrack or SFX; prompts documented in music/README.md where applicable.,approved - maintainer AI generation
music.revel.center.market.day.2,music/revel_center/market_day_2.mp3,project maintainer,AI music generation pipeline,music/README.md,n/a,AGPL-3.0-or-later (project author),Maintainer-attested AI-generated soundtrack or SFX; prompts documented in music/README.md where applicable.,approved - maintainer AI generation
music.revel.center.market.day.3,music/revel_center/market_day_3.mp3,project maintainer,AI music generation pipeline,music/README.md,n/a,AGPL-3.0-or-later (project author),Maintainer-attested AI-generated soundtrack or SFX; prompts documented in music/README.md where applicable.,approved - maintainer AI generation
music.revel.center.market.day.4,music/revel_center/market_day_4.mp3,project maintainer,AI music generation pipeline,music/README.md,n/a,AGPL-3.0-or-later (project author),Maintainer-attested AI-generated soundtrack or SFX; prompts documented in music/README.md where applicable.,approved - maintainer AI generation
music.revel.center.market.day.5,music/revel_center/market_day_5.mp3,project maintainer,AI music generation pipeline,music/README.md,n/a,AGPL-3.0-or-later (project author),Maintainer-attested AI-generated soundtrack or SFX; prompts documented in music/README.md where applicable.,approved - maintainer AI generation
music.revel.center.raekoda.the.guildmaster.s.ball,music/revel_center/raekoda/The Guildmaster's Ball.mp3,project maintainer,AI music generation pipeline,music/README.md,n/a,AGPL-3.0-or-later (project author),Maintainer-attested AI-generated soundtrack or SFX; prompts documented in music/README.md where applicable.,approved - maintainer AI generation
music.revel.center.raekoda.the.town.hall.fanfare,music/revel_center/raekoda/The Town Hall Fanfare.mp3,project maintainer,AI music generation pipeline,music/README.md,n/a,AGPL-3.0-or-later (project author),Maintainer-attested AI-generated soundtrack or SFX; prompts documented in music/README.md where applicable.,approved - maintainer AI generation
music.revel.center.the.bard.s.tale.1,music/revel_center/The Bard's Tale (1).mp3,project maintainer,AI music generation pipeline,music/README.md,n/a,AGPL-3.0-or-later (project author),Maintainer-attested AI-generated soundtrack or SFX; prompts documented in music/README.md where applicable.,approved - maintainer AI generation
music.revel.center.the.bard.s.tale,music/revel_center/The Bard's Tale.mp3,project maintainer,AI music generation pipeline,music/README.md,n/a,AGPL-3.0-or-later (project author),Maintainer-attested AI-generated soundtrack or SFX; prompts documented in music/README.md where applicable.,approved - maintainer AI generation
music.revel.center.the.children.s.dance,music/revel_center/The Children's Dance.mp3,project maintainer,AI music generation pipeline,music/README.md,n/a,AGPL-3.0-or-later (project author),Maintainer-attested AI-generated soundtrack or SFX; prompts documented in music/README.md where applicable.,approved - maintainer AI generation
music.revel.center.the.merchant.s.tale,music/revel_center/The Merchant's Tale.mp3,project maintainer,AI music generation pipeline,music/README.md,n/a,AGPL-3.0-or-later (project author),Maintainer-attested AI-generated soundtrack or SFX; prompts documented in music/README.md where applicable.,approved - maintainer AI generation
music.revel.east.2,music/revel_east/2.mp3,project maintainer,AI music generation pipeline,music/README.md,n/a,AGPL-3.0-or-later (project author),Maintainer-attested AI-generated soundtrack or SFX; prompts documented in music/README.md where applicable.,approved - maintainer AI generation
music.revel.east.apothecary.1,music/revel_east/Apothecary (1).mp3,project maintainer,AI music generation pipeline,music/README.md,n/a,AGPL-3.0-or-later (project author),Maintainer-attested AI-generated soundtrack or SFX; prompts documented in music/README.md where applicable.,approved - maintainer AI generation
music.revel.east.apothecary.2,music/revel_east/Apothecary (2).mp3,project maintainer,AI music generation pipeline,music/README.md,n/a,AGPL-3.0-or-later (project author),Maintainer-attested AI-generated soundtrack or SFX; prompts documented in music/README.md where applicable.,approved - maintainer AI generation
music.revel.east.apothecary.3,music/revel_east/Apothecary (3).mp3,project maintainer,AI music generation pipeline,music/README.md,n/a,AGPL-3.0-or-later (project author),Maintainer-attested AI-generated soundtrack or SFX; prompts documented in music/README.md where applicable.,approved - maintainer AI generation
music.revel.east.apothecary.6,music/revel_east/Apothecary (6).mp3,project maintainer,AI music generation pipeline,music/README.md,n/a,AGPL-3.0-or-later (project author),Maintainer-attested AI-generated soundtrack or SFX; prompts documented in music/README.md where applicable.,approved - maintainer AI generation
music.revel.east.apothecary.7,music/revel_east/Apothecary (7).mp3,project maintainer,AI music generation pipeline,music/README.md,n/a,AGPL-3.0-or-later (project author),Maintainer-attested AI-generated soundtrack or SFX; prompts documented in music/README.md where applicable.,approved - maintainer AI generation
music.revel.east.apothecary.8,music/revel_east/Apothecary (8).mp3,project maintainer,AI music generation pipeline,music/README.md,n/a,AGPL-3.0-or-later (project author),Maintainer-attested AI-generated soundtrack or SFX; prompts documented in music/README.md where applicable.,approved - maintainer AI generation
music.revel.east.apothecary.9,music/revel_east/Apothecary (9).mp3,project maintainer,AI music generation pipeline,music/README.md,n/a,AGPL-3.0-or-later (project author),Maintainer-attested AI-generated soundtrack or SFX; prompts documented in music/README.md where applicable.,approved - maintainer AI generation
music.revel.east.apothecary,music/revel_east/Apothecary.mp3,project maintainer,AI music generation pipeline,music/README.md,n/a,AGPL-3.0-or-later (project author),Maintainer-attested AI-generated soundtrack or SFX; prompts documented in music/README.md where applicable.,approved - maintainer AI generation
music.revel.east.battle.1,music/battle/1.mp3,project maintainer,AI music generation pipeline,music/README.md,n/a,AGPL-3.0-or-later (project author),Maintainer-attested AI-generated soundtrack or SFX; prompts documented in music/README.md where applicable.,approved - maintainer AI generation
music.revel.east.battle.2,music/battle/2.mp3,project maintainer,AI music generation pipeline,music/README.md,n/a,AGPL-3.0-or-later (project author),Maintainer-attested AI-generated soundtrack or SFX; prompts documented in music/README.md where applicable.,approved - maintainer AI generation
music.revel.east.battle.4,music/battle/4.mp3,project maintainer,AI music generation pipeline,music/README.md,n/a,AGPL-3.0-or-later (project author),Maintainer-attested AI-generated soundtrack or SFX; prompts documented in music/README.md where applicable.,approved - maintainer AI generation
music.revel.east.battle.apothecary.4,music/battle/Apothecary (4).mp3,project maintainer,AI music generation pipeline,music/README.md,n/a,AGPL-3.0-or-later (project author),Maintainer-attested AI-generated soundtrack or SFX; prompts documented in music/README.md where applicable.,approved - maintainer AI generation
music.revel.east.battle.apothecary.5,music/battle/Apothecary (5).mp3,project maintainer,AI music generation pipeline,music/README.md,n/a,AGPL-3.0-or-later (project author),Maintainer-attested AI-generated soundtrack or SFX; prompts documented in music/README.md where applicable.,approved - maintainer AI generation
music.revel.east.battle.cobblestone.jig.1,music/battle/Cobblestone Jig (1).mp3,project maintainer,AI music generation pipeline,music/README.md,n/a,AGPL-3.0-or-later (project author),Maintainer-attested AI-generated soundtrack or SFX; prompts documented in music/README.md where applicable.,approved - maintainer AI generation
music.revel.east.battle.cobblestone.jig,music/battle/Cobblestone Jig.mp3,project maintainer,AI music generation pipeline,music/README.md,n/a,AGPL-3.0-or-later (project author),Maintainer-attested AI-generated soundtrack or SFX; prompts documented in music/README.md where applicable.,approved - maintainer AI generation
music.revel.east.battle.the.viru.gate.dance1,music/battle/The Viru Gate Dance1.mp3,project maintainer,AI music generation pipeline,music/README.md,n/a,AGPL-3.0-or-later (project author),Maintainer-attested AI-generated soundtrack or SFX; prompts documented in music/README.md where applicable.,approved - maintainer AI generation
music.revel.east.battle.the.viru.gate.dance2,music/battle/The Viru Gate Dance2.mp3,project maintainer,AI music generation pipeline,music/README.md,n/a,AGPL-3.0-or-later (project author),Maintainer-attested AI-generated soundtrack or SFX; prompts documented in music/README.md where applicable.,approved - maintainer AI generation
music.revel.east.battle.the.viru.gate.dance3,music/battle/The Viru Gate Dance3.mp3,project maintainer,AI music generation pipeline,music/README.md,n/a,AGPL-3.0-or-later (project author),Maintainer-attested AI-generated soundtrack or SFX; prompts documented in music/README.md where applicable.,approved - maintainer AI generation
music.revel.east.battle.viru.gate.skirmish.1,music/battle/Viru Gate Skirmish (1).mp3,project maintainer,AI music generation pipeline,music/README.md,n/a,AGPL-3.0-or-later (project author),Maintainer-attested AI-generated soundtrack or SFX; prompts documented in music/README.md where applicable.,approved - maintainer AI generation
music.revel.east.battle.viru.gate.skirmish,music/battle/Viru Gate Skirmish.mp3,project maintainer,AI music generation pipeline,music/README.md,n/a,AGPL-3.0-or-later (project author),Maintainer-attested AI-generated soundtrack or SFX; prompts documented in music/README.md where applicable.,approved - maintainer AI generation
music.revel.east.intro,music/revel_east/intro.mp3,project maintainer,AI music generation pipeline,music/README.md,n/a,AGPL-3.0-or-later (project author),Maintainer-attested AI-generated soundtrack or SFX; prompts documented in music/README.md where applicable.,approved - maintainer AI generation
music.revel.east.monastery.battle.catherine.s.prayer,music/battle/Catherine's Prayer.mp3,project maintainer,AI music generation pipeline,music/README.md,n/a,AGPL-3.0-or-later (project author),Maintainer-attested AI-generated soundtrack or SFX; prompts documented in music/README.md where applicable.,approved - maintainer AI generation
music.revel.east.monastery.battle.catherine.s.prayer2,music/battle/Catherine's Prayer2.mp3,project maintainer,AI music generation pipeline,music/README.md,n/a,AGPL-3.0-or-later (project author),Maintainer-attested AI-generated soundtrack or SFX; prompts documented in music/README.md where applicable.,approved - maintainer AI generation
music.revel.east.monastery.whispers.of.the.monastery.garden.1,music/revel_east/monastery/Whispers of the Monastery Garden (1).mp3,project maintainer,AI music generation pipeline,music/README.md,n/a,AGPL-3.0-or-later (project author),Maintainer-attested AI-generated soundtrack or SFX; prompts documented in music/README.md where applicable.,approved - maintainer AI generation
music.revel.east.monastery.whispers.of.the.monastery.garden.2,music/revel_east/monastery/Whispers of the Monastery Garden (2).mp3,project maintainer,AI music generation pipeline,music/README.md,n/a,AGPL-3.0-or-later (project author),Maintainer-attested AI-generated soundtrack or SFX; prompts documented in music/README.md where applicable.,approved - maintainer AI generation
music.revel.east.monastery.whispers.of.the.monastery.garden.3,music/revel_east/monastery/Whispers of the Monastery Garden (3).mp3,project maintainer,AI music generation pipeline,music/README.md,n/a,AGPL-3.0-or-later (project author),Maintainer-attested AI-generated soundtrack or SFX; prompts documented in music/README.md where applicable.,approved - maintainer AI generation
music.revel.east.monastery.whispers.of.the.monastery.garden,music/revel_east/monastery/Whispers of the Monastery Garden.mp3,project maintainer,AI music generation pipeline,music/README.md,n/a,AGPL-3.0-or-later (project author),Maintainer-attested AI-generated soundtrack or SFX; prompts documented in music/README.md where applicable.,approved - maintainer AI generation
music.revel.east.streets,music/revel_east/streets.mp3,project maintainer,AI music generation pipeline,music/README.md,n/a,AGPL-3.0-or-later (project author),Maintainer-attested AI-generated soundtrack or SFX; prompts documented in music/README.md where applicable.,approved - maintainer AI generation
music.revel.east.streets2,music/revel_east/streets2.mp3,project maintainer,AI music generation pipeline,music/README.md,n/a,AGPL-3.0-or-later (project author),Maintainer-attested AI-generated soundtrack or SFX; prompts documented in music/README.md where applicable.,approved - maintainer AI generation
music.revel.east.tavern.tavern.s.delight.1,music/revel_east/tavern/Tavern's Delight (1).mp3,project maintainer,AI music generation pipeline,music/README.md,n/a,AGPL-3.0-or-later (project author),Maintainer-attested AI-generated soundtrack or SFX; prompts documented in music/README.md where applicable.,approved - maintainer AI generation
music.revel.east.tavern.tavern.s.delight.2,music/revel_east/tavern/Tavern's Delight (2).mp3,project maintainer,AI music generation pipeline,music/README.md,n/a,AGPL-3.0-or-later (project author),Maintainer-attested AI-generated soundtrack or SFX; prompts documented in music/README.md where applicable.,approved - maintainer AI generation
music.revel.east.tavern.tavern.s.delight,music/revel_east/tavern/Tavern's Delight.mp3,project maintainer,AI music generation pipeline,music/README.md,n/a,AGPL-3.0-or-later (project author),Maintainer-attested AI-generated soundtrack or SFX; prompts documented in music/README.md where applicable.,approved - maintainer AI generation
music.revel.east.the.shaman.s.trance.1,music/revel_east/The Shaman's Trance (1).mp3,project maintainer,AI music generation pipeline,music/README.md,n/a,AGPL-3.0-or-later (project author),Maintainer-attested AI-generated soundtrack or SFX; prompts documented in music/README.md where applicable.,approved - maintainer AI generation
music.revel.east.the.shaman.s.trance,music/revel_east/The Shaman's Trance.mp3,project maintainer,AI music generation pipeline,music/README.md,n/a,AGPL-3.0-or-later (project author),Maintainer-attested AI-generated soundtrack or SFX; prompts documented in music/README.md where applicable.,approved - maintainer AI generation
music.revel.north.a.journey.through.the.north.1,music/revel_north/A Journey Through the North (1).mp3,project maintainer,AI music generation pipeline,music/README.md,n/a,AGPL-3.0-or-later (project author),Maintainer-attested AI-generated soundtrack or SFX; prompts documented in music/README.md where applicable.,approved - maintainer AI generation
music.revel.north.a.journey.through.the.north,music/revel_north/A Journey Through the North.mp3,project maintainer,AI music generation pipeline,music/README.md,n/a,AGPL-3.0-or-later (project author),Maintainer-attested AI-generated soundtrack or SFX; prompts documented in music/README.md where applicable.,approved - maintainer AI generation
music.revel.north.a.worker.s.toil.1,music/revel_north/A Worker's Toil (1).mp3,project maintainer,AI music generation pipeline,music/README.md,n/a,AGPL-3.0-or-later (project author),Maintainer-attested AI-generated soundtrack or SFX; prompts documented in music/README.md where applicable.,approved - maintainer AI generation
music.revel.north.a.worker.s.toil,music/revel_north/A Worker's Toil.mp3,project maintainer,AI music generation pipeline,music/README.md,n/a,AGPL-3.0-or-later (project author),Maintainer-attested AI-generated soundtrack or SFX; prompts documented in music/README.md where applicable.,approved - maintainer AI generation
music.revel.north.battle.ambush.on.pikk.street.1,music/battle/Ambush on Pikk Street (1).mp3,project maintainer,AI music generation pipeline,music/README.md,n/a,AGPL-3.0-or-later (project author),Maintainer-attested AI-generated soundtrack or SFX; prompts documented in music/README.md where applicable.,approved - maintainer AI generation
music.revel.north.battle.ambush.on.pikk.street,music/battle/Ambush on Pikk Street.mp3,project maintainer,AI music generation pipeline,music/README.md,n/a,AGPL-3.0-or-later (project author),Maintainer-attested AI-generated soundtrack or SFX; prompts documented in music/README.md where applicable.,approved - maintainer AI generation
music.revel.north.battle.battle.for.oleviste,music/battle/Battle for Oleviste.mp3,project maintainer,AI music generation pipeline,music/README.md,n/a,AGPL-3.0-or-later (project author),Maintainer-attested AI-generated soundtrack or SFX; prompts documented in music/README.md where applicable.,approved - maintainer AI generation
music.revel.north.battle.blackheads.charge.1,music/battle/Blackheads' Charge (1).mp3,project maintainer,AI music generation pipeline,music/README.md,n/a,AGPL-3.0-or-later (project author),Maintainer-attested AI-generated soundtrack or SFX; prompts documented in music/README.md where applicable.,approved - maintainer AI generation
music.revel.north.battle.blackheads.charge,music/battle/Blackheads' Charge.mp3,project maintainer,AI music generation pipeline,music/README.md,n/a,AGPL-3.0-or-later (project author),Maintainer-attested AI-generated soundtrack or SFX; prompts documented in music/README.md where applicable.,approved - maintainer AI generation
music.revel.north.battle.sacking.the.nunnery.1,music/battle/Sacking the Nunnery (1).mp3,project maintainer,AI music generation pipeline,music/README.md,n/a,AGPL-3.0-or-later (project author),Maintainer-attested AI-generated soundtrack or SFX; prompts documented in music/README.md where applicable.,approved - maintainer AI generation
music.revel.north.battle.sacking.the.nunnery,music/battle/Sacking the Nunnery.mp3,project maintainer,AI music generation pipeline,music/README.md,n/a,AGPL-3.0-or-later (project author),Maintainer-attested AI-generated soundtrack or SFX; prompts documented in music/README.md where applicable.,approved - maintainer AI generation
music.revel.north.battle.the.blackheads.oath,music/battle/The Blackheads' Oath.mp3,project maintainer,AI music generation pipeline,music/README.md,n/a,AGPL-3.0-or-later (project author),Maintainer-attested AI-generated soundtrack or SFX; prompts documented in music/README.md where applicable.,approved - maintainer AI generation
music.revel.north.battle.the.guild.war,music/battle/The Guild War.mp3,project maintainer,AI music generation pipeline,music/README.md,n/a,AGPL-3.0-or-later (project author),Maintainer-attested AI-generated soundtrack or SFX; prompts documented in music/README.md where applicable.,approved - maintainer AI generation
music.revel.north.oleviste.oleviste.s.bells.1,music/revel_north/oleviste/Oleviste's Bells (1).mp3,project maintainer,AI music generation pipeline,music/README.md,n/a,AGPL-3.0-or-later (project author),Maintainer-attested AI-generated soundtrack or SFX; prompts documented in music/README.md where applicable.,approved - maintainer AI generation
music.revel.north.oleviste.oleviste.s.bells,music/revel_north/oleviste/Oleviste's Bells.mp3,project maintainer,AI music generation pipeline,music/README.md,n/a,AGPL-3.0-or-later (project author),Maintainer-attested AI-generated soundtrack or SFX; prompts documented in music/README.md where applicable.,approved - maintainer AI generation
music.revel.north.the.craftsman.s.pride,music/revel_north/The Craftsman's Pride.mp3,project maintainer,AI music generation pipeline,music/README.md,n/a,AGPL-3.0-or-later (project author),Maintainer-attested AI-generated soundtrack or SFX; prompts documented in music/README.md where applicable.,approved - maintainer AI generation
music.revel.north.the.merchant.s.path.1,music/revel_north/The Merchant's Path (1).mp3,project maintainer,AI music generation pipeline,music/README.md,n/a,AGPL-3.0-or-later (project author),Maintainer-attested AI-generated soundtrack or SFX; prompts documented in music/README.md where applicable.,approved - maintainer AI generation
music.revel.north.the.merchant.s.path,music/revel_north/The Merchant's Path.mp3,project maintainer,AI music generation pipeline,music/README.md,n/a,AGPL-3.0-or-later (project author),Maintainer-attested AI-generated soundtrack or SFX; prompts documented in music/README.md where applicable.,approved - maintainer AI generation
music.revel.north.the.nunnery.s.peace.1,music/revel_north/The Nunnery's Peace (1).mp3,project maintainer,AI music generation pipeline,music/README.md,n/a,AGPL-3.0-or-later (project author),Maintainer-attested AI-generated soundtrack or SFX; prompts documented in music/README.md where applicable.,approved - maintainer AI generation
music.revel.north.the.nunnery.s.peace,music/revel_north/The Nunnery's Peace.mp3,project maintainer,AI music generation pipeline,music/README.md,n/a,AGPL-3.0-or-later (project author),Maintainer-attested AI-generated soundtrack or SFX; prompts documented in music/README.md where applicable.,approved - maintainer AI generation
music.revel.south.echoes.of.old.town,music/revel_south/Echoes of Old Town.mp3,project maintainer,AI music generation pipeline,music/README.md,n/a,AGPL-3.0-or-later (project author),Maintainer-attested AI-generated soundtrack or SFX; prompts documented in music/README.md where applicable.,approved - maintainer AI generation
music.revel.south.the.alchemist.s.secret,music/revel_south/The Alchemist's Secret.mp3,project maintainer,AI music generation pipeline,music/README.md,n/a,AGPL-3.0-or-later (project author),Maintainer-attested AI-generated soundtrack or SFX; prompts documented in music/README.md where applicable.,approved - maintainer AI generation
music.revel.south.the.city.walls.at.dusk,music/revel_south/The City Walls at Dusk.mp3,project maintainer,AI music generation pipeline,music/README.md,n/a,AGPL-3.0-or-later (project author),Maintainer-attested AI-generated soundtrack or SFX; prompts documented in music/README.md where applicable.,approved - maintainer AI generation
music.revel.south.the.herbalist.s.garden.1,music/revel_south/The Herbalist's Garden (1).mp3,project maintainer,AI music generation pipeline,music/README.md,n/a,AGPL-3.0-or-later (project author),Maintainer-attested AI-generated soundtrack or SFX; prompts documented in music/README.md where applicable.,approved - maintainer AI generation
music.revel.south.the.herbalist.s.garden,music/revel_south/The Herbalist's Garden.mp3,project maintainer,AI music generation pipeline,music/README.md,n/a,AGPL-3.0-or-later (project author),Maintainer-attested AI-generated soundtrack or SFX; prompts documented in music/README.md where applicable.,approved - maintainer AI generation
music.revel.south.under.the.linden.tree.1,music/revel_south/Under the Linden Tree (1).mp3,project maintainer,AI music generation pipeline,music/README.md,n/a,AGPL-3.0-or-later (project author),Maintainer-attested AI-generated soundtrack or SFX; prompts documented in music/README.md where applicable.,approved - maintainer AI generation
music.revel.south.under.the.linden.tree,music/revel_south/Under the Linden Tree.mp3,project maintainer,AI music generation pipeline,music/README.md,n/a,AGPL-3.0-or-later (project author),Maintainer-attested AI-generated soundtrack or SFX; prompts documented in music/README.md where applicable.,approved - maintainer AI generation
sounds.door,sounds/door.mp3,project maintainer,AI music generation pipeline,music/README.md,n/a,AGPL-3.0-or-later (project author),Maintainer-attested AI-generated soundtrack or SFX; prompts documented in music/README.md where applicable.,approved - maintainer AI generation
sounds.weather.rain_roof,sounds/weather/rain_roof.mp3,project maintainer,in-house ffmpeg synthesis (tools/audio/generate_rain_roof_clips.py),tools/audio/generate_rain_roof_clips.py,n/a,AGPL-3.0-or-later (project author),P0-124 muffled roof-drum loop for enclosed interiors; 48 s pink-noise synthesis with low-pass and tremolo modulation; lavfi seed 124073.,approved - P0-124 in-house ambient synthesis
sounds.walk.wood,sounds/walk_wood.mp3,project maintainer,AI music generation pipeline,music/README.md,n/a,AGPL-3.0-or-later (project author),Maintainer-attested AI-generated soundtrack or SFX; prompts documented in music/README.md where applicable.,approved - maintainer AI generation
sounds.walking.on.mud.stable.audio.3,sounds/walking_on_mud_stable_audio_3.mp3,project maintainer via ComfyUI,Stable Audio 3 Medium Base; ComfyUI 0.28.2 audio_stable_audio_3_medium_base workflow (reprompt disabled),"Field recording of one adult wearing heavy leather boots walking at a steady pace through deep wet sticky mud. Distinct alternating footsteps, each step has a soft heel impact, thick squelch, suction pull, wet sludge displacement, and small natural splashes. Close microphone, realistic weight, damp outdoor ground, consistent walking rhythm, clean isolated Foley sound effect, no ambience. Negative: music, melody, rhythm section, percussion instruments, drums, vocals, speech, cinematic score, wind, birds, traffic, rain, crowd, indoor reverb, exaggerated cartoon sound, running.",23072026,AGPL-3.0-or-later (project author),"No post-processing; ComfyUI MP3 export at 320 kbps, 44.1 kHz stereo, 7.99 s; 50 steps, CFG 7, LCM sampler, simple scheduler; SHA-256 84367bb4e67846c4a150e746e66ded5df64943db2c1944aba3b410dca9e2b944.",approved - project-requested Stable Audio 3 generated SFX
font.noto.sans.regular,assets/fonts/NotoSans-Regular.ttf,Noto Fonts project,upstream revision 8f9bf04503f257b1f19bb472e9b8a06cae1caa60,https://github.com/notofonts/noto-fonts/blob/8f9bf04503f257b1f19bb472e9b8a06cae1caa60/hinted/ttf/NotoSans/NotoSans-Regular.ttf,not applicable,SIL Open Font License 1.1; see assets/fonts/NotoSans-OFL-1.1.txt,Bundled for UI/dialogue glyph coverage per docs/FONTS.md; SHA-256 9cb49a54e520423033f9727be2e53e4805a60656deb09c219740d8e5f3e033ac,approved for baseline UI/dialogue font by P0-014
assets.characters.shared.kaykit_barbarian,assets/characters/shared/kaykit_barbarian.glb,Kay Lousberg,KayKit Character Pack Adventures commit 672074b73ba276876a19e8816ecdc5241817ab47,https://github.com/KayKit-Game-Assets/KayKit-Character-Pack-Adventures-1.0/tree/672074b73ba276876a19e8816ecdc5241817ab47,not applicable,CC0-1.0; see assets/characters/shared/KAYKIT_CC0_LICENSE.txt,P0-037 proof source; model wrapper normalizes height and hides vendor equipment without modifying the GLB,prototype approved for P0-037 pipeline proof only; final character art pending P0-040/P2-004
assets.characters.shared.kaykit_barbarian_texture,assets/characters/shared/kaykit_barbarian_barbarian_texture.png,Kay Lousberg,KayKit Character Pack Adventures commit 672074b73ba276876a19e8816ecdc5241817ab47,embedded in assets/characters/shared/kaykit_barbarian.glb,not applicable,CC0-1.0; see assets/characters/shared/KAYKIT_CC0_LICENSE.txt,Extracted losslessly from the GLB by Godot 4.7.1 during import,approved - prototype approved for P0-037 pipeline proof only; final character art pending P0-040/P2-004
assets.characters.shared.heroic_humanoid,assets/characters/shared/heroic_humanoid.glb,project maintainer,tools/build_heroic_humanoid_glb.py + tools/generate_hero_body.py (Blender 5.2 headless),generated in-repo; animation clips retargeted from KayKit Barbarian commit 672074b73ba276876a19e8816ecdc5241817ab47,not applicable,original work; CC0-1.0 animation data see assets/characters/shared/KAYKIT_CC0_LICENSE.txt,Body meshes modeled procedurally in-repo around a retargeted adult skeleton; brown tunic and layered sleeves aligned with legacy Kalev pixel sprite (character/inspiration/user__idle.gif); skeleton layout and clips derive from the CC0 KayKit rig,approved - maintainer-directed P0-199 modular human model improvement
assets.characters.shared.hero_cape,assets/characters/shared/hero_cape.glb,project maintainer,tools/generate_hero_body.py (Blender 5.2 headless),generated in-repo; skinned to the shared hero skeleton,not applicable,original work,Skinned garment generated procedurally; no third-party content,generated garment for the shared rig equipment system
assets.characters.shared.hero_hat,assets/characters/shared/hero_hat.glb,project maintainer,tools/generate_hero_body.py (Blender 5.2 headless),generated in-repo; skinned to the shared hero skeleton,not applicable,original work,Fitted wool cap generated in-repo; supported lower edge fits the hero head profile; scalp-hair coverage supplied by hero_hat_wearable.tres.,approved - maintainer-directed P0-199 modular human model improvement
assets.characters.shared.innkeeper,assets/characters/shared/innkeeper.glb,project maintainer,tools/build_heroic_humanoid_glb.py + tools/generate_hero_body.py (Blender 5.2 headless),generated in-repo from the innkeeper spec in tools/character_specs.py; animation clips retargeted from KayKit Barbarian commit 672074b73ba276876a19e8816ecdc5241817ab47,not applicable,original work; CC0-1.0 animation data see assets/characters/shared/KAYKIT_CC0_LICENSE.txt,Body meshes modeled procedurally in-repo around a retargeted stocky skeleton; worked example for docs/CHARACTER_GENERATION.md,approved - maintainer-directed P0-199 modular human model improvement
assets.characters.shared.henning,assets/characters/shared/henning.glb,project maintainer,tools/build_heroic_humanoid_glb.py + tools/generate_hero_body.py (Blender 5.2 headless),generated in-repo from the henning spec in tools/character_specs.py; animation clips retargeted from KayKit Barbarian commit 672074b73ba276876a19e8816ecdc5241817ab47,not applicable,original work; CC0-1.0 animation data see assets/characters/shared/KAYKIT_CC0_LICENSE.txt,Body meshes modeled procedurally in-repo around a retargeted tall broad-shouldered skeleton; palette and silhouette follow Captain Henning's active character brief,approved - maintainer-directed P0-199 modular human model improvement
assets.characters.shared.watchman,assets/characters/shared/watchman.glb,project maintainer,tools/build_heroic_humanoid_glb.py + tools/generate_hero_body.py (Blender 5.2 headless),generated in-repo from the watchman spec in tools/character_specs.py; animation clips retargeted from KayKit Barbarian commit 672074b73ba276876a19e8816ecdc5241817ab47,not applicable,original work; CC0-1.0 animation data see assets/characters/shared/KAYKIT_CC0_LICENSE.txt,Body meshes modeled procedurally in-repo around a slimmer patrol-guard skeleton; spear-equipped rank-and-file watch variant for P2-005,approved - maintainer-directed P0-199 modular human model improvement
assets.characters.shared.sergeant,assets/characters/shared/sergeant.glb,project maintainer,tools/build_heroic_humanoid_glb.py + tools/generate_hero_body.py (Blender 5.2 headless),generated in-repo from the sergeant spec in tools/character_specs.py; animation clips retargeted from KayKit Barbarian commit 672074b73ba276876a19e8816ecdc5241817ab47,not applicable,original work; CC0-1.0 animation data see assets/characters/shared/KAYKIT_CC0_LICENSE.txt,Body meshes modeled procedurally in-repo around a pauldroned NCO skeleton with helmet garment export; subordinate to Captain Henning for P2-005,approved - maintainer-directed P0-199 modular human model improvement
assets.materials.style_lock.stone,assets/materials/style_lock/stone.png,project maintainer,style-lock-v1.0-reference-procedural,docs/MATERIAL_STYLE_LOCK_KIT.md#stone; shared block + limestone ashlar prompt,51001,AGPL-3.0-or-later (project author),512x512 sRGB seamless reference; palette #919189; toroidal edge weld per kit R1,approved - prototype approved for P0-051 style-lock reference set; regenerate via kit AI prompts for P0-053 production
assets.materials.style_lock.plaster,assets/materials/style_lock/plaster.png,project maintainer,style-lock-v1.0-reference-procedural,docs/MATERIAL_STYLE_LOCK_KIT.md#plaster; shared block + lime plaster infill prompt,51002,AGPL-3.0-or-later (project author),512x512 sRGB seamless reference; palette #CDB892; toroidal edge weld per kit R1,approved - prototype approved for P0-051 style-lock reference set; regenerate via kit AI prompts for P0-053 production
assets.materials.style_lock.timber,assets/materials/style_lock/timber.png,project maintainer,style-lock-v1.0-reference-procedural,docs/MATERIAL_STYLE_LOCK_KIT.md#timber; shared block + structural oak timber prompt,51003,AGPL-3.0-or-later (project author),512x512 sRGB seamless reference; palette #53372A; toroidal edge weld per kit R1,approved - prototype approved for P0-051 style-lock reference set; regenerate via kit AI prompts for P0-053 production
assets.materials.style_lock.roof_tile,assets/materials/style_lock/roof_tile.png,project maintainer,style-lock-v1.0-reference-procedural,docs/MATERIAL_STYLE_LOCK_KIT.md#roof_tile; shared block + clay roof tile prompt,51004,AGPL-3.0-or-later (project author),512x512 sRGB seamless reference; palette #6F3B31; toroidal edge weld per kit R1,approved - prototype approved for P0-051 style-lock reference set; regenerate via kit AI prompts for P0-053 production
assets.materials.style_lock.mud,assets/materials/style_lock/mud.png,project maintainer,style-lock-v1.0-reference-procedural,docs/MATERIAL_STYLE_LOCK_KIT.md#mud; shared block + packed courtyard earth prompt,51005,AGPL-3.0-or-later (project author),512x512 sRGB seamless reference; palette #7C5841; toroidal edge weld per kit R1,approved - prototype approved for P0-051 style-lock reference set; regenerate via kit AI prompts for P0-053 production
assets.materials.style_lock.cobble,assets/materials/style_lock/cobble.png,project maintainer,style-lock-v1.0-reference-procedural,docs/MATERIAL_STYLE_LOCK_KIT.md#cobble; shared block + granite cobblestone prompt,51006,AGPL-3.0-or-later (project author),512x512 sRGB seamless reference; palette #7E7D79; toroidal edge weld per kit R1,approved - prototype approved for P0-051 style-lock reference set; regenerate via kit AI prompts for P0-053 production
assets.materials.style_lock.hay,assets/materials/style_lock/hay.png,project maintainer,style-lock-v1.0-reference-procedural,docs/MATERIAL_STYLE_LOCK_KIT.md#hay; shared block + dry straw hay prompt,51007,AGPL-3.0-or-later (project author),512x512 sRGB seamless reference; palette #CDA444; toroidal edge weld per kit R1,approved - prototype approved for P0-051 style-lock reference set; regenerate via kit AI prompts for P0-053 production
assets.materials.style_lock.water,assets/materials/style_lock/water.png,project maintainer,style-lock-v1.0-reference-procedural,docs/MATERIAL_STYLE_LOCK_KIT.md#water; shared block + still courtyard water prompt,51008,AGPL-3.0-or-later (project author),512x512 sRGB seamless reference; palette #3A748F with #65B1C4 highlights; toroidal edge weld per kit R1,approved - prototype approved for P0-051 style-lock reference set; regenerate via kit AI prompts for P0-053 production
assets.characters.shared.townswoman,assets/characters/shared/townswoman.glb,project maintainer,tools/build_heroic_humanoid_glb.py + tools/generate_hero_body.py (Blender 5.2 headless),generated in-repo from the townswoman spec in tools/character_specs.py; animation clips retargeted from KayKit Barbarian commit 672074b73ba276876a19e8816ecdc5241817ab47,not applicable,original work; CC0-1.0 animation data see assets/characters/shared/KAYKIT_CC0_LICENSE.txt,Body meshes modeled procedurally in-repo around a retargeted slighter narrow-shouldered skeleton; base female-frame body for tint variants of the town cast,approved - maintainer-directed P0-199 modular human model improvement
assets.ui.estonia_world_map,assets/UI/estonia_world_map.png,project maintainer via OpenAI API,GPT-4o (embedded C2PA softwareAgent),Embedded C2PA trainedAlgorithmicMedia claim; original generation prompt was not retained,not applicable - OpenAI API seed was not exposed,AGPL-3.0-or-later (project author),Originally tracked as map.png; renamed into assets/UI for runtime import; embedded C2PA identifies ChatGPT/OpenAI API creation and conversion; developer global-map basemap only,approved - maintainer AI generation for release-false developer global map; final style pending P0-040
assets.sky.lunar.albedo.nearside,assets/sky/lunar_albedo_nearside.png,NASA / Lunar Reconnaissance Orbiter Camera (LROC) NAC mosaic,SVS 5001 (2018 NAC mosaic; runtime crop 2026-07-22),https://svs.gsfc.nasa.gov/5001 ; https://science.nasa.gov/resource/moon-mosaic/ ; SHA-256 a045779b50d2b9eda3d1432964f35a7152792bf05b2bbd08abb8f6c5b7132e87,not applicable,Public domain (US Government work / NASA imagery),Cropped near-side disk resized to 1024x1024 RGB; dark fringe replaced; exterior filled with radial limb extrusion so bilinear filtering never blends black into the sky disk.,approved - NASA public-domain lunar mosaic used as celestial albedo under maintainer request 2026-07-22
sounds.birds.herring_gull.herring_gull_xc436943,sounds/birds/herring_gull/herring_gull_XC436943.mp3,Joost van Bruggen,xeno-canto / Wikimedia field recording,https://xeno-canto.org/436943,n/a,CC BY-SA 4.0 (or source version),Downloaded from curated P0-122 manifest; unmodified source take.,approved - P0-122 commercial-friendly field recording
sounds.birds.herring_gull.call,sounds/birds/herring_gull/call.mp3,Joost van Bruggen,xeno-canto / Wikimedia field recording,https://xeno-canto.org/436943,n/a,CC BY-SA 4.0 (or source version),"P0-123 trim to 15-90 s when needed, 80 Hz high-pass, loudnorm to -16 LUFS; exported to engine MP3.",approved - P0-122 commercial-friendly field recording
sounds.birds.common_gull.common_gull_xc898207,sounds/birds/common_gull/common_gull_XC898207.mp3,Jochem verweij,xeno-canto / Wikimedia field recording,https://xeno-canto.org/898207,n/a,CC BY-SA 4.0 (or source version),Downloaded from curated P0-122 manifest; unmodified source take.,approved - P0-122 commercial-friendly field recording
sounds.birds.common_gull.call,sounds/birds/common_gull/call.mp3,Jochem verweij,xeno-canto / Wikimedia field recording,https://xeno-canto.org/898207,n/a,CC BY-SA 4.0 (or source version),"P0-123 trim to 15-90 s when needed, 80 Hz high-pass, loudnorm to -16 LUFS; exported to engine MP3.",approved - P0-122 commercial-friendly field recording
sounds.birds.common_tern.common_tern_xc898659,sounds/birds/common_tern/common_tern_XC898659.mp3,Jochem verweij,xeno-canto / Wikimedia field recording,https://xeno-canto.org/898659,n/a,CC BY-SA 4.0 (or source version),Downloaded from curated P0-122 manifest; unmodified source take.,approved - P0-122 commercial-friendly field recording
sounds.birds.common_tern.call,sounds/birds/common_tern/call.mp3,Jochem verweij,xeno-canto / Wikimedia field recording,https://xeno-canto.org/898659,n/a,CC BY-SA 4.0 (or source version),"P0-123 trim to 15-90 s when needed, 80 Hz high-pass, loudnorm to -16 LUFS; exported to engine MP3.",approved - P0-122 commercial-friendly field recording
sounds.birds.mute_swan.mute_swan_xc434964,sounds/birds/mute_swan/mute_swan_XC434964.mp3,Joost van Bruggen,xeno-canto / Wikimedia field recording,https://xeno-canto.org/434964,n/a,CC BY-SA 4.0 (or source version),Downloaded from curated P0-122 manifest; unmodified source take.,approved - P0-122 commercial-friendly field recording
sounds.birds.mute_swan.call,sounds/birds/mute_swan/call.mp3,Joost van Bruggen,xeno-canto / Wikimedia field recording,https://xeno-canto.org/434964,n/a,CC BY-SA 4.0 (or source version),"P0-123 trim to 15-90 s when needed, 80 Hz high-pass, loudnorm to -16 LUFS; exported to engine MP3.",approved - P0-122 commercial-friendly field recording
sounds.birds.mallard.mallard_xc112828,sounds/birds/mallard/mallard_XC112828.mp3,Jonathon Jongsma,xeno-canto / Wikimedia field recording,https://xeno-canto.org/112828,n/a,CC BY-SA 4.0 (or source version),Downloaded from curated P0-122 manifest; unmodified source take.,approved - P0-122 commercial-friendly field recording
sounds.birds.mallard.call,sounds/birds/mallard/call.mp3,Jonathon Jongsma,xeno-canto / Wikimedia field recording,https://xeno-canto.org/112828,n/a,CC BY-SA 4.0 (or source version),"P0-123 trim to 15-90 s when needed, 80 Hz high-pass, loudnorm to -16 LUFS; exported to engine MP3.",approved - P0-122 commercial-friendly field recording
sounds.birds.greylag_goose.greylag_goose_xc436358,sounds/birds/greylag_goose/greylag_goose_XC436358.mp3,Joost van Bruggen,xeno-canto / Wikimedia field recording,https://xeno-canto.org/436358,n/a,CC BY-SA 4.0 (or source version),Downloaded from curated P0-122 manifest; unmodified source take.,approved - P0-122 commercial-friendly field recording
sounds.birds.greylag_goose.call,sounds/birds/greylag_goose/call.mp3,Joost van Bruggen,xeno-canto / Wikimedia field recording,https://xeno-canto.org/436358,n/a,CC BY-SA 4.0 (or source version),"P0-123 trim to 15-90 s when needed, 80 Hz high-pass, loudnorm to -16 LUFS; exported to engine MP3.",approved - P0-122 commercial-friendly field recording
sounds.birds.great_cormorant.great_cormorant_in367008,sounds/birds/great_cormorant/great_cormorant_IN367008.wav,jeremybarker,iNaturalist field recording,https://www.inaturalist.org/observations/108097119,n/a,CC0 1.0,Downloaded from curated P0-122 manifest; unmodified source take.,approved - P0-122 commercial-friendly field recording
sounds.birds.great_cormorant.call,sounds/birds/great_cormorant/call.mp3,jeremybarker,iNaturalist field recording,https://www.inaturalist.org/observations/108097119,n/a,CC0 1.0,"P0-123 trim to 15-90 s when needed, 80 Hz high-pass, loudnorm to -16 LUFS; exported to engine MP3.",approved - P0-122 commercial-friendly field recording
sounds.birds.grey_heron.grey_heron_xc610467,sounds/birds/grey_heron/grey_heron_XC610467.mp3,Jens Loose,xeno-canto / Wikimedia field recording,https://xeno-canto.org/610467,n/a,CC BY-SA 4.0 (or source version),Downloaded from curated P0-122 manifest; unmodified source take.,approved - P0-122 commercial-friendly field recording
sounds.birds.grey_heron.call,sounds/birds/grey_heron/call.mp3,Jens Loose,xeno-canto / Wikimedia field recording,https://xeno-canto.org/610467,n/a,CC BY-SA 4.0 (or source version),"P0-123 trim to 15-90 s when needed, 80 Hz high-pass, loudnorm to -16 LUFS; exported to engine MP3.",approved - P0-122 commercial-friendly field recording
sounds.birds.northern_lapwing.northern_lapwing_xc902884,sounds/birds/northern_lapwing/northern_lapwing_XC902884.mp3,Jochem verweij,xeno-canto / Wikimedia field recording,https://xeno-canto.org/902884,n/a,CC BY-SA 4.0 (or source version),Downloaded from curated P0-122 manifest; unmodified source take.,approved - P0-122 commercial-friendly field recording
sounds.birds.northern_lapwing.call,sounds/birds/northern_lapwing/call.mp3,Jochem verweij,xeno-canto / Wikimedia field recording,https://xeno-canto.org/902884,n/a,CC BY-SA 4.0 (or source version),"P0-123 trim to 15-90 s when needed, 80 Hz high-pass, loudnorm to -16 LUFS; exported to engine MP3.",approved - P0-122 commercial-friendly field recording
sounds.birds.common_snipe.common_snipe_xc898040,sounds/birds/common_snipe/common_snipe_XC898040.mp3,Jochem verweij,xeno-canto / Wikimedia field recording,https://xeno-canto.org/898040,n/a,CC BY-SA 4.0 (or source version),Downloaded from curated P0-122 manifest; unmodified source take.,approved - P0-122 commercial-friendly field recording
sounds.birds.common_snipe.call,sounds/birds/common_snipe/call.mp3,Jochem verweij,xeno-canto / Wikimedia field recording,https://xeno-canto.org/898040,n/a,CC BY-SA 4.0 (or source version),"P0-123 trim to 15-90 s when needed, 80 Hz high-pass, loudnorm to -16 LUFS; exported to engine MP3.",approved - P0-122 commercial-friendly field recording
sounds.birds.white_tailed_eagle.white_tailed_eagle_in803125,sounds/birds/white_tailed_eagle/white_tailed_eagle_IN803125.wav,emilvus,iNaturalist field recording,https://www.inaturalist.org/observations/180952096,n/a,CC BY 4.0 (or source version),Downloaded from curated P0-122 manifest; unmodified source take.,approved - P0-122 commercial-friendly field recording
sounds.birds.white_tailed_eagle.call,sounds/birds/white_tailed_eagle/call.mp3,emilvus,iNaturalist field recording,https://www.inaturalist.org/observations/180952096,n/a,CC BY 4.0 (or source version),"P0-123 trim to 15-90 s when needed, 80 Hz high-pass, loudnorm to -16 LUFS; exported to engine MP3.",approved - P0-122 commercial-friendly field recording
sounds.birds.osprey.osprey_xc1090078,sounds/birds/osprey/osprey_XC1090078.mp3,Samuel Ortion,xeno-canto / Wikimedia field recording,https://xeno-canto.org/1090078,n/a,CC BY-SA 4.0 (or source version),Downloaded from curated P0-122 manifest; unmodified source take.,approved - P0-122 commercial-friendly field recording
sounds.birds.osprey.call,sounds/birds/osprey/call.mp3,Samuel Ortion,xeno-canto / Wikimedia field recording,https://xeno-canto.org/1090078,n/a,CC BY-SA 4.0 (or source version),"P0-123 trim to 15-90 s when needed, 80 Hz high-pass, loudnorm to -16 LUFS; exported to engine MP3.",approved - P0-122 commercial-friendly field recording
sounds.birds.common_buzzard.common_buzzard_xc538277,sounds/birds/common_buzzard/common_buzzard_XC538277.mp3,Benoît Van Hecke,xeno-canto / Wikimedia field recording,https://xeno-canto.org/538277,n/a,CC BY-SA 4.0 (or source version),Downloaded from curated P0-122 manifest; unmodified source take.,approved - P0-122 commercial-friendly field recording
sounds.birds.common_buzzard.call,sounds/birds/common_buzzard/call.mp3,Benoît Van Hecke,xeno-canto / Wikimedia field recording,https://xeno-canto.org/538277,n/a,CC BY-SA 4.0 (or source version),"P0-123 trim to 15-90 s when needed, 80 Hz high-pass, loudnorm to -16 LUFS; exported to engine MP3.",approved - P0-122 commercial-friendly field recording
sounds.birds.common_kestrel.common_kestrel_xc468409,sounds/birds/common_kestrel/common_kestrel_XC468409.mp3,Marie-Lan Taÿ Pamart,xeno-canto / Wikimedia field recording,https://xeno-canto.org/468409,n/a,CC BY-SA 4.0 (or source version),Downloaded from curated P0-122 manifest; unmodified source take.,approved - P0-122 commercial-friendly field recording
sounds.birds.common_kestrel.call,sounds/birds/common_kestrel/call.mp3,Marie-Lan Taÿ Pamart,xeno-canto / Wikimedia field recording,https://xeno-canto.org/468409,n/a,CC BY-SA 4.0 (or source version),"P0-123 trim to 15-90 s when needed, 80 Hz high-pass, loudnorm to -16 LUFS; exported to engine MP3.",approved - P0-122 commercial-friendly field recording
sounds.birds.tawny_owl.tawny_owl_xc457399,sounds/birds/tawny_owl/tawny_owl_XC457399.mp3,Hannu Varkki,xeno-canto / Wikimedia field recording,https://xeno-canto.org/457399,n/a,CC BY-SA 4.0 (or source version),Downloaded from curated P0-122 manifest; unmodified source take.,approved - P0-122 commercial-friendly field recording
sounds.birds.tawny_owl.call,sounds/birds/tawny_owl/call.mp3,Hannu Varkki,xeno-canto / Wikimedia field recording,https://xeno-canto.org/457399,n/a,CC BY-SA 4.0 (or source version),"P0-123 trim to 15-90 s when needed, 80 Hz high-pass, loudnorm to -16 LUFS; exported to engine MP3.",approved - P0-122 commercial-friendly field recording
sounds.birds.house_sparrow.house_sparrow_xc771298,sounds/birds/house_sparrow/house_sparrow_XC771298.mp3,Max Karlsson,xeno-canto / Wikimedia field recording,https://xeno-canto.org/771298,n/a,CC BY-SA 4.0 (or source version),Downloaded from curated P0-122 manifest; unmodified source take.,approved - P0-122 commercial-friendly field recording
sounds.birds.house_sparrow.call,sounds/birds/house_sparrow/call.mp3,Max Karlsson,xeno-canto / Wikimedia field recording,https://xeno-canto.org/771298,n/a,CC BY-SA 4.0 (or source version),"P0-123 trim to 15-90 s when needed, 80 Hz high-pass, loudnorm to -16 LUFS; exported to engine MP3.",approved - P0-122 commercial-friendly field recording
sounds.birds.hooded_crow.hooded_crow_xc901768,sounds/birds/hooded_crow/hooded_crow_XC901768.mp3,Jochem verweij,xeno-canto / Wikimedia field recording,https://xeno-canto.org/901768,n/a,CC BY-SA 4.0 (or source version),Downloaded from curated P0-122 manifest; unmodified source take.,approved - P0-122 commercial-friendly field recording
sounds.birds.hooded_crow.call,sounds/birds/hooded_crow/call.mp3,Jochem verweij,xeno-canto / Wikimedia field recording,https://xeno-canto.org/901768,n/a,CC BY-SA 4.0 (or source version),"P0-123 trim to 15-90 s when needed, 80 Hz high-pass, loudnorm to -16 LUFS; exported to engine MP3.",approved - P0-122 commercial-friendly field recording
sounds.birds.rook.rook_xc1148742,sounds/birds/rook/rook_XC1148742.mp3,steve,xeno-canto / Wikimedia field recording,https://xeno-canto.org/1148742,n/a,CC BY-SA 4.0 (or source version),Downloaded from curated P0-122 manifest; unmodified source take.,approved - P0-122 commercial-friendly field recording
sounds.birds.rook.call,sounds/birds/rook/call.mp3,steve,xeno-canto / Wikimedia field recording,https://xeno-canto.org/1148742,n/a,CC BY-SA 4.0 (or source version),"P0-123 trim to 15-90 s when needed, 80 Hz high-pass, loudnorm to -16 LUFS; exported to engine MP3.",approved - P0-122 commercial-friendly field recording
sounds.birds.western_jackdaw.western_jackdaw_xc842238,sounds/birds/western_jackdaw/western_jackdaw_XC842238.mp3,hex0,xeno-canto / Wikimedia field recording,https://xeno-canto.org/842238,n/a,CC BY-SA 4.0 (or source version),Downloaded from curated P0-122 manifest; unmodified source take.,approved - P0-122 commercial-friendly field recording
sounds.birds.western_jackdaw.call,sounds/birds/western_jackdaw/call.mp3,hex0,xeno-canto / Wikimedia field recording,https://xeno-canto.org/842238,n/a,CC BY-SA 4.0 (or source version),"P0-123 trim to 15-90 s when needed, 80 Hz high-pass, loudnorm to -16 LUFS; exported to engine MP3.",approved - P0-122 commercial-friendly field recording
sounds.birds.eurasian_magpie.eurasian_magpie_xc475651,sounds/birds/eurasian_magpie/eurasian_magpie_XC475651.mp3,Marie-Lan Taÿ Pamart,xeno-canto / Wikimedia field recording,https://xeno-canto.org/475651,n/a,CC BY-SA 4.0 (or source version),Downloaded from curated P0-122 manifest; unmodified source take.,approved - P0-122 commercial-friendly field recording
sounds.birds.eurasian_magpie.call,sounds/birds/eurasian_magpie/call.mp3,Marie-Lan Taÿ Pamart,xeno-canto / Wikimedia field recording,https://xeno-canto.org/475651,n/a,CC BY-SA 4.0 (or source version),"P0-123 trim to 15-90 s when needed, 80 Hz high-pass, loudnorm to -16 LUFS; exported to engine MP3.",approved - P0-122 commercial-friendly field recording
sounds.birds.barn_swallow.barn_swallow_xc492100,sounds/birds/barn_swallow/barn_swallow_XC492100.mp3,Marie-Lan Taÿ Pamart,xeno-canto / Wikimedia field recording,https://xeno-canto.org/492100,n/a,CC BY-SA 4.0 (or source version),Downloaded from curated P0-122 manifest; unmodified source take.,approved - P0-122 commercial-friendly field recording
sounds.birds.barn_swallow.song,sounds/birds/barn_swallow/song.mp3,Marie-Lan Taÿ Pamart,xeno-canto / Wikimedia field recording,https://xeno-canto.org/492100,n/a,CC BY-SA 4.0 (or source version),"P0-123 trim to 15-90 s when needed, 80 Hz high-pass, loudnorm to -16 LUFS; exported to engine MP3.",approved - P0-122 commercial-friendly field recording
sounds.birds.skylark.skylark_xc903764,sounds/birds/skylark/skylark_XC903764.mp3,Jochem verweij,xeno-canto / Wikimedia field recording,https://xeno-canto.org/903764,n/a,CC BY-SA 4.0 (or source version),Downloaded from curated P0-122 manifest; unmodified source take.,approved - P0-122 commercial-friendly field recording
sounds.birds.skylark.song,sounds/birds/skylark/song.mp3,Jochem verweij,xeno-canto / Wikimedia field recording,https://xeno-canto.org/903764,n/a,CC BY-SA 4.0 (or source version),"P0-123 trim to 15-90 s when needed, 80 Hz high-pass, loudnorm to -16 LUFS; exported to engine MP3.",approved - P0-122 commercial-friendly field recording
sounds.birds.yellowhammer.yellowhammer_xc902153,sounds/birds/yellowhammer/yellowhammer_XC902153.mp3,Jochem verweij,xeno-canto / Wikimedia field recording,https://xeno-canto.org/902153,n/a,CC BY-SA 4.0 (or source version),Downloaded from curated P0-122 manifest; unmodified source take.,approved - P0-122 commercial-friendly field recording
sounds.birds.yellowhammer.song,sounds/birds/yellowhammer/song.mp3,Jochem verweij,xeno-canto / Wikimedia field recording,https://xeno-canto.org/902153,n/a,CC BY-SA 4.0 (or source version),"P0-123 trim to 15-90 s when needed, 80 Hz high-pass, loudnorm to -16 LUFS; exported to engine MP3.",approved - P0-122 commercial-friendly field recording
sounds.birds.common_chaffinch.common_chaffinch_xc489896,sounds/birds/common_chaffinch/common_chaffinch_XC489896.mp3,Hannu Varkki,xeno-canto / Wikimedia field recording,https://xeno-canto.org/489896,n/a,CC BY-SA 4.0 (or source version),Downloaded from curated P0-122 manifest; unmodified source take.,approved - P0-122 commercial-friendly field recording
sounds.birds.common_chaffinch.song,sounds/birds/common_chaffinch/song.mp3,Hannu Varkki,xeno-canto / Wikimedia field recording,https://xeno-canto.org/489896,n/a,CC BY-SA 4.0 (or source version),"P0-123 trim to 15-90 s when needed, 80 Hz high-pass, loudnorm to -16 LUFS; exported to engine MP3.",approved - P0-122 commercial-friendly field recording
sounds.birds.great_tit.great_tit_xc703062,sounds/birds/great_tit/great_tit_XC703062.mp3,Max Karlsson,xeno-canto / Wikimedia field recording,https://xeno-canto.org/703062,n/a,CC BY-SA 4.0 (or source version),Downloaded from curated P0-122 manifest; unmodified source take.,approved - P0-122 commercial-friendly field recording
sounds.birds.great_tit.song,sounds/birds/great_tit/song.mp3,Max Karlsson,xeno-canto / Wikimedia field recording,https://xeno-canto.org/703062,n/a,CC BY-SA 4.0 (or source version),"P0-123 trim to 15-90 s when needed, 80 Hz high-pass, loudnorm to -16 LUFS; exported to engine MP3.",approved - P0-122 commercial-friendly field recording
sounds.birds.european_robin.european_robin_xc489906,sounds/birds/european_robin/european_robin_XC489906.mp3,Hannu Varkki,xeno-canto / Wikimedia field recording,https://xeno-canto.org/489906,n/a,CC BY-SA 4.0 (or source version),Downloaded from curated P0-122 manifest; unmodified source take.,approved - P0-122 commercial-friendly field recording
sounds.birds.european_robin.song,sounds/birds/european_robin/song.mp3,Hannu Varkki,xeno-canto / Wikimedia field recording,https://xeno-canto.org/489906,n/a,CC BY-SA 4.0 (or source version),"P0-123 trim to 15-90 s when needed, 80 Hz high-pass, loudnorm to -16 LUFS; exported to engine MP3.",approved - P0-122 commercial-friendly field recording
sounds.birds.common_blackbird.common_blackbird_xc708973,sounds/birds/common_blackbird/common_blackbird_XC708973.mp3,Max Karlsson,xeno-canto / Wikimedia field recording,https://xeno-canto.org/708973,n/a,CC BY-SA 4.0 (or source version),Downloaded from curated P0-122 manifest; unmodified source take.,approved - P0-122 commercial-friendly field recording
sounds.birds.common_blackbird.song,sounds/birds/common_blackbird/song.mp3,Max Karlsson,xeno-canto / Wikimedia field recording,https://xeno-canto.org/708973,n/a,CC BY-SA 4.0 (or source version),"P0-123 trim to 15-90 s when needed, 80 Hz high-pass, loudnorm to -16 LUFS; exported to engine MP3.",approved - P0-122 commercial-friendly field recording
sounds.birds.song_thrush.song_thrush_xc537554,sounds/birds/song_thrush/song_thrush_XC537554.mp3,Mats Havskogen,xeno-canto / Wikimedia field recording,https://xeno-canto.org/537554,n/a,CC BY-SA 4.0 (or source version),Downloaded from curated P0-122 manifest; unmodified source take.,approved - P0-122 commercial-friendly field recording
sounds.birds.song_thrush.song,sounds/birds/song_thrush/song.mp3,Mats Havskogen,xeno-canto / Wikimedia field recording,https://xeno-canto.org/537554,n/a,CC BY-SA 4.0 (or source version),"P0-123 trim to 15-90 s when needed, 80 Hz high-pass, loudnorm to -16 LUFS; exported to engine MP3.",approved - P0-122 commercial-friendly field recording
sounds.birds.common_nightingale.common_nightingale_xc1083488,sounds/birds/common_nightingale/common_nightingale_XC1083488.mp3,Robert Petersen,xeno-canto / Wikimedia field recording,https://xeno-canto.org/1083488,n/a,CC BY-SA 4.0 (or source version),Downloaded from curated P0-122 manifest; unmodified source take.,approved - P0-122 commercial-friendly field recording
sounds.birds.common_nightingale.song,sounds/birds/common_nightingale/song.mp3,Robert Petersen,xeno-canto / Wikimedia field recording,https://xeno-canto.org/1083488,n/a,CC BY-SA 4.0 (or source version),"P0-123 trim to 15-90 s when needed, 80 Hz high-pass, loudnorm to -16 LUFS; exported to engine MP3.",approved - P0-122 commercial-friendly field recording
sounds.birds.great_spotted_woodpecker.great_spotted_woodpecker_xc995604,sounds/birds/great_spotted_woodpecker/great_spotted_woodpecker_XC995604.mp3,Noé Ferrari,xeno-canto / Wikimedia field recording,https://xeno-canto.org/995604,n/a,CC BY 4.0 (or source version),Downloaded from curated P0-122 manifest; unmodified source take.,approved - P0-122 commercial-friendly field recording
sounds.birds.great_spotted_woodpecker.call,sounds/birds/great_spotted_woodpecker/call.mp3,Noé Ferrari,xeno-canto / Wikimedia field recording,https://xeno-canto.org/995604,n/a,CC BY 4.0 (or source version),"P0-123 trim to 15-90 s when needed, 80 Hz high-pass, loudnorm to -16 LUFS; exported to engine MP3.",approved - P0-122 commercial-friendly field recording
sounds.insects.acheta_domestica.acheta_domestica,sounds/insects/acheta_domestica/acheta_domestica.mp3,Mari Druzhinina,eBiodiversity / PlutoF field recording,https://s3.hpc.ut.ee/plutof-public/original/1dc006fc-0abd-469c-bdf4-8a19adc90bab.m4a,n/a,CC BY-SA 4.0 (or source version),Downloaded from curated insect manifest; trimmed/normalised for in-game ambient use.,approved - P0-122 commercial-friendly field recording
sounds.insects.acrididae.acrididae,sounds/insects/acrididae/acrididae.mp3,Katre Epler,eBiodiversity / PlutoF field recording,https://s3.hpc.ut.ee/plutof-public/original/f4f89a72-754a-40ef-8511-213e861b32d6.m4a,n/a,CC BY-SA 4.0 (or source version),Downloaded from curated insect manifest; trimmed/normalised for in-game ambient use.,approved - P0-122 commercial-friendly field recording
sounds.insects.barbitistes_constrictus.barbitistes_constrictus,sounds/insects/barbitistes_constrictus/barbitistes_constrictus.mp3,Veljo Runnel,eBiodiversity / PlutoF field recording,https://s3.hpc.ut.ee/plutof-public/original/8e34245c-6a6c-474d-a96b-ebc149ffd802.m4a,n/a,CC BY-SA 4.0 (or source version),Downloaded from curated insect manifest; trimmed/normalised for in-game ambient use.,approved - P0-122 commercial-friendly field recording
sounds.insects.bicolorana_bicolor.bicolorana_bicolor,sounds/insects/bicolorana_bicolor/bicolorana_bicolor.mp3,Veljo Runnel,eBiodiversity / PlutoF field recording,https://s3.hpc.ut.ee/plutof-public/original/974b44b1-a773-4dba-afb5-56a701270bd8.m4a,n/a,CC BY-SA 4.0 (or source version),Downloaded from curated insect manifest; trimmed/normalised for in-game ambient use.,approved - P0-122 commercial-friendly field recording
sounds.insects.chorthippus_albomarginatus.chorthippus_albomarginatus,sounds/insects/chorthippus_albomarginatus/chorthippus_albomarginatus.mp3,Mari Druzhinina,eBiodiversity / PlutoF field recording,https://s3.hpc.ut.ee/plutof-public/original/62473336-b8c0-4030-8e88-cdcc99b39cac.m4a,n/a,CC BY-SA 4.0 (or source version),Downloaded from curated insect manifest; trimmed/normalised for in-game ambient use.,approved - P0-122 commercial-friendly field recording
sounds.insects.chorthippus_apricarius.chorthippus_apricarius,sounds/insects/chorthippus_apricarius/chorthippus_apricarius.mp3,Veljo Runnel,eBiodiversity / PlutoF field recording,https://s3.hpc.ut.ee/plutof-public/original/609bf943-9fb8-4086-bcf9-78be6e0baa61.m4a,n/a,CC BY-SA 4.0 (or source version),Downloaded from curated insect manifest; trimmed/normalised for in-game ambient use.,approved - P0-122 commercial-friendly field recording
sounds.insects.chorthippus_biguttulus.chorthippus_biguttulus,sounds/insects/chorthippus_biguttulus/chorthippus_biguttulus.mp3,Veljo Runnel,eBiodiversity / PlutoF field recording,https://s3.hpc.ut.ee/plutof-public/original/604bb747-9a0c-4ef8-8fa9-e767d6fb182c.m4a,n/a,CC BY-SA 4.0 (or source version),Downloaded from curated insect manifest; trimmed/normalised for in-game ambient use.,approved - P0-122 commercial-friendly field recording
sounds.insects.chorthippus_brunneus.chorthippus_brunneus,sounds/insects/chorthippus_brunneus/chorthippus_brunneus.mp3,Veljo Runnel,eBiodiversity / PlutoF field recording,https://s3.hpc.ut.ee/plutof-public/original/b7d02285-8066-4793-b683-ef23a7a37b45.m4a,n/a,CC BY-SA 4.0 (or source version),Downloaded from curated insect manifest; trimmed/normalised for in-game ambient use.,approved - P0-122 commercial-friendly field recording
sounds.insects.chorthippus_dorsatus.chorthippus_dorsatus,sounds/insects/chorthippus_dorsatus/chorthippus_dorsatus.mp3,Veljo Runnel,eBiodiversity / PlutoF field recording,https://s3.hpc.ut.ee/plutof-public/original/b9b07296-fdd5-4b9e-af85-e8ca52a891bd.m4a,n/a,CC BY-SA 4.0 (or source version),Downloaded from curated insect manifest; trimmed/normalised for in-game ambient use.,approved - P0-122 commercial-friendly field recording
sounds.insects.chorthippus_mollis.chorthippus_mollis,sounds/insects/chorthippus_mollis/chorthippus_mollis.mp3,Pelle Mellov,eBiodiversity / PlutoF field recording,https://s3.hpc.ut.ee/plutof-public/original/ee1bcaa7-a4d9-429b-9e06-0512b15f3eb6.m4a,n/a,CC BY-SA 4.0 (or source version),Downloaded from curated insect manifest; trimmed/normalised for in-game ambient use.,approved - P0-122 commercial-friendly field recording
sounds.insects.chrysochraon_dispar.chrysochraon_dispar,sounds/insects/chrysochraon_dispar/chrysochraon_dispar.mp3,Veljo Runnel,eBiodiversity / PlutoF field recording,https://s3.hpc.ut.ee/plutof-public/original/a441cd34-e94a-40c8-a5b0-da8415031403.m4a,n/a,CC BY-SA 4.0 (or source version),Downloaded from curated insect manifest; trimmed/normalised for in-game ambient use.,approved - P0-122 commercial-friendly field recording
sounds.insects.conocephalus_dorsalis.conocephalus_dorsalis,sounds/insects/conocephalus_dorsalis/conocephalus_dorsalis.mp3,Veljo Runnel,eBiodiversity / PlutoF field recording,https://s3.hpc.ut.ee/plutof-public/original/54044018-acc7-4e27-8796-4aa73eb2e2cf.m4a,n/a,CC BY-SA 4.0 (or source version),Downloaded from curated insect manifest; trimmed/normalised for in-game ambient use.,approved - P0-122 commercial-friendly field recording
sounds.insects.conocephalus_fuscus.conocephalus_fuscus,sounds/insects/conocephalus_fuscus/conocephalus_fuscus.mp3,Pelle Mellov,eBiodiversity / PlutoF field recording,https://s3.hpc.ut.ee/plutof-public/original/6a0da221-11cd-46cd-bc42-48e14fb664a4.m4a,n/a,CC BY-SA 4.0 (or source version),Downloaded from curated insect manifest; trimmed/normalised for in-game ambient use.,approved - P0-122 commercial-friendly field recording
sounds.insects.decticus_verrucivorus.decticus_verrucivorus,sounds/insects/decticus_verrucivorus/decticus_verrucivorus.mp3,Veljo Runnel,eBiodiversity / PlutoF field recording,https://s3.hpc.ut.ee/plutof-public/original/c2669902-cc71-4f3e-9ce9-0acc5d7047c7.m4a,n/a,CC BY-SA 4.0 (or source version),Downloaded from curated insect manifest; trimmed/normalised for in-game ambient use.,approved - P0-122 commercial-friendly field recording
sounds.insects.euthystira_brachyptera.euthystira_brachyptera,sounds/insects/euthystira_brachyptera/euthystira_brachyptera.mp3,Veljo Runnel,eBiodiversity / PlutoF field recording,https://s3.hpc.ut.ee/plutof-public/original/b2756068-692e-4683-bd52-850285c777aa.m4a,n/a,CC BY-SA 4.0 (or source version),Downloaded from curated insect manifest; trimmed/normalised for in-game ambient use.,approved - P0-122 commercial-friendly field recording
sounds.insects.gryllotalpa_gryllotalpa.gryllotalpa_gryllotalpa,sounds/insects/gryllotalpa_gryllotalpa/gryllotalpa_gryllotalpa.mp3,Marko Aid,eBiodiversity / PlutoF field recording,https://s3.hpc.ut.ee/plutof-public/original/6ce006e0-944e-4e04-9f42-0fa724c9bb3a.m4a,n/a,CC BY-SA 4.0 (or source version),Downloaded from curated insect manifest; trimmed/normalised for in-game ambient use.,approved - P0-122 commercial-friendly field recording
sounds.insects.metrioptera_brachyptera.metrioptera_brachyptera,sounds/insects/metrioptera_brachyptera/metrioptera_brachyptera.mp3,Alvar Jõekaar,eBiodiversity / PlutoF field recording,https://s3.hpc.ut.ee/plutof-public/original/ba317065-ff50-4452-b239-74aef63af978.m4a,n/a,CC BY-SA 4.0 (or source version),Downloaded from curated insect manifest; trimmed/normalised for in-game ambient use.,approved - P0-122 commercial-friendly field recording
sounds.insects.myrmeleotettix_maculatus.myrmeleotettix_maculatus,sounds/insects/myrmeleotettix_maculatus/myrmeleotettix_maculatus.mp3,Veljo Runnel,eBiodiversity / PlutoF field recording,https://s3.hpc.ut.ee/plutof-public/original/99ea6dbb-a01a-4b7f-853b-da7d9374d843.m4a,n/a,CC BY-SA 4.0 (or source version),Downloaded from curated insect manifest; trimmed/normalised for in-game ambient use.,approved - P0-122 commercial-friendly field recording
sounds.insects.omocestus_viridulus.omocestus_viridulus,sounds/insects/omocestus_viridulus/omocestus_viridulus.mp3,Maarja Orusalu,eBiodiversity / PlutoF field recording,https://s3.hpc.ut.ee/plutof-public/original/9a4ddf4e-34fd-4611-b9c6-e27b3dd705a4.m4a,n/a,CC BY-SA 4.0 (or source version),Downloaded from curated insect manifest; trimmed/normalised for in-game ambient use.,approved - P0-122 commercial-friendly field recording
sounds.insects.orthoptera.orthoptera,sounds/insects/orthoptera/orthoptera.mp3,Külli Kalamees,eBiodiversity / PlutoF field recording,https://s3.hpc.ut.ee/plutof-public/original/0900d7c5-f66b-49e0-8112-e225794c7253.m4a,n/a,CC BY-SA 4.0 (or source version),Downloaded from curated insect manifest; trimmed/normalised for in-game ambient use.,approved - P0-122 commercial-friendly field recording
sounds.insects.pholidoptera_griseoaptera.pholidoptera_griseoaptera,sounds/insects/pholidoptera_griseoaptera/pholidoptera_griseoaptera.mp3,Veljo Runnel,eBiodiversity / PlutoF field recording,https://s3.hpc.ut.ee/plutof-public/original/da9a3a44-ad92-457b-9eca-34d98e120da4.mp4,n/a,CC BY-SA 4.0 (or source version),Downloaded from curated insect manifest; trimmed/normalised for in-game ambient use.,approved - P0-122 commercial-friendly field recording
sounds.insects.pseudochorthippus_montanus.pseudochorthippus_montanus,sounds/insects/pseudochorthippus_montanus/pseudochorthippus_montanus.mp3,Veljo Runnel,eBiodiversity / PlutoF field recording,https://s3.hpc.ut.ee/plutof-public/original/a8df289a-63cd-481c-9954-2724a5c8ae5a.m4a,n/a,CC BY-SA 4.0 (or source version),Downloaded from curated insect manifest; trimmed/normalised for in-game ambient use.,approved - P0-122 commercial-friendly field recording
sounds.insects.pseudochorthippus_parallelus.pseudochorthippus_parallelus,sounds/insects/pseudochorthippus_parallelus/pseudochorthippus_parallelus.mp3,Maarja Mustimets,eBiodiversity / PlutoF field recording,https://s3.hpc.ut.ee/plutof-public/original/775601f6-12e8-41ef-99ea-51a654af1dfd.m4a,n/a,CC BY-SA 4.0 (or source version),Downloaded from curated insect manifest; trimmed/normalised for in-game ambient use.,approved - P0-122 commercial-friendly field recording
sounds.insects.roeseliana_roeselii.roeseliana_roeselii,sounds/insects/roeseliana_roeselii/roeseliana_roeselii.mp3,Veljo Runnel,eBiodiversity / PlutoF field recording,https://s3.hpc.ut.ee/plutof-public/original/d534e683-a8a8-4bdb-b9b8-86202a9def56.m4a,n/a,CC BY-SA 4.0 (or source version),Downloaded from curated insect manifest; trimmed/normalised for in-game ambient use.,approved - P0-122 commercial-friendly field recording
sounds.insects.stenobothrus_lineatus.stenobothrus_lineatus,sounds/insects/stenobothrus_lineatus/stenobothrus_lineatus.mp3,Pelle Mellov,eBiodiversity / PlutoF field recording,https://s3.hpc.ut.ee/plutof-public/original/1d2da8de-1079-4a89-867b-e239454cd135.m4a,n/a,CC BY-SA 4.0 (or source version),Downloaded from curated insect manifest; trimmed/normalised for in-game ambient use.,approved - P0-122 commercial-friendly field recording
sounds.insects.tettigonia_cantans.tettigonia_cantans,sounds/insects/tettigonia_cantans/tettigonia_cantans.mp3,Külli Kalamees,eBiodiversity / PlutoF field recording,https://s3.hpc.ut.ee/plutof-public/original/a047505f-3b67-4405-855b-bcbf5eb5ec03.m4a,n/a,CC BY-SA 4.0 (or source version),Downloaded from curated insect manifest; trimmed/normalised for in-game ambient use.,approved - P0-122 commercial-friendly field recording
sounds.insects.tettigonia_viridissima.tettigonia_viridissima,sounds/insects/tettigonia_viridissima/tettigonia_viridissima.mp3,Veljo Runnel,eBiodiversity / PlutoF field recording,https://s3.hpc.ut.ee/plutof-public/original/aa7f711a-2755-4af8-b16d-e71664a4baf4.m4a,n/a,CC BY-SA 4.0 (or source version),Downloaded from curated insect manifest; trimmed/normalised for in-game ambient use.,approved - P0-122 commercial-friendly field recording
assets.ui.cursors.grab,assets/UI/cursors/cursor_grab.png,project maintainer,not applicable,Maintainer-authored 32x32 grab-hand gameplay cursor for world-item pickup hover (P3-019),not applicable,AGPL-3.0-or-later (project author),Flat PNG with transparent background and outline for HUD readability.,approved - maintainer UI cursor for slice interaction feedback
assets.ui.cursors.talk,assets/UI/cursors/cursor_talk.png,project maintainer,not applicable,Maintainer-authored 32x32 speech-bubble gameplay cursor for talk interactables (P3-019),not applicable,AGPL-3.0-or-later (project author),Flat PNG with transparent background and outline for HUD readability.,approved - maintainer UI cursor for slice interaction feedback
assets.ui.inventory.backpack,assets/UI/inventory/backpack.png,project maintainer,not applicable,Maintainer-authored quest-pouch inventory icon for the slice backpack slot (P2-015),not applicable,AGPL-3.0-or-later (project author),Flat PNG inventory icon for HUD readability.,approved - maintainer UI icon for slice quest pouch
assets.ui.inventory.combat_stick,assets/UI/inventory/combat_stick.png,project maintainer,not applicable,Maintainer-authored quest-pouch inventory icon for the slice combat stick slot (P2-015),not applicable,AGPL-3.0-or-later (project author),Flat PNG inventory icon for HUD readability.,approved - maintainer UI icon for slice quest pouch
assets.ui.inventory.forge_hammer,assets/UI/inventory/forge_hammer.png,project maintainer,not applicable,Maintainer-authored quest-pouch inventory icon for the slice forge hammer slot (P2-015),not applicable,AGPL-3.0-or-later (project author),Flat PNG inventory icon for HUD readability.,approved - maintainer UI icon for slice quest pouch
assets.ui.inventory.hood,assets/UI/inventory/hood.png,project maintainer,not applicable,Maintainer-authored quest-pouch inventory icon for the slice hood slot (P2-015),not applicable,AGPL-3.0-or-later (project author),Flat PNG inventory icon for HUD readability.,approved - maintainer UI icon for slice quest pouch
assets.ui.inventory.spearhead,assets/UI/inventory/spearhead.png,project maintainer,not applicable,Maintainer-authored quest-pouch inventory icon for the slice spearhead slot (P2-015),not applicable,AGPL-3.0-or-later (project author),Flat PNG inventory icon for HUD readability.,approved - maintainer UI icon for slice quest pouch
assets.ui.inventory.watch_buckle,assets/UI/inventory/watch_buckle.png,project maintainer,not applicable,Maintainer-authored quest-pouch inventory icon for the slice watch buckle slot (P2-015),not applicable,AGPL-3.0-or-later (project author),Flat PNG inventory icon for HUD readability.,approved - maintainer UI icon for slice quest pouch
assets.props.furniture.smithy_chair,assets/props/furniture/smithy_chair/smithy_chair.glb,project maintainer,tools/generate_smithy_chair.py with Blender 5.2 LTS,"Deterministic medieval smithy oak chair; three-board seat, mortise-and-tenon joinery, pegs, stretchers, repair wedges, embedded 512 px painted oak albedo; SHA-256 5a122638d8088b11cde7a71e1c79dad2d61f08e89dcb6815a54d91484c44e0da",not applicable,AGPL-3.0-or-later (project author),"Procedurally modeled and UV-authored in Blender; 2332 triangles, three material surfaces, 0.555 x 1.0525 x 0.521 m; embedded texture generated deterministically; imported and rendered in Godot 4.7 Compatibility at work_chair in loc.kalev_smithy.",approved - user requested generated test chair and requested increased detail; integration verified in target smithy scene
assets.props.forge.smithy_anvil,assets/props/forge/smithy_anvil/smithy_anvil.glb,project maintainer,tools/generate_smithy_anvil.py with Blender 5.2 LTS,"Deterministic medieval Baltic smithy anvil; oak stump, hammered iron body, polished face, horn and heel; embedded 512 px painted albedo per surface; SHA-256 c5b80a1036be8de71fa7d751b896743149e934b0bc2ba04fa9885ab642dca880",not applicable,AGPL-3.0-or-later (project author),"Procedurally modeled and UV-authored in Blender; 2101 triangles, three material surfaces, 1.4805 x 1.0045 x 0.704 m; embedded textures generated deterministically; imported and rendered in Godot 4.7 Compatibility at forge_anvil in loc.kalev_smithy; courtyard anvils keep the procedural fallback.",approved - forge workstation art pass; integration verified in target smithy scene
assets.props.forge.smithy_anvil.hammered_forge_iron_albedo,assets/props/forge/smithy_anvil/smithy_anvil_hammered_forge_iron_albedo.png,project maintainer,tools/generate_smithy_anvil.py with Blender 5.2 LTS,Embedded hammered-iron albedo extracted from smithy_anvil.glb by Godot import,not applicable,AGPL-3.0-or-later (project author),Deterministic 512 px painted iron surface; regenerate only by re-running the anvil generator.,approved - derived from smithy_anvil.glb
assets.props.forge.smithy_anvil.polished_anvil_face_albedo,assets/props/forge/smithy_anvil/smithy_anvil_polished_anvil_face_albedo.png,project maintainer,tools/generate_smithy_anvil.py with Blender 5.2 LTS,Embedded polished-face albedo extracted from smithy_anvil.glb by Godot import,not applicable,AGPL-3.0-or-later (project author),Deterministic 512 px painted face surface; regenerate only by re-running the anvil generator.,approved - derived from smithy_anvil.glb
assets.props.forge.smithy_anvil.smoke_darkened_oak_stump_albedo,assets/props/forge/smithy_anvil/smithy_anvil_smoke_darkened_oak_stump_albedo.png,project maintainer,tools/generate_smithy_anvil.py with Blender 5.2 LTS,Embedded oak-stump albedo extracted from smithy_anvil.glb by Godot import,not applicable,AGPL-3.0-or-later (project author),Deterministic 512 px painted oak surface; regenerate only by re-running the anvil generator.,approved - derived from smithy_anvil.glb
assets.props.furniture.smithy_bed,assets/props/furniture/smithy_bed/smithy_bed.glb,project maintainer,tools/generate_smithy_bed.py with Blender 5.2 LTS,"Deterministic fourteenth-century smithy bed; oak mortise-and-tenon frame, rope lacing, straw-tick mattress, linen pillow, wool blanket, embedded 512 px painted albedos; SHA-256 0020a6bd67982c503e9be61da81d12574b5def8bbff2a3d1e5bc9e9a5b119b8c",not applicable,AGPL-3.0-or-later (project author),"Procedurally modeled and UV-authored in Blender; 4696 triangles, five material surfaces, 2.3827 x 1.12 x 1.3312 m in Godot axes; embedded oak/linen/wool textures generated deterministically; rrmap footprint and gameplay geometry unchanged.",approved - user requested improved bed model for smithy location; integrated as the bed prop in loc.kalev_smithy
assets.props.furniture.smithy_bed.linen_albedo,assets/props/furniture/smithy_bed/smithy_bed_smithy_bed_linen_albedo.png,project maintainer,tools/generate_smithy_bed.py with Blender 5.2 LTS,Embedded linen albedo extracted from smithy_bed.glb by Godot import,not applicable,AGPL-3.0-or-later (project author),Deterministic 512 px painted linen surface; regenerate only by re-running the bed generator.,approved - derived from smithy_bed.glb
assets.props.furniture.smithy_bed.oak_albedo,assets/props/furniture/smithy_bed/smithy_bed_smithy_bed_oak_albedo.png,project maintainer,tools/generate_smithy_bed.py with Blender 5.2 LTS,Embedded oak albedo extracted from smithy_bed.glb by Godot import,not applicable,AGPL-3.0-or-later (project author),Deterministic 512 px painted oak surface; regenerate only by re-running the bed generator.,approved - derived from smithy_bed.glb
assets.props.furniture.smithy_bed.wool_albedo,assets/props/furniture/smithy_bed/smithy_bed_smithy_bed_wool_albedo.png,project maintainer,tools/generate_smithy_bed.py with Blender 5.2 LTS,Embedded wool albedo extracted from smithy_bed.glb by Godot import,not applicable,AGPL-3.0-or-later (project author),Deterministic 512 px painted wool blanket surface; regenerate only by re-running the bed generator.,approved - derived from smithy_bed.glb
assets.props.forge.smithy_quench_bucket,assets/props/forge/smithy_quench_bucket/smithy_quench_bucket.glb,project maintainer,tools/generate_smithy_quench_bucket.py with Blender 5.2 LTS,"Deterministic fourteenth-century smithy quench bucket; tapered riveted sheet-iron vessel, hollow water-darkened interior, rolled rim, lapped seam, forged ears and raised bail, embedded 512 px painted albedos; SHA-256 9bfe034327987e0f9218fde9bf794d9e6f6a25ac84f1fd12531950e2de1a2e09",not applicable,AGPL-3.0-or-later (project author),"Procedurally modeled and UV-authored in Blender; 2160 triangles, three PBR materials, 0.7888 x 0.8717 x 0.6728 m in Godot axes; deterministic restrained oxidation and quench wear; rrmap footprint and gameplay geometry unchanged.",approved - user requested a more realistic metal bucket for loc.kalev_smithy
assets.props.forge.smithy_quench_bucket.aged_forged_iron_albedo,assets/props/forge/smithy_quench_bucket/smithy_quench_bucket_aged_forged_iron_albedo.png,project maintainer,tools/generate_smithy_quench_bucket.py with Blender 5.2 LTS,Embedded aged forged-iron albedo extracted from smithy_quench_bucket.glb by Godot import,not applicable,AGPL-3.0-or-later (project author),Deterministic 512 px painted hammered iron with restrained lower-sheet oxidation; regenerate only by re-running the quench bucket generator.,approved - derived from smithy_quench_bucket.glb
assets.props.forge.smithy_quench_bucket.dark_quench_water_albedo,assets/props/forge/smithy_quench_bucket/smithy_quench_bucket_dark_quench_water_albedo.png,project maintainer,tools/generate_smithy_quench_bucket.py with Blender 5.2 LTS,Embedded dark quench-water albedo extracted from smithy_quench_bucket.glb by Godot import,not applicable,AGPL-3.0-or-later (project author),Deterministic 512 px painted low-contrast water ripples; regenerate only by re-running the quench bucket generator.,approved - derived from smithy_quench_bucket.glb
assets.props.forge.smithy_quench_bucket.water_darkened_inner_iron_albedo,assets/props/forge/smithy_quench_bucket/smithy_quench_bucket_water_darkened_inner_iron_albedo.png,project maintainer,tools/generate_smithy_quench_bucket.py with Blender 5.2 LTS,Embedded water-darkened inner-iron albedo extracted from smithy_quench_bucket.glb by Godot import,not applicable,AGPL-3.0-or-later (project author),Deterministic 512 px painted inner iron with a quench waterline; regenerate only by re-running the quench bucket generator.,approved - derived from smithy_quench_bucket.glb
assets.props.forge.smithy_furnace,assets/props/forge/smithy_furnace/smithy_furnace.glb,project maintainer,tools/generate_smithy_forge_props.py with Blender 5.2 LTS,"Deterministic medieval open masonry forge; arched voussoirs, firebrick lining, sooted firebox, tapered smoke hood, hollow chimney, tuyere, embedded 512 px painted albedos; SHA-256 0aa9f05f8b59cdc9a1c086bd335c090553b21fe16b2a00dc8966d56ce4857c4b",not applicable,AGPL-3.0-or-later (project author),"Procedurally modeled and UV-authored in Blender; 2680 triangles, four material surfaces, 2.61 x 4.075 x 1.70 m in Godot; dynamic coals/fire/light retained in engine; integrated at forge_furnace in loc.kalev_smithy.",approved - user requested a more realistic smithy furnace; deterministic asset and target integration verified
assets.props.forge.smithy_furnace.firebox_soot_albedo,assets/props/forge/smithy_furnace/smithy_furnace_smithy_firebox_soot_albedo.png,project maintainer,tools/generate_smithy_forge_props.py with Blender 5.2 LTS,Embedded firebox-soot albedo extracted from smithy_furnace.glb by Godot import,not applicable,AGPL-3.0-or-later (project author),Deterministic 512 px painted soot surface; regenerate only by re-running the forge props generator.,approved - derived from smithy_furnace.glb
assets.props.forge.smithy_furnace.hammered_iron_albedo,assets/props/forge/smithy_furnace/smithy_furnace_smithy_hammered_iron_albedo.png,project maintainer,tools/generate_smithy_forge_props.py with Blender 5.2 LTS,Embedded hammered-iron albedo extracted from smithy_furnace.glb by Godot import,not applicable,AGPL-3.0-or-later (project author),Deterministic 512 px painted iron surface; regenerate only by re-running the forge props generator.,approved - derived from smithy_furnace.glb
assets.props.forge.smithy_furnace.heat_darkened_firebrick_albedo,assets/props/forge/smithy_furnace/smithy_furnace_smithy_heat_darkened_firebrick_albedo.png,project maintainer,tools/generate_smithy_forge_props.py with Blender 5.2 LTS,Embedded firebrick albedo extracted from smithy_furnace.glb by Godot import,not applicable,AGPL-3.0-or-later (project author),Deterministic 512 px painted firebrick surface; regenerate only by re-running the forge props generator.,approved - derived from smithy_furnace.glb
assets.props.forge.smithy_furnace.weathered_limestone_albedo,assets/props/forge/smithy_furnace/smithy_furnace_smithy_weathered_limestone_albedo.png,project maintainer,tools/generate_smithy_forge_props.py with Blender 5.2 LTS,Embedded limestone albedo extracted from smithy_furnace.glb by Godot import,not applicable,AGPL-3.0-or-later (project author),Deterministic 512 px painted limestone surface; regenerate only by re-running the forge props generator.,approved - derived from smithy_furnace.glb
assets.props.forge.smithy_bellows,assets/props/forge/smithy_bellows/smithy_bellows.glb,project maintainer,tools/generate_smithy_forge_props.py with Blender 5.2 LTS,"Deterministic medieval double-board bellows; oak trestle, teardrop boards, continuous pleated leather bag, handmade tacks, hinge, lever, tapered iron nozzle, embedded 512 px painted albedos; SHA-256 f49d605aa6d029ff95b8bba12985813524794c543c97e00bc5f0c5713bef0b10",not applicable,AGPL-3.0-or-later (project author),"Procedurally modeled and UV-authored in Blender; 6044 triangles, three material surfaces, 2.01 x 1.5575 x 0.77 m in Godot; integrated at forge_bellows in loc.kalev_smithy without gameplay geometry changes.",approved - user requested more realistic forge bellows; deterministic asset and target integration verified
assets.props.forge.smithy_bellows.iron_albedo,assets/props/forge/smithy_bellows/smithy_bellows_smithy_bellows_iron_albedo.png,project maintainer,tools/generate_smithy_forge_props.py with Blender 5.2 LTS,Embedded iron albedo extracted from smithy_bellows.glb by Godot import,not applicable,AGPL-3.0-or-later (project author),Deterministic 512 px painted iron surface; regenerate only by re-running the forge props generator.,approved - derived from smithy_bellows.glb
assets.props.forge.smithy_bellows.leather_albedo,assets/props/forge/smithy_bellows/smithy_bellows_smithy_bellows_leather_albedo.png,project maintainer,tools/generate_smithy_forge_props.py with Blender 5.2 LTS,Embedded leather albedo extracted from smithy_bellows.glb by Godot import,not applicable,AGPL-3.0-or-later (project author),Deterministic 512 px painted leather surface; regenerate only by re-running the forge props generator.,approved - derived from smithy_bellows.glb
assets.props.forge.smithy_bellows.oak_albedo,assets/props/forge/smithy_bellows/smithy_bellows_smithy_bellows_oak_albedo.png,project maintainer,tools/generate_smithy_forge_props.py with Blender 5.2 LTS,Embedded oak albedo extracted from smithy_bellows.glb by Godot import,not applicable,AGPL-3.0-or-later (project author),Deterministic 512 px painted oak surface; regenerate only by re-running the forge props generator.,approved - derived from smithy_bellows.glb
building.facade_window.timber_open_shutters,assets/buildings/facades/timber_window_open_shutters/timber_window_open_shutters.glb,project maintainer,tools/generate_window_facades.py with Blender 5.2 LTS,"Deterministic small timber facade window for Reval 1343; open three-board oak shutters, visible battens, forged hinges, cool glazing, embedded 512 px painted wood albedos; SHA-256 deb98b343975b8076720d5d36b66a2e52572ce2b8e45925cadcd1fdb22ded540",not applicable,AGPL-3.0-or-later (project author),"Procedurally modeled and UV-authored in Blender; 1380 triangles, four portable PBR materials, 1.1937 x 0.955 x 0.2054 m in Godot axes; sill-centred origin and facade mount metadata; no gameplay collision or navigation changed.",approved - user requested exterior window and shutter facade models; production-ready modular asset
building.facade_window.timber_closed_shutters,assets/buildings/facades/timber_window_closed_shutters/timber_window_closed_shutters.glb,project maintainer,tools/generate_window_facades.py with Blender 5.2 LTS,"Deterministic small timber facade window for Reval 1343; closed three-board oak shutters, forged strap hinges and central hasp, embedded 512 px painted wood albedos; SHA-256 00581b19b778c2fa7c8a7ba6e5e46617898506109d0aa3ad6b14f5bdcb9a4380",not applicable,AGPL-3.0-or-later (project author),"Procedurally modeled and UV-authored in Blender; 1604 triangles, four portable PBR materials, 0.88 x 0.955 x 0.191 m in Godot axes; sill-centred origin and facade mount metadata; no gameplay collision or navigation changed.",approved - user requested exterior window and shutter facade models; production-ready modular asset
building.facade_window.stone_pointed_open_shutters,assets/buildings/facades/stone_pointed_window_open_shutters/stone_pointed_window_open_shutters.glb,project maintainer,tools/generate_window_facades.py with Blender 5.2 LTS,"Deterministic simple pointed stone facade opening for an affluent Reval 1343 frontage; local limestone voussoirs, paired pointed boarded shutters, forged hinges, cool glazing, embedded 512 px painted stone and wood albedos; SHA-256 f721585400266e3fa2a9703156c679ca234d75aea5c12abc1f54089f493665e1",not applicable,AGPL-3.0-or-later (project author),"Procedurally modeled and UV-authored in Blender; 1788 triangles, five portable PBR materials, 1.2739 x 1.409 x 0.2798 m in Godot axes; avoids late-Gothic four-light decoration; sill-centred origin and facade mount metadata; no gameplay collision or navigation changed.",approved - user requested exterior window and shutter facade models; production-ready modular asset
assets.materials.production.hay_fibers,assets/materials/production/hay_fibers.png,project maintainer,Leonardo generation f9461548-b046-43a6-a8f3-c2b30652d859 plus tools/generate_hay_texture.py,MATERIAL_STYLE_LOCK_KIT hay prompt; raw source generated/leonardo/hay_texture_v1/source.jpg SHA-256 d0aa7e5f9eee53be1581d8dcbdb7387635be796286668a8baeb830a1aa1c1cd4,not exposed by integration,AGPL-3.0-or-later (project author),"Centered source crop mirrored into a seamless tile, grayscale palette multiplier, edge-welded, downscaled to 512 px; output SHA-256 1d6bcd8fbd95a8122f08bb87b7aa0209c55ea04e48c0b953c3c9368c5af28e12.",approved - task-authorized realistic hay pass for Workers District and Pirita
building.facade_window.stone_pointed_open_shutters.aged_structural_oak_albedo,assets/buildings/facades/stone_pointed_window_open_shutters/stone_pointed_window_open_shutters_aged_structural_oak_albedo.png,project maintainer,tools/generate_window_facades.py with Blender 5.2 LTS,Embedded structural-oak albedo extracted from stone_pointed_window_open_shutters.glb by Godot 4.7 import; SHA-256 d11cfea402c9d3e9682857fb9bc007227afaf9a375db7d3443fd9e66a5c84206,not applicable,AGPL-3.0-or-later (project author),Deterministic 512 px painted oak surface; regenerate only by rebuilding and importing the parent GLB.,approved - derived from production-ready facade GLB
building.facade_window.stone_pointed_open_shutters.local_cut_limestone_albedo,assets/buildings/facades/stone_pointed_window_open_shutters/stone_pointed_window_open_shutters_local_cut_limestone_albedo.png,project maintainer,tools/generate_window_facades.py with Blender 5.2 LTS,Embedded local-limestone albedo extracted from stone_pointed_window_open_shutters.glb by Godot 4.7 import; SHA-256 81cc81ba9da5387a7a6d8639a005cae5c86b21c51e24857e3970c474ddb7d13c,not applicable,AGPL-3.0-or-later (project author),Deterministic 512 px painted limestone surface; regenerate only by rebuilding and importing the parent GLB.,approved - derived from production-ready facade GLB
building.facade_window.stone_pointed_open_shutters.weathered_shutter_boards_albedo,assets/buildings/facades/stone_pointed_window_open_shutters/stone_pointed_window_open_shutters_weathered_shutter_boards_albedo.png,project maintainer,tools/generate_window_facades.py with Blender 5.2 LTS,Embedded weathered-board albedo extracted from stone_pointed_window_open_shutters.glb by Godot 4.7 import; SHA-256 af9dd76cba0dc8707f8142f0fb30250f98be84d76e50aa61de25d23738d3efd7,not applicable,AGPL-3.0-or-later (project author),Deterministic 512 px painted shutter-board surface; regenerate only by rebuilding and importing the parent GLB.,approved - derived from production-ready facade GLB
building.facade_window.timber_closed_shutters.aged_structural_oak_albedo,assets/buildings/facades/timber_window_closed_shutters/timber_window_closed_shutters_aged_structural_oak_albedo.png,project maintainer,tools/generate_window_facades.py with Blender 5.2 LTS,Embedded structural-oak albedo extracted from timber_window_closed_shutters.glb by Godot 4.7 import; SHA-256 d11cfea402c9d3e9682857fb9bc007227afaf9a375db7d3443fd9e66a5c84206,not applicable,AGPL-3.0-or-later (project author),Deterministic 512 px painted oak surface; regenerate only by rebuilding and importing the parent GLB.,approved - derived from production-ready facade GLB
building.facade_window.timber_closed_shutters.weathered_shutter_boards_albedo,assets/buildings/facades/timber_window_closed_shutters/timber_window_closed_shutters_weathered_shutter_boards_albedo.png,project maintainer,tools/generate_window_facades.py with Blender 5.2 LTS,Embedded weathered-board albedo extracted from timber_window_closed_shutters.glb by Godot 4.7 import; SHA-256 af9dd76cba0dc8707f8142f0fb30250f98be84d76e50aa61de25d23738d3efd7,not applicable,AGPL-3.0-or-later (project author),Deterministic 512 px painted shutter-board surface; regenerate only by rebuilding and importing the parent GLB.,approved - derived from production-ready facade GLB
building.facade_window.timber_open_shutters.aged_structural_oak_albedo,assets/buildings/facades/timber_window_open_shutters/timber_window_open_shutters_aged_structural_oak_albedo.png,project maintainer,tools/generate_window_facades.py with Blender 5.2 LTS,Embedded structural-oak albedo extracted from timber_window_open_shutters.glb by Godot 4.7 import; SHA-256 d11cfea402c9d3e9682857fb9bc007227afaf9a375db7d3443fd9e66a5c84206,not applicable,AGPL-3.0-or-later (project author),Deterministic 512 px painted oak surface; regenerate only by rebuilding and importing the parent GLB.,approved - derived from production-ready facade GLB
building.facade_window.timber_open_shutters.weathered_shutter_boards_albedo,assets/buildings/facades/timber_window_open_shutters/timber_window_open_shutters_weathered_shutter_boards_albedo.png,project maintainer,tools/generate_window_facades.py with Blender 5.2 LTS,Embedded weathered-board albedo extracted from timber_window_open_shutters.glb by Godot 4.7 import; SHA-256 af9dd76cba0dc8707f8142f0fb30250f98be84d76e50aa61de25d23738d3efd7,not applicable,AGPL-3.0-or-later (project author),Deterministic 512 px painted shutter-board surface; regenerate only by rebuilding and importing the parent GLB.,approved - derived from production-ready facade GLB
assets.characters.shared.mart,assets/characters/shared/mart.glb,project maintainer,tools/build_heroic_humanoid_glb.py + tools/generate_hero_body.py (Blender 5.2 headless),generated in-repo from the mart spec in tools/character_specs.py; animation clips retargeted from KayKit Barbarian commit 672074b73ba276876a19e8816ecdc5241817ab47,not applicable,original work; CC0-1.0 animation data see assets/characters/shared/KAYKIT_CC0_LICENSE.txt,"Named adolescent body with authored face, build, vest, palette, shared skeleton layout, and 76 retargeted clips.",approved - maintainer-directed P0-199 modular human model improvement
assets.characters.shared.lod_manifest,assets/characters/shared/character_lod_manifest.json,project maintainer,tools/generate_character_lods.py with Blender 5.2 LTS,Deterministic decimated LOD1 (~50%) and LOD2 (~20%) mesh exports for every body in tools/character_specs.py; triangle fractions recorded per body; runtime mounted by SharedCharacterRig visibility_range switching,not applicable,AGPL-3.0-or-later (project author),Regenerate LOD GLBs beside each parent body with blender --background --python tools/generate_character_lods.py after body mesh changes.,approved - P0-151 character distance LOD system
assets.props.architecture.gates.oak_double_gate,assets/props/architecture/gates/oak_double_gate.glb,project maintainer,tools/generate_medieval_gate_kit.py with Blender 5.2 LTS,"Deterministic mid-14th-century oak double gate leaves; vertical boards, forged strap hinges, raised threshold, embedded 512 px painted albedos; SHA-256 57c5131f81c9fa6117fefadec4257011138744442b222bc81ef9b9983a31440a",not applicable,AGPL-3.0-or-later (project author),"Procedurally modeled and UV-authored in Blender; 2088 triangles, three material surfaces, 4.8019 x 2.1827 x 2.6525 m in Godot; parked open at gate_arch landmarks such as viru_foregate_arch.",approved - task-authorized 1343 Reval gate kit; deterministic asset and Viru foregate integration verified
assets.props.architecture.gates.oak_double_gate.dark_oak_albedo,assets/props/architecture/gates/oak_double_gate_GateDarkOak_albedo.png,project maintainer,tools/generate_medieval_gate_kit.py with Blender 5.2 LTS,Embedded dark-oak albedo extracted from oak_double_gate.glb by Godot import,not applicable,AGPL-3.0-or-later (project author),Deterministic 512 px painted oak surface; regenerate only by re-running the gate kit generator.,approved - derived from oak_double_gate.glb
assets.props.architecture.gates.oak_double_gate.oak_albedo,assets/props/architecture/gates/oak_double_gate_GateOak_albedo.png,project maintainer,tools/generate_medieval_gate_kit.py with Blender 5.2 LTS,Embedded oak albedo extracted from oak_double_gate.glb by Godot import,not applicable,AGPL-3.0-or-later (project author),Deterministic 512 px painted oak surface; regenerate only by re-running the gate kit generator.,approved - derived from oak_double_gate.glb
assets.props.architecture.gates.oak_double_gate.wrought_iron_albedo,assets/props/architecture/gates/oak_double_gate_GateWroughtIron_albedo.png,project maintainer,tools/generate_medieval_gate_kit.py with Blender 5.2 LTS,Embedded wrought-iron albedo extracted from oak_double_gate.glb by Godot import,not applicable,AGPL-3.0-or-later (project author),Deterministic 512 px painted iron surface; regenerate only by re-running the gate kit generator.,approved - derived from oak_double_gate.glb
assets.props.architecture.gates.ironbound_double_gate,assets/props/architecture/gates/ironbound_double_gate.glb,project maintainer,tools/generate_medieval_gate_kit.py with Blender 5.2 LTS,"Deterministic iron-bound oak double gate leaves; studded boards, forged bands, strap hinges, embedded 512 px painted albedos; SHA-256 be57eee1247ab3ce25dbf42b1cfa65c3ae1a21be56ce13ba671a1177bc922f91",not applicable,AGPL-3.0-or-later (project author),"Procedurally modeled and UV-authored in Blender; 2464 triangles, three material surfaces, 4.8314 x 2.1887 x 2.6525 m in Godot; parked open at viru_gate_arch without blocking the walkable passage.",approved - task-authorized 1343 Reval gate kit; deterministic asset and Viru Gate integration verified
assets.props.architecture.gates.ironbound_double_gate.dark_oak_albedo,assets/props/architecture/gates/ironbound_double_gate_GateDarkOak_albedo.png,project maintainer,tools/generate_medieval_gate_kit.py with Blender 5.2 LTS,Embedded dark-oak albedo extracted from ironbound_double_gate.glb by Godot import,not applicable,AGPL-3.0-or-later (project author),Deterministic 512 px painted oak surface; regenerate only by re-running the gate kit generator.,approved - derived from ironbound_double_gate.glb
assets.props.architecture.gates.ironbound_double_gate.oak_albedo,assets/props/architecture/gates/ironbound_double_gate_GateOak_albedo.png,project maintainer,tools/generate_medieval_gate_kit.py with Blender 5.2 LTS,Embedded oak albedo extracted from ironbound_double_gate.glb by Godot import,not applicable,AGPL-3.0-or-later (project author),Deterministic 512 px painted oak surface; regenerate only by re-running the gate kit generator.,approved - derived from ironbound_double_gate.glb
assets.props.architecture.gates.ironbound_double_gate.wrought_iron_albedo,assets/props/architecture/gates/ironbound_double_gate_GateWroughtIron_albedo.png,project maintainer,tools/generate_medieval_gate_kit.py with Blender 5.2 LTS,Embedded wrought-iron albedo extracted from ironbound_double_gate.glb by Godot import,not applicable,AGPL-3.0-or-later (project author),Deterministic 512 px painted iron surface; regenerate only by re-running the gate kit generator.,approved - derived from ironbound_double_gate.glb
assets.props.architecture.gates.raised_portcullis,assets/props/architecture/gates/raised_portcullis.glb,project maintainer,tools/generate_medieval_gate_kit.py with Blender 5.2 LTS,"Deterministic raised portcullis grille; forged teeth, side channels, cross braces, embedded 512 px painted albedos; SHA-256 c304de94faca66110df74858f67484303556e48029c872abc864020818f7882c",not applicable,AGPL-3.0-or-later (project author),"Procedurally modeled and UV-authored in Blender; 2630 triangles, two material surfaces, 5.28 x 0.445 x 3.27 m in Godot; raised under the lintel at viru_gate_arch.",approved - task-authorized 1343 Reval gate kit; deterministic asset and Viru Gate integration verified
assets.props.architecture.gates.raised_portcullis.dark_oak_albedo,assets/props/architecture/gates/raised_portcullis_GateDarkOak_albedo.png,project maintainer,tools/generate_medieval_gate_kit.py with Blender 5.2 LTS,Embedded dark-oak albedo extracted from raised_portcullis.glb by Godot import,not applicable,AGPL-3.0-or-later (project author),Deterministic 512 px painted oak surface; regenerate only by re-running the gate kit generator.,approved - derived from raised_portcullis.glb
assets.props.architecture.gates.raised_portcullis.wrought_iron_albedo,assets/props/architecture/gates/raised_portcullis_GateWroughtIron_albedo.png,project maintainer,tools/generate_medieval_gate_kit.py with Blender 5.2 LTS,Embedded wrought-iron albedo extracted from raised_portcullis.glb by Godot import,not applicable,AGPL-3.0-or-later (project author),Deterministic 512 px painted iron surface; regenerate only by re-running the gate kit generator.,approved - derived from raised_portcullis.glb
assets.props.environment.sacred_grove_ancient_oak,assets/props/environment/sacred_grove_ancient_oak/sacred_grove_ancient_oak.glb,project maintainer,tools/generate_sacred_grove_ancient_oak.py with Blender 5.2 LTS,"Deterministic ancient Estonian sacred oak with asymmetric wind-shaped bole, buttress roots, layered boughs, broken heartwood, hollow, shaped English-oak leaves, and embedded painted PBR textures; SHA-256 cf9b580f18819cbc8fc8a2732c9cf3ab72045dc504b920e52059bb6e98df9dd8",1343,AGPL-3.0-or-later (project author),"Procedurally modeled and UV-authored in Blender; 63887 triangles, four mesh parts, four materials, 30.221 x 26.4959 x 20.815 m in Blender axes; integrated at ancient_oak in loc.world_sacred_grove without collision or navigation changes.","approved - user requested a much more realistic custom 3D model for the Sacred Grove huge tree; Godot import, target-scene captures, and tests verified"
assets.props.environment.sacred_grove_ancient_oak.bark_albedo,assets/props/environment/sacred_grove_ancient_oak/sacred_grove_ancient_oak_ancient_oak_bark_albedo.png,project maintainer,tools/generate_sacred_grove_ancient_oak.py with Blender 5.2 LTS,Embedded fissured old-oak bark albedo extracted from sacred_grove_ancient_oak.glb by Godot 4.7 import; SHA-256 74dd1ac8f496cb472402450b4e43c70d7de883e9457bf21edb27970c1bddf681,1343,AGPL-3.0-or-later (project author),"Deterministic 1024 px painted bark with irregular vertical plates, deep furrows, and sparse desaturated lichen; regenerate only by rebuilding and importing the parent GLB.",approved - derived from Sacred Grove production GLB
assets.props.environment.sacred_grove_ancient_oak.bark_normal,assets/props/environment/sacred_grove_ancient_oak/sacred_grove_ancient_oak_ancient_oak_bark_normal.png,project maintainer,tools/generate_sacred_grove_ancient_oak.py with Blender 5.2 LTS,Embedded tangent-space old-oak bark normal extracted from sacred_grove_ancient_oak.glb by Godot 4.7 import; SHA-256 a9bbe39250f7f05ba078851cfef304c90e71b54139cd34282e2cf46e8c2e949e,1343,AGPL-3.0-or-later (project author),Deterministic 1024 px normal relief derived from the authored fissured bark height field; regenerate only by rebuilding and importing the parent GLB.,approved - derived from Sacred Grove production GLB
assets.props.environment.sacred_grove_ancient_oak.leaf_albedo,assets/props/environment/sacred_grove_ancient_oak/sacred_grove_ancient_oak_ancient_oak_leaf_albedo.png,project maintainer,tools/generate_sacred_grove_ancient_oak.py with Blender 5.2 LTS,Embedded oak-leaf albedo extracted from sacred_grove_ancient_oak.glb by Godot 4.7 import; SHA-256 1dc49d173b064a7d971c55e50e8fd3c1af7c52290e8c4eaf86ca8d4de792a703,1343,AGPL-3.0-or-later (project author),Deterministic 512 px restrained green leaf texture with central and side veins for the modeled lobed leaf geometry; regenerate only by rebuilding and importing the parent GLB.,approved - derived from Sacred Grove production GLB
assets.props.environment.sacred_grove_ancient_oak.heartwood_albedo,assets/props/environment/sacred_grove_ancient_oak/sacred_grove_ancient_oak_ancient_oak_heartwood_albedo.png,project maintainer,tools/generate_sacred_grove_ancient_oak.py with Blender 5.2 LTS,Embedded heartwood albedo extracted from sacred_grove_ancient_oak.glb by Godot 4.7 import; SHA-256 27add47e0865782cd8d8239bcabea86cfced2f66855b96f9a9cdaaf1652eab23,1343,AGPL-3.0-or-later (project author),Deterministic heartwood albedo for exposed trunk interior; regenerate only by rebuilding and importing the parent GLB.,approved - derived from Sacred Grove production GLB
assets.props.vehicles.wooden_cart,assets/props/vehicles/wooden_cart.glb,project maintainer,tools/generate_wooden_cart.py with Blender 5.2 LTS,"Deterministic fourteenth-century wooden cart; weathered oak planks, dark-oak timber shafts, aged iron fittings, embedded 512 px painted albedos; SHA-256 30cab6f2fa9edff9d951430ba7beee978d27c92629ba407bbc77f1c80f71e2c8",not applicable,AGPL-3.0-or-later (project author),"Procedurally modeled and UV-authored in Blender; 4240 triangles, four material surfaces, 1.16 x 1.0 x 2.45 m in Godot axes; bed top at 0.68 m preserves PROP_KIND_CART climb height.",approved - task-authorized medieval cart for street and farm_cart props
assets.props.vehicles.wooden_cart.oak_planks_albedo,assets/props/vehicles/wooden_cart_weathered_oak_planks_albedo.png,project maintainer,tools/generate_wooden_cart.py with Blender 5.2 LTS,Embedded weathered oak plank albedo extracted from wooden_cart.glb by Godot import; SHA-256 11b35ed241f798a50cf5a7fd2857e81c12e791214bfbb89665fa6eb977728e5a,not applicable,AGPL-3.0-or-later (project author),Deterministic 512 px painted oak plank surface; regenerate only by re-running the cart generator.,approved - derived from wooden_cart.glb
assets.props.vehicles.wooden_cart.timber_albedo,assets/props/vehicles/wooden_cart_dark_oak_timber_albedo.png,project maintainer,tools/generate_wooden_cart.py with Blender 5.2 LTS,Embedded dark-oak timber albedo extracted from wooden_cart.glb by Godot import; SHA-256 3aaed0a35f2e94304741ef2c02b747edbfa1cd8ec3f86b09e89cff1aa125c703,not applicable,AGPL-3.0-or-later (project author),Deterministic 512 px painted timber surface; regenerate only by re-running the cart generator.,approved - derived from wooden_cart.glb
assets.props.vehicles.wooden_cart.iron_albedo,assets/props/vehicles/wooden_cart_aged_cart_iron_albedo.png,project maintainer,tools/generate_wooden_cart.py with Blender 5.2 LTS,Embedded aged iron albedo extracted from wooden_cart.glb by Godot import; SHA-256 176c2c25880744412d17c5bd1cd79ddfa4954131f42c1da5241fc161d49e249e,not applicable,AGPL-3.0-or-later (project author),Deterministic 512 px painted iron surface; regenerate only by re-running the cart generator.,approved - derived from wooden_cart.glb
assets.props.market.market_stall,assets/props/market/market_stall.glb,project maintainer,tools/generate_market_stall.py with Blender 5.2 LTS,"Deterministic portable fourteenth-century market stall; braced oak frame, plank counter and shelf, rope lashings, iron pegs, shaped woven-flax awning; embedded 512 px painted albedos; SHA-256 ac1b2307216b08c7f2890e8312c8f6fc83247994d64597ad4e5e10a836514469",not applicable,AGPL-3.0-or-later (project author),"Procedurally modeled and UV-authored in Blender; 3748 triangles, five material surfaces, 2.0629 x 1.947 x 1.5736 m in Godot axes; preserves rrmap-owned stall anchors, collision, and navigation.",approved - user-requested market stall visual upgrade; integration verified in market maps
assets.props.market.market_stall.oak_albedo,assets/props/market/market_stall_weathered_market_oak_albedo.png,project maintainer,tools/generate_market_stall.py with Blender 5.2 LTS,Embedded painted oak albedo extracted from market_stall.glb by Godot import; SHA-256 016705a2c1197178c2bcd56143e433d549268fc09d7245fec69270c25b622449,not applicable,AGPL-3.0-or-later (project author),Deterministic 512 px weathered plank surface; regenerate only by re-running the market stall generator.,approved - derived from market_stall.glb
assets.props.market.market_stall.timber_albedo,assets/props/market/market_stall_dark_oak_frame_albedo.png,project maintainer,tools/generate_market_stall.py with Blender 5.2 LTS,Embedded dark-oak frame albedo extracted from market_stall.glb by Godot import; SHA-256 3c649be969098c8e4637a558eea8e56a5a0ea8f6883920f0090430aa0ee2346f,not applicable,AGPL-3.0-or-later (project author),Deterministic 512 px structural timber surface; regenerate only by re-running the market stall generator.,approved - derived from market_stall.glb
assets.props.market.market_stall.canvas_albedo,assets/props/market/market_stall_woven_flax_canvas_albedo.png,project maintainer,tools/generate_market_stall.py with Blender 5.2 LTS,Embedded woven-flax awning albedo extracted from market_stall.glb by Godot import; SHA-256 9448930758011cf0bf165ec1754072a406b7d5de63e645b3a73c2bd72817ef99,not applicable,AGPL-3.0-or-later (project author),Deterministic 512 px faded canvas surface with broad folds and restrained weave; regenerate only by re-running the market stall generator.,approved - derived from market_stall.glb
assets.props.market.market_stall.rope_albedo,assets/props/market/market_stall_hemp_rope_albedo.png,project maintainer,tools/generate_market_stall.py with Blender 5.2 LTS,Embedded hemp-rope albedo extracted from market_stall.glb by Godot import; SHA-256 949e72f00f9e11124592713930ac2dcd399e86057380858b59f13271875e2a7e,not applicable,AGPL-3.0-or-later (project author),Deterministic 512 px twisted-fiber rope surface; regenerate only by re-running the market stall generator.,approved - derived from market_stall.glb
assets.props.market.market_stall.iron_albedo,assets/props/market/market_stall_wrought_iron_fittings_albedo.png,project maintainer,tools/generate_market_stall.py with Blender 5.2 LTS,Embedded wrought-iron fittings albedo extracted from market_stall.glb by Godot import; SHA-256 8afa18aa923300c322f8e800c7a7e576aae2856e6ebddfdb57ae632d15d41129,not applicable,AGPL-3.0-or-later (project author),Deterministic 512 px rough hammered iron surface; regenerate only by re-running the market stall generator.,approved - derived from market_stall.glb
assets.props.crafts.tanning_frame,assets/props/crafts/tanning_frame/tanning_frame.glb,project maintainer,tools/generate_tanning_frame.py with Blender 5.2 LTS,"Deterministic cattle-hide stretching frame; irregular hide silhouette, perimeter hemp lacing, aged-oak braces; embedded 512 px painted albedos; SHA-256 6ba497179463ff7e5c1fca61284bb18bf29e83ea3164dc9f1e4fef7d030abf1d",not applicable,AGPL-3.0-or-later (project author),"Procedurally modeled and UV-authored in Blender; 488 triangles, three material surfaces, 1.24 x 0.65 x 1.37 m in Godot axes; preserves rrmap-owned tanning_frame footprint, collision, and navigation.",approved - user-requested tanning frame visual upgrade; integration verified in district-life props
assets.props.crafts.tanning_frame.timber_albedo,assets/props/crafts/tanning_frame/tanning_frame_AgedOakTimber_albedo.png,project maintainer,tools/generate_tanning_frame.py with Blender 5.2 LTS,Embedded aged-oak timber albedo extracted from tanning_frame.glb by Godot import; SHA-256 203c96331595b2890ad527d36954c305f404cc953dfe181963bbd92b9d4e4329,not applicable,AGPL-3.0-or-later (project author),Deterministic 512 px structural timber surface; regenerate only by re-running the tanning frame generator.,approved - derived from tanning_frame.glb
assets.props.crafts.tanning_frame.hide_albedo,assets/props/crafts/tanning_frame/tanning_frame_WorkedCattleHide_albedo.png,project maintainer,tools/generate_tanning_frame.py with Blender 5.2 LTS,Embedded worked-cattle-hide albedo extracted from tanning_frame.glb by Godot import; SHA-256 8ee9939d8c503fd4201d5f382a415ec282f29a82ed6e61fe3078d1b8641e51fc,not applicable,AGPL-3.0-or-later (project author),Deterministic 512 px rubbed hide surface; regenerate only by re-running the tanning frame generator.,approved - derived from tanning_frame.glb
assets.props.crafts.tanning_frame.rope_albedo,assets/props/crafts/tanning_frame/tanning_frame_HempLacing_albedo.png,project maintainer,tools/generate_tanning_frame.py with Blender 5.2 LTS,Embedded hemp-lacing albedo extracted from tanning_frame.glb by Godot import; SHA-256 e9c070c40123f424bd2614aaad66cdc4daf105dd42e5e5e84afe15086e1b2b55,not applicable,AGPL-3.0-or-later (project author),Deterministic 512 px twisted-fiber rope surface; regenerate only by re-running the tanning frame generator.,approved - derived from tanning_frame.glb
assets.props.crafts.fishing_nets,assets/props/crafts/fishing_nets/fishing_nets.glb,project maintainer,tools/generate_fishing_nets.py with Blender 5.2 LTS,"Deterministic Baltic fishing net rack; braced oak frame, diamond hemp netting with catenary sag, cork floats, pierced stone sinkers; embedded 512 px painted albedos; SHA-256 fa6675a9889b58c76a5c7065b483a1599420bad3f45b5f831ae6477559f73d49",not applicable,AGPL-3.0-or-later (project author),"Procedurally modeled and UV-authored in Blender; 4240 triangles, four material surfaces, 1.46 x 1.48 x 0.50 m in Godot axes; preserves rrmap-owned fishing_nets footprint, collision, and navigation.",approved - P2-046 fishing net visual upgrade; integration verified in Kalamaja harbor map
assets.props.crafts.fishing_nets.oak_albedo,assets/props/crafts/fishing_nets/fishing_nets_SaltWeatheredOak_albedo.png,project maintainer,tools/generate_fishing_nets.py with Blender 5.2 LTS,Embedded salt-weathered oak albedo extracted from fishing_nets.glb by Godot import; SHA-256 b1d20add85cf554009b41c382d247d15b5e5cc5291de6ed6008389526822271d,not applicable,AGPL-3.0-or-later (project author),Deterministic 512 px painted oak frame surface; regenerate only by re-running the fishing nets generator.,approved - derived from fishing_nets.glb
assets.props.crafts.fishing_nets.hemp_albedo,assets/props/crafts/fishing_nets/fishing_nets_TarredHempNet_albedo.png,project maintainer,tools/generate_fishing_nets.py with Blender 5.2 LTS,Embedded tarred-hemp net albedo extracted from fishing_nets.glb by Godot import; SHA-256 69fd9bf67fef1a2414fe7c5ab2dc20b306d34faea292106dc53c4e8c420b51ac,not applicable,AGPL-3.0-or-later (project author),Deterministic 512 px painted knotted hemp surface; regenerate only by re-running the fishing nets generator.,approved - derived from fishing_nets.glb
assets.props.crafts.fishing_nets.float_albedo,assets/props/crafts/fishing_nets/fishing_nets_BarkCorkFloats_albedo.png,project maintainer,tools/generate_fishing_nets.py with Blender 5.2 LTS,Embedded bark-cork float albedo extracted from fishing_nets.glb by Godot import; SHA-256 8f296be065f4cd6912c713145fd3fc2b4cfffb956fbc2dc62e91ff5ece85fbd7,not applicable,AGPL-3.0-or-later (project author),Deterministic 512 px painted cork float surface; regenerate only by re-running the fishing nets generator.,approved - derived from fishing_nets.glb
assets.props.crafts.fishing_nets.sinker_albedo,assets/props/crafts/fishing_nets/fishing_nets_PiercedStoneSinkers_albedo.png,project maintainer,tools/generate_fishing_nets.py with Blender 5.2 LTS,Embedded pierced-stone sinker albedo extracted from fishing_nets.glb by Godot import; SHA-256 20928c0a5739f46fbad6fabc1f178fc5da6c1b335119fd10c76d8bccedc02ea7,not applicable,AGPL-3.0-or-later (project author),Deterministic 512 px painted stone sinker surface; regenerate only by re-running the fishing nets generator.,approved - derived from fishing_nets.glb
assets.props.trade.eastern_furs_wax,assets/props/trade/eastern_furs_wax/eastern_furs_wax.glb,project maintainer,tools/generate_hanseatic_trade_goods.py with Blender 5.2 LTS,Deterministic eastern-furs-and-beeswax cargo cluster; Novgorod fur bundles and wax cakes on a ground-contact pallet; embedded 512 px painted albedos; SHA-256 b366f889e69e1a060835ccb826c690b0578dd06fc06a125139382818a3e02c17,not applicable,AGPL-3.0-or-later (project author),"Procedurally modeled and UV-authored in Blender; 2820 triangles, four material surfaces, 1.43 x 0.82 x 0.52 m in Godot axes; assigned to cargo_shed_west_goods.",approved - P2-046 Hanseatic trade corridor visual upgrade
assets.props.trade.western_cloth_salt,assets/props/trade/western_cloth_salt/western_cloth_salt.glb,project maintainer,tools/generate_hanseatic_trade_goods.py with Blender 5.2 LTS,Deterministic western-cloth-and-salt cargo cluster; cord-bound cloth bales and barrelled salt; embedded 512 px painted albedos; SHA-256 0e6d14b38cd56891706766b4f54d04c7e12192de99ca641b3b3e7f69cc105d02,not applicable,AGPL-3.0-or-later (project author),"Procedurally modeled and UV-authored in Blender; 3120 triangles, six material surfaces, 1.51 x 0.71 x 0.69 m in Godot axes; assigned to warehouse_mid_goods.",approved - P2-046 Hanseatic trade corridor visual upgrade
assets.props.trade.livonian_grain_flax,assets/props/trade/livonian_grain_flax/livonian_grain_flax.glb,project maintainer,tools/generate_hanseatic_trade_goods.py with Blender 5.2 LTS,Deterministic Livonian grain-and-flax cargo cluster; grain sacks and bound flax bundles; embedded 512 px painted albedos; SHA-256 9035089d626848c45aa865858c5cd2f8d45a29653c841f600af307def867bed1,not applicable,AGPL-3.0-or-later (project author),"Procedurally modeled and UV-authored in Blender; 6012 triangles, three material surfaces, 1.16 x 0.90 x 0.70 m in Godot axes; assigned to market_goods.",approved - P2-046 Hanseatic trade corridor visual upgrade
assets.props.trade.barrelled_herring_metal,assets/props/trade/barrelled_herring_metal/barrelled_herring_metal.glb,project maintainer,tools/generate_hanseatic_trade_goods.py with Blender 5.2 LTS,"Deterministic barrelled-herring-and-metal cargo cluster; coopered barrels, iron bars, and copper ingots; embedded 512 px painted albedos; SHA-256 a49674e8ff885929c913253f1b5964f3955158156e742fe75019ee2dec9622b9",not applicable,AGPL-3.0-or-later (project author),"Procedurally modeled and UV-authored in Blender; 3260 triangles, six material surfaces, 1.35 x 0.98 x 0.68 m in Godot axes; assigned to tally_ground_goods.",approved - P2-046 Hanseatic trade corridor visual upgrade
assets.props.environment.root_cellar_mound,assets/props/environment/root_cellar_mound/root_cellar_mound.glb,project maintainer,tools/generate_root_cellar_mound.py with Blender 5.2 LTS,"Deterministic turf-covered rural root cellar; low earthen vault, recessed oak plank door, restrained fieldstone retaining apron, embedded 512 px painted albedos; SHA-256 84f358f86c6a6b6f55a270cf2205e9314e53f9ad34b97bc5049a930b0359cfb9",not applicable,AGPL-3.0-or-later (project author),"Procedurally modeled and UV-authored in Blender; 736 triangles, five material surfaces, 1.9477 x 0.7357 x 1.73 m in Godot axes; replaces the flattened stone sphere without changing the rrmap footprint, collision, or navigation.",approved - user-requested root cellar visual upgrade; deterministic asset and rural-life integration verified
assets.props.environment.root_cellar_mound.turf_albedo,assets/props/environment/root_cellar_mound/root_cellar_mound_root_cellar_turf_albedo.png,project maintainer,tools/generate_root_cellar_mound.py with Blender 5.2 LTS,Embedded painted turf albedo extracted from root_cellar_mound.glb by Godot import; SHA-256 b70038a421ab6f38c21e900b60795c2edc470a19251adb1638f5bd9dc597aeff,not applicable,AGPL-3.0-or-later (project author),Deterministic seamless 512 px broad grass variation without stone courses; regenerate only by re-running the root cellar generator.,approved - derived from root_cellar_mound.glb
assets.props.environment.root_cellar_mound.earth_albedo,assets/props/environment/root_cellar_mound/root_cellar_mound_root_cellar_exposed_earth_albedo.png,project maintainer,tools/generate_root_cellar_mound.py with Blender 5.2 LTS,Embedded painted earth albedo extracted from root_cellar_mound.glb by Godot import; SHA-256 fc4b018260ea74c02ba5fb95a03232d00771c31781d1cdf561634b0ff01998ba,not applicable,AGPL-3.0-or-later (project author),Deterministic seamless 512 px exposed-soil variation; regenerate only by re-running the root cellar generator.,approved - derived from root_cellar_mound.glb
assets.props.environment.root_cellar_mound.oak_albedo,assets/props/environment/root_cellar_mound/root_cellar_mound_root_cellar_aged_oak_albedo.png,project maintainer,tools/generate_root_cellar_mound.py with Blender 5.2 LTS,Embedded painted oak albedo extracted from root_cellar_mound.glb by Godot import; SHA-256 7eb2763e9638ba9b849e49f34317bc1970e227ef55a9b26393e66835a77e6ca4,not applicable,AGPL-3.0-or-later (project author),Deterministic seamless 512 px aged plank surface for the recessed cellar door and frame; regenerate only by re-running the root cellar generator.,approved - derived from root_cellar_mound.glb
assets.props.environment.root_cellar_mound.fieldstone_albedo,assets/props/environment/root_cellar_mound/root_cellar_mound_root_cellar_fieldstone_albedo.png,project maintainer,tools/generate_root_cellar_mound.py with Blender 5.2 LTS,Embedded painted fieldstone albedo extracted from root_cellar_mound.glb by Godot import; SHA-256 ee29e8a08b129ec7f9fc1921d44dd4607bc52754736e365637ea8d25d0286313,not applicable,AGPL-3.0-or-later (project author),Deterministic seamless 512 px organic stone mottling confined to the entrance apron; no ashlar or brick courses; regenerate only by re-running the root cellar generator.,approved - derived from root_cellar_mound.glb
assets.props.crafts.malt_sack_pile,assets/props/crafts/malt_sack_pile/malt_sack_pile.glb,project maintainer,tools/generate_malt_sack_pile.py with Blender 5.2 LTS,"Deterministic brewery malt sack pile; gathered linen sacks, visible hemp seams and ties, open golden malted barley, aged-oak grain scoop; embedded 512 px painted albedos; SHA-256 462beacfbe2f34d692f85080c6646eb59bc0a8dd9c8370d0cda6406610a1c331",not applicable,AGPL-3.0-or-later (project author),"Procedurally modeled and UV-authored in Blender; 1624 triangles, four material families, 1.2631 x 0.6741 x 0.9554 m in Godot axes; replaces egg-like spheres without changing rrmap-owned anchor, collision, or navigation.",approved - user-approved malt sack pile visual upgrade; deterministic Blender build and Godot integration verified
assets.props.crafts.malt_sack_pile.burlap_albedo,assets/props/crafts/malt_sack_pile/malt_sack_pile_WornLinenBurlap_albedo.png,project maintainer,tools/generate_malt_sack_pile.py with Blender 5.2 LTS,Embedded worn-linen burlap albedo extracted from malt_sack_pile.glb by Godot import; SHA-256 20e8006afba936bdaa8a8074395009d09d2590536c6b9ef4d1aefe3b39bfd350,not applicable,AGPL-3.0-or-later (project author),Deterministic 512 px painted linen weave with broad wear and restrained stains; regenerate only by rebuilding and importing the parent GLB.,approved - derived from malt_sack_pile.glb
assets.props.crafts.malt_sack_pile.rope_albedo,assets/props/crafts/malt_sack_pile/malt_sack_pile_HempSeamsAndTies_albedo.png,project maintainer,tools/generate_malt_sack_pile.py with Blender 5.2 LTS,Embedded hemp seam-and-tie albedo extracted from malt_sack_pile.glb by Godot import; SHA-256 cbdc46f6bce9a5388bdbbb3d9a249b8641cd7ad6f611c02d4f30366c87af139c,not applicable,AGPL-3.0-or-later (project author),Deterministic 512 px painted twisted-fiber surface; regenerate only by rebuilding and importing the parent GLB.,approved - derived from malt_sack_pile.glb
assets.props.crafts.malt_sack_pile.malt_albedo,assets/props/crafts/malt_sack_pile/malt_sack_pile_GoldenMaltedBarley_albedo.png,project maintainer,tools/generate_malt_sack_pile.py with Blender 5.2 LTS,Embedded malted-barley albedo extracted from malt_sack_pile.glb by Godot import; SHA-256 39ead592f24f9fdcc7036e16d5c212e567b662d8ac282d394133ab9a5297d798,not applicable,AGPL-3.0-or-later (project author),Deterministic 512 px painted golden malt surface with restrained kernel-scale marks; regenerate only by rebuilding and importing the parent GLB.,approved - derived from malt_sack_pile.glb
assets.props.crafts.malt_sack_pile.scoop_albedo,assets/props/crafts/malt_sack_pile/malt_sack_pile_AgedOakGrainScoop_albedo.png,project maintainer,tools/generate_malt_sack_pile.py with Blender 5.2 LTS,Embedded aged-oak scoop albedo extracted from malt_sack_pile.glb by Godot import; SHA-256 9e1783eecc162a37c185dd855ed29aa2e1ac7e72d6de173bbc9783bd1c7880fc,not applicable,AGPL-3.0-or-later (project author),Deterministic 512 px painted oak grain with subdued knots; regenerate only by rebuilding and importing the parent GLB.,approved - derived from malt_sack_pile.glb
assets.props.crafts.salt_pile,assets/props/crafts/salt_pile/salt_pile.glb,project maintainer,tools/generate_salt_pile.py with Blender 5.2 LTS,Deterministic harbour salt pile; coarse white salt mound and aged-oak grain scoop; embedded 512 px painted albedos; SHA-256 6f78dba49bacae7bd1ed065c4fe4b72d0e18edcae77fa230e4aa0f962af2fb4c,not applicable,AGPL-3.0-or-later (project author),"Procedurally modeled and UV-authored in Blender; 688 triangles, two material families, 1.3828 x 0.48 x 0.9664 m in Godot axes; replaces egg-like spheres without changing rrmap-owned anchor, collision, or navigation.",approved - user-approved salt pile visual upgrade; deterministic Blender build and Godot integration verified
assets.props.crafts.salt_pile.salt_albedo,assets/props/crafts/salt_pile/salt_pile_CoarseSalt_albedo.png,project maintainer,tools/generate_salt_pile.py with Blender 5.2 LTS,Embedded coarse-salt albedo extracted from salt_pile.glb by Godot import; SHA-256 bcc74e42ca3672b0e2094a5c644475204f35b8a60fa69335a9a5697941d06f4e,not applicable,AGPL-3.0-or-later (project author),Deterministic 512 px painted crystalline salt surface; regenerate only by rebuilding and importing the parent GLB.,approved - derived from salt_pile.glb
assets.props.crafts.salt_pile.scoop_albedo,assets/props/crafts/salt_pile/salt_pile_AgedOakGrainScoop_albedo.png,project maintainer,tools/generate_salt_pile.py with Blender 5.2 LTS,Embedded aged-oak scoop albedo extracted from salt_pile.glb by Godot import; SHA-256 9e1783eecc162a37c185dd855ed29aa2e1ac7e72d6de173bbc9783bd1c7880fc,not applicable,AGPL-3.0-or-later (project author),Deterministic 512 px painted oak grain with subdued knots; regenerate only by rebuilding and importing the parent GLB.,approved - derived from salt_pile.glb
assets.props.furniture.chest_poor_household,assets/props/furniture/chest_poor_household/chest_poor_household.glb,project maintainer,tools/generate_household_chests.py with Blender 5.2 LTS,"Deterministic small plain household coffer with an all-wood carcass, flat boarded lid, wooden battens, feet, and peg latch; SHA-256 91acfc5ace6c96c4a39e0277822b79ee8f021ccf8927e3677a1a2187f7f7d8ce",not applicable,AGPL-3.0-or-later (project author),"Procedurally modeled and UV-authored in Blender; 708 triangles, two embedded 512 px painted material surfaces, 0.815 x 0.4475 x 0.5125 m in Godot axes; intended for linens, food vessels, and tools in poor households.",approved - user-requested household chest visual upgrade
assets.props.furniture.chest_poor_household.oak_albedo,assets/props/furniture/chest_poor_household/chest_poor_household_PoorChestOak_albedo.png,project maintainer,tools/generate_household_chests.py with Blender 5.2 LTS,Embedded pale-oak albedo extracted from chest_poor_household.glb by Godot import; SHA-256 91acfc5ace6c96c4a39e0277822b79ee8f021ccf8927e3677a1a2187f7f7d8ce,not applicable,AGPL-3.0-or-later (project author),Deterministic 512 px broad-grain painted wood surface; regenerate only by re-running the household chest generator.,approved - derived from chest_poor_household.glb
assets.props.furniture.chest_poor_household.timber_albedo,assets/props/furniture/chest_poor_household/chest_poor_household_PoorChestTimber_albedo.png,project maintainer,tools/generate_household_chests.py with Blender 5.2 LTS,Embedded dark-timber albedo extracted from chest_poor_household.glb by Godot import; SHA-256 91acfc5ace6c96c4a39e0277822b79ee8f021ccf8927e3677a1a2187f7f7d8ce,not applicable,AGPL-3.0-or-later (project author),Deterministic 512 px low-contrast structural timber surface; regenerate only by re-running the household chest generator.,approved - derived from chest_poor_household.glb
assets.props.furniture.chest_burgher_household,assets/props/furniture/chest_burgher_household/chest_burgher_household.glb,project maintainer,tools/generate_household_chests.py with Blender 5.2 LTS,"Deterministic burgher household chest with an arched lid, two wrought-iron straps, rivets, feet, plank seams, and central lock; SHA-256 03749a77b4e79bbdadf3f7fabcd0f3f89ffc37d3c508cd00b7123fece53631d2",not applicable,AGPL-3.0-or-later (project author),"Procedurally modeled and UV-authored in Blender; 1872 triangles, three embedded 512 px painted material surfaces, 1.005 x 0.6075 x 0.610 m in Godot axes; intended for clothing, account papers, tools, and mixed burgher goods.",approved - user-requested household chest visual upgrade
assets.props.furniture.chest_burgher_household.oak_albedo,assets/props/furniture/chest_burgher_household/chest_burgher_household_CommonChestOak_albedo.png,project maintainer,tools/generate_household_chests.py with Blender 5.2 LTS,Embedded oak albedo extracted from chest_burgher_household.glb by Godot import; SHA-256 03749a77b4e79bbdadf3f7fabcd0f3f89ffc37d3c508cd00b7123fece53631d2,not applicable,AGPL-3.0-or-later (project author),Deterministic 512 px broad-grain painted oak surface; regenerate only by re-running the household chest generator.,approved - derived from chest_burgher_household.glb
assets.props.furniture.chest_burgher_household.timber_albedo,assets/props/furniture/chest_burgher_household/chest_burgher_household_CommonChestTimber_albedo.png,project maintainer,tools/generate_household_chests.py with Blender 5.2 LTS,Embedded dark-timber albedo extracted from chest_burgher_household.glb by Godot import; SHA-256 03749a77b4e79bbdadf3f7fabcd0f3f89ffc37d3c508cd00b7123fece53631d2,not applicable,AGPL-3.0-or-later (project author),Deterministic 512 px low-contrast structural timber surface; regenerate only by re-running the household chest generator.,approved - derived from chest_burgher_household.glb
assets.props.furniture.chest_burgher_household.iron_albedo,assets/props/furniture/chest_burgher_household/chest_burgher_household_CommonChestIron_albedo.png,project maintainer,tools/generate_household_chests.py with Blender 5.2 LTS,Embedded wrought-iron albedo extracted from chest_burgher_household.glb by Godot import; SHA-256 03749a77b4e79bbdadf3f7fabcd0f3f89ffc37d3c508cd00b7123fece53631d2,not applicable,AGPL-3.0-or-later (project author),Deterministic 512 px rough hammered iron surface; regenerate only by re-running the household chest generator.,approved - derived from chest_burgher_household.glb
assets.props.furniture.chest_merchant_strongbox,assets/props/furniture/chest_merchant_strongbox/chest_merchant_strongbox.glb,project maintainer,tools/generate_household_chests.py with Blender 5.2 LTS,"Deterministic large merchant strongbox with a high arched lid, three continuous wrought-iron straps, corner guards, dense rivets, lock plate, feet, and side handles; SHA-256 2a035278acffb2f5127f028be0e030d34c43c0c0647f7659bdb722c5d6aeef67",not applicable,AGPL-3.0-or-later (project author),"Procedurally modeled and UV-authored in Blender; 3592 triangles, three embedded 512 px painted material surfaces, 1.2445 x 0.7026 x 0.710 m in Godot axes; intended for coin, charters, seals, and high-value guild or civic goods.",approved - user-requested household chest visual upgrade
assets.props.furniture.chest_merchant_strongbox.oak_albedo,assets/props/furniture/chest_merchant_strongbox/chest_merchant_strongbox_RichChestOak_albedo.png,project maintainer,tools/generate_household_chests.py with Blender 5.2 LTS,Embedded dark-oak albedo extracted from chest_merchant_strongbox.glb by Godot import; SHA-256 2a035278acffb2f5127f028be0e030d34c43c0c0647f7659bdb722c5d6aeef67,not applicable,AGPL-3.0-or-later (project author),Deterministic 512 px broad-grain dark oak surface; regenerate only by re-running the household chest generator.,approved - derived from chest_merchant_strongbox.glb
assets.props.furniture.chest_merchant_strongbox.timber_albedo,assets/props/furniture/chest_merchant_strongbox/chest_merchant_strongbox_RichChestTimber_albedo.png,project maintainer,tools/generate_household_chests.py with Blender 5.2 LTS,Embedded dark-timber albedo extracted from chest_merchant_strongbox.glb by Godot import; SHA-256 2a035278acffb2f5127f028be0e030d34c43c0c0647f7659bdb722c5d6aeef67,not applicable,AGPL-3.0-or-later (project author),Deterministic 512 px low-contrast structural timber surface; regenerate only by re-running the household chest generator.,approved - derived from chest_merchant_strongbox.glb
assets.props.furniture.chest_merchant_strongbox.iron_albedo,assets/props/furniture/chest_merchant_strongbox/chest_merchant_strongbox_RichChestIron_albedo.png,project maintainer,tools/generate_household_chests.py with Blender 5.2 LTS,Embedded wrought-iron albedo extracted from chest_merchant_strongbox.glb by Godot import; SHA-256 2a035278acffb2f5127f028be0e030d34c43c0c0647f7659bdb722c5d6aeef67,not applicable,AGPL-3.0-or-later (project author),Deterministic 512 px rough hammered iron surface; regenerate only by re-running the household chest generator.,approved - derived from chest_merchant_strongbox.glb
assets.props.lighting.medieval_lighting_kit,assets/props/lighting/medieval_lighting_kit.glb,project maintainer,tools/generate_medieval_lighting_kit.py with Blender 5.2 LTS,"Deterministic Reval 1343 household lighting kit v2: poor and artisan tallow candles, rich beeswax pricket candle, open grease lamp, and low-confidence pine-splint reconstruction; flame-free meshes with FlameAnchor markers for runtime particles; SHA-256 8b88f693a20eae993378fcf43fa0143f089bcb98c008dc80272c5ba2aef0992c",not applicable,AGPL-3.0-or-later (project author),"Procedurally modeled and UV-authored in Blender; 2424 triangles across five independently selected roots, eight embedded 512 px painted albedos; runtime fire via CandleFlame3D; historical sources and confidence limits documented in assets/props/lighting/README.md.",approved - user-requested medieval household lighting upgrade
assets.props.lighting.medieval_lighting_kit.iron_albedo,assets/props/lighting/medieval_lighting_kit_aged_forged_iron_albedo.png,project maintainer,tools/generate_medieval_lighting_kit.py with Blender 5.2 LTS,Embedded aged forged-iron albedo extracted from medieval_lighting_kit.glb by Godot import; SHA-256 2c8256770cd46f4f58057d402159a25954fd431bb6ea1db518b7a746021a291f,not applicable,AGPL-3.0-or-later (project author),Deterministic 512 px painted hammered-iron surface; regenerate only by rebuilding and importing the parent GLB.,approved - derived from medieval_lighting_kit.glb
assets.props.lighting.medieval_lighting_kit.char_albedo,assets/props/lighting/medieval_lighting_kit_charred_wick_albedo.png,project maintainer,tools/generate_medieval_lighting_kit.py with Blender 5.2 LTS,Embedded charred-wick albedo extracted from medieval_lighting_kit.glb by Godot import; SHA-256 6ae14fc7a8c0e01fda929b6a82297a5883b9efb023887f8cc97d9805558a48a9,not applicable,AGPL-3.0-or-later (project author),Deterministic 512 px matte char surface; regenerate only by rebuilding and importing the parent GLB.,approved - derived from medieval_lighting_kit.glb
assets.props.lighting.medieval_lighting_kit.beeswax_albedo,assets/props/lighting/medieval_lighting_kit_golden_beeswax_albedo.png,project maintainer,tools/generate_medieval_lighting_kit.py with Blender 5.2 LTS,Embedded golden-beeswax albedo extracted from medieval_lighting_kit.glb by Godot import; SHA-256 e6358b2e73f5c8ca6e3c23c271dea29bdadbc489d7cf14cb3604e4c027169b5f,not applicable,AGPL-3.0-or-later (project author),Deterministic 512 px painted wax surface with restrained drip variation; regenerate only by rebuilding and importing the parent GLB.,approved - derived from medieval_lighting_kit.glb
assets.props.lighting.medieval_lighting_kit.flame_albedo,assets/props/lighting/medieval_lighting_kit_open_flame_albedo.png,project maintainer,tools/generate_medieval_lighting_kit.py with Blender 5.2 LTS,Embedded open-flame albedo extracted from medieval_lighting_kit.glb by Godot import; SHA-256 658125ed80971b9e737ee0642608f26f59decec6dd353a8db2cef2f2367103a0,not applicable,AGPL-3.0-or-later (project author),Deterministic 512 px warm emissive surface; runtime duplicates the material per prop before day-night updates.,approved - derived from medieval_lighting_kit.glb
assets.props.lighting.medieval_lighting_kit.fat_albedo,assets/props/lighting/medieval_lighting_kit_rendered_animal_fat_albedo.png,project maintainer,tools/generate_medieval_lighting_kit.py with Blender 5.2 LTS,Embedded rendered-fat albedo extracted from medieval_lighting_kit.glb by Godot import; SHA-256 63506c3d287f62964b428343eb13084ba6d28708bdd0eff43e781b6eb1295203,not applicable,AGPL-3.0-or-later (project author),Deterministic 512 px dark grease surface; regenerate only by rebuilding and importing the parent GLB.,approved - derived from medieval_lighting_kit.glb
assets.props.lighting.medieval_lighting_kit.pine_albedo,assets/props/lighting/medieval_lighting_kit_resinous_pine_albedo.png,project maintainer,tools/generate_medieval_lighting_kit.py with Blender 5.2 LTS,Embedded resinous-pine albedo extracted from medieval_lighting_kit.glb by Godot import; SHA-256 944718755049481b51ffc610547583659e870b7dd112c6ac23587d6fccdbcd92,not applicable,AGPL-3.0-or-later (project author),Deterministic 512 px broad-grain pine surface; low-confidence splint use is documented in the asset README.,approved - derived from medieval_lighting_kit.glb
assets.props.lighting.medieval_lighting_kit.tallow_albedo,assets/props/lighting/medieval_lighting_kit_smoky_tallow_albedo.png,project maintainer,tools/generate_medieval_lighting_kit.py with Blender 5.2 LTS,Embedded smoky-tallow albedo extracted from medieval_lighting_kit.glb by Godot import; SHA-256 1cbcf975516815eeb4a2fccad484264d06ce5607f7504d38e1e7972af7f2c6da,not applicable,AGPL-3.0-or-later (project author),Deterministic 512 px subdued off-white wax/fat surface with restrained drips; regenerate only by rebuilding and importing the parent GLB.,approved - derived from medieval_lighting_kit.glb
assets.props.lighting.medieval_lighting_kit.redware_albedo,assets/props/lighting/medieval_lighting_kit_sooted_redware_albedo.png,project maintainer,tools/generate_medieval_lighting_kit.py with Blender 5.2 LTS,Embedded sooted-redware albedo extracted from medieval_lighting_kit.glb by Godot import; SHA-256 ae9c34799e3842ba1236cf634b568349e94fbc9a317a4f3a66463e85906f413f,not applicable,AGPL-3.0-or-later (project author),Deterministic 512 px wheel-marked pottery surface with restrained soot; regenerate only by rebuilding and importing the parent GLB.,approved - derived from medieval_lighting_kit.glb
assets.props.lighting.medieval_lighting_kit.brass_albedo,assets/props/lighting/medieval_lighting_kit_tarnished_cast_brass_albedo.png,project maintainer,tools/generate_medieval_lighting_kit.py with Blender 5.2 LTS,Embedded tarnished-brass albedo extracted from medieval_lighting_kit.glb by Godot import; SHA-256 87123ac6484c2ec69305bb21bf3dac8cc85d3b0fb3ed49b7a944c10dd04401cb,not applicable,AGPL-3.0-or-later (project author),Deterministic 512 px painted copper-alloy surface with restrained tarnish; regenerate only by rebuilding and importing the parent GLB.,approved - derived from medieval_lighting_kit.glb
assets.props.domestic.medieval_hearth_kit,assets/props/domestic/hearth/medieval_hearth_kit.glb,project maintainer,tools/generate_medieval_hearth_kit.py with Blender 5.2 LTS,"Deterministic Reval 1343 hooded brick cooking-hearth kit with lit, ember, and cold roots, staggered brick courses, hood/flue, iron crane, suspended cauldron, and FlameAnchor/SmokeAnchor markers; SHA-256 cd584e7148d92fc3f0ba6faa34dcc01574a7990f7e44bd16decebef5be77bd94",not applicable,AGPL-3.0-or-later (project author),"Procedurally modeled and UV-authored in Blender; brick masonry shell; 5084 triangles across three state roots, seven material families, ~1.01 x 1.051 x 1.6 m in Godot axes; runtime fire via CandleFlame3D and hood smoke via ChimneySmoke3D.",approved - P2-054 domestic hearth kit retargeted to brick masonry for Kalev smithy living bay
assets.props.domestic.medieval_hearth_kit.brick_albedo,assets/props/domestic/hearth/medieval_hearth_kit_hearth_brick_albedo.png,project maintainer,tools/generate_medieval_hearth_kit.py with Blender 5.2 LTS,Embedded brick albedo extracted from medieval_hearth_kit.glb by Godot import,not applicable,AGPL-3.0-or-later (project author),Deterministic 512 px painted running-bond brick surface; regenerate only by rebuilding and importing the parent GLB.,approved - derived from medieval_hearth_kit.glb
assets.props.domestic.medieval_hearth_kit.soot_albedo,assets/props/domestic/hearth/medieval_hearth_kit_hearth_soot_albedo.png,project maintainer,tools/generate_medieval_hearth_kit.py with Blender 5.2 LTS,Embedded soot-brick albedo extracted from medieval_hearth_kit.glb by Godot import,not applicable,AGPL-3.0-or-later (project author),Deterministic 512 px soot-darkened brick surface; regenerate only by rebuilding and importing the parent GLB.,approved - derived from medieval_hearth_kit.glb
assets.props.domestic.medieval_hearth_kit.iron_albedo,assets/props/domestic/hearth/medieval_hearth_kit_hearth_iron_albedo.png,project maintainer,tools/generate_medieval_hearth_kit.py with Blender 5.2 LTS,Embedded wrought-iron albedo extracted from medieval_hearth_kit.glb by Godot import,not applicable,AGPL-3.0-or-later (project author),Deterministic 512 px hammered-iron surface; regenerate only by rebuilding and importing the parent GLB.,approved - derived from medieval_hearth_kit.glb
assets.props.domestic.medieval_hearth_kit.pot_albedo,assets/props/domestic/hearth/medieval_hearth_kit_hearth_pot_albedo.png,project maintainer,tools/generate_medieval_hearth_kit.py with Blender 5.2 LTS,Embedded cooking-pot albedo extracted from medieval_hearth_kit.glb by Godot import,not applicable,AGPL-3.0-or-later (project author),Deterministic 512 px wheel-marked pottery surface; regenerate only by rebuilding and importing the parent GLB.,approved - derived from medieval_hearth_kit.glb
assets.props.domestic.medieval_hearth_kit.wood_albedo,assets/props/domestic/hearth/medieval_hearth_kit_hearth_wood_albedo.png,project maintainer,tools/generate_medieval_hearth_kit.py with Blender 5.2 LTS,Embedded kindling-wood albedo extracted from medieval_hearth_kit.glb by Godot import,not applicable,AGPL-3.0-or-later (project author),Deterministic 512 px split-wood surface; regenerate only by rebuilding and importing the parent GLB.,approved - derived from medieval_hearth_kit.glb
assets.props.domestic.medieval_kitchenware_kit,assets/props/domestic/kitchenware/medieval_kitchenware_kit.glb,project maintainer,tools/generate_medieval_kitchenware_kit.py with Blender 5.2 LTS,"Deterministic Reval 1343 artisan kitchenware kit with sixteen variant roots for prep board, knife, spoon, bowls, trencher, cups, jars, cooking pot, jug, basin/cloth, and storage/prep/eating/cleanup groupings with Ground/Hand/Table/Hearth pivot markers; SHA-256 d66c698e4b085a44222be425e7a30eaa0712fef22238483c96d4f9af5f894615",not applicable,AGPL-3.0-or-later (project author),"Procedurally modeled and UV-authored in Blender; 5048 triangles across sixteen roots, five material families, 0.635 x 0.581 x 0.25 m max footprint in Godot axes; runtime selection via PROP_KIND_KITCHENWARE style_variant.",approved - P2-055 domestic kitchenware kit for Kalev smithy living bay
assets.props.domestic.medieval_kitchenware_kit.oak_albedo,assets/props/domestic/kitchenware/medieval_kitchenware_kit_kitchenware_oak_albedo.png,project maintainer,tools/generate_medieval_kitchenware_kit.py with Blender 5.2 LTS,Embedded oak albedo extracted from medieval_kitchenware_kit.glb by Godot import,not applicable,AGPL-3.0-or-later (project author),Deterministic 512 px painted oak surface; regenerate only by rebuilding and importing the parent GLB.,approved - derived from medieval_kitchenware_kit.glb
assets.props.domestic.medieval_kitchenware_kit.pale_oak_albedo,assets/props/domestic/kitchenware/medieval_kitchenware_kit_kitchenware_pale_oak_albedo.png,project maintainer,tools/generate_medieval_kitchenware_kit.py with Blender 5.2 LTS,Embedded pale-oak albedo extracted from medieval_kitchenware_kit.glb by Godot import,not applicable,AGPL-3.0-or-later (project author),Deterministic 512 px pale-oak surface; regenerate only by rebuilding and importing the parent GLB.,approved - derived from medieval_kitchenware_kit.glb
assets.props.domestic.medieval_kitchenware_kit.iron_albedo,assets/props/domestic/kitchenware/medieval_kitchenware_kit_kitchenware_iron_albedo.png,project maintainer,tools/generate_medieval_kitchenware_kit.py with Blender 5.2 LTS,Embedded wrought-iron albedo extracted from medieval_kitchenware_kit.glb by Godot import,not applicable,AGPL-3.0-or-later (project author),Deterministic 512 px hammered-iron surface; regenerate only by rebuilding and importing the parent GLB.,approved - derived from medieval_kitchenware_kit.glb
assets.props.domestic.medieval_kitchenware_kit.pottery_albedo,assets/props/domestic/kitchenware/medieval_kitchenware_kit_kitchenware_pottery_albedo.png,project maintainer,tools/generate_medieval_kitchenware_kit.py with Blender 5.2 LTS,Embedded pottery albedo extracted from medieval_kitchenware_kit.glb by Godot import,not applicable,AGPL-3.0-or-later (project author),Deterministic 512 px wheel-marked pottery surface; regenerate only by rebuilding and importing the parent GLB.,approved - derived from medieval_kitchenware_kit.glb
assets.props.domestic.medieval_kitchenware_kit.linen_albedo,assets/props/domestic/kitchenware/medieval_kitchenware_kit_kitchenware_linen_albedo.png,project maintainer,tools/generate_medieval_kitchenware_kit.py with Blender 5.2 LTS,Embedded linen albedo extracted from medieval_kitchenware_kit.glb by Godot import,not applicable,AGPL-3.0-or-later (project author),Deterministic 512 px woven-linen surface; regenerate only by rebuilding and importing the parent GLB.,approved - derived from medieval_kitchenware_kit.glb
assets.props.domestic.smithy_household_clutter_kit,assets/props/domestic/household/smithy_household_clutter_kit.glb,project maintainer,tools/generate_smithy_household_clutter.py with Blender 5.2 LTS,"Deterministic Reval 1343 smithy household clutter kit with seventeen variant roots for rye bread, peas bin, onion braid, herring, beer jug, salt crock, water bucket, kindling, ash scoop, broom, linen, apron, and closed/in-use/depleted/cleared groupings with Ground/Hand/Table/Carry/Hook pivot markers; SHA-256 cb69f9b2aa95af8d938fcfbe795c3c5ab01f228aa713aa9c6f0e66204c06e638",not applicable,AGPL-3.0-or-later (project author),"Procedurally modeled and UV-authored in Blender; 4996 triangles across seventeen roots, eleven material families, 0.745 x 0.46 x 0.9 m max footprint in Godot axes; runtime selection via PROP_KIND_HOUSEHOLD_CLUTTER style_variant.",approved - P2-056 smithy household clutter kit for Kalev smithy living bay
assets.props.domestic.smithy_household_clutter_kit.bread_albedo,assets/props/domestic/household/smithy_household_clutter_kit_clutter_bread_albedo.png,project maintainer,tools/generate_smithy_household_clutter.py with Blender 5.2 LTS,Embedded bread albedo extracted from smithy_household_clutter_kit.glb by Godot import,not applicable,AGPL-3.0-or-later (project author),Deterministic 512 px coarse-bread surface; regenerate only by rebuilding and importing the parent GLB.,approved - derived from smithy_household_clutter_kit.glb
assets.props.domestic.smithy_household_clutter_kit.oak_albedo,assets/props/domestic/household/smithy_household_clutter_kit_clutter_oak_albedo.png,project maintainer,tools/generate_smithy_household_clutter.py with Blender 5.2 LTS,Embedded oak albedo extracted from smithy_household_clutter_kit.glb by Godot import,not applicable,AGPL-3.0-or-later (project author),Deterministic 512 px painted oak surface; regenerate only by rebuilding and importing the parent GLB.,approved - derived from smithy_household_clutter_kit.glb
assets.props.domestic.smithy_household_clutter_kit.pale_oak_albedo,assets/props/domestic/household/smithy_household_clutter_kit_clutter_pale_oak_albedo.png,project maintainer,tools/generate_smithy_household_clutter.py with Blender 5.2 LTS,Embedded pale-oak albedo extracted from smithy_household_clutter_kit.glb by Godot import,not applicable,AGPL-3.0-or-later (project author),Deterministic 512 px pale-oak surface; regenerate only by rebuilding and importing the parent GLB.,approved - derived from smithy_household_clutter_kit.glb
assets.props.domestic.smithy_household_clutter_kit.iron_albedo,assets/props/domestic/household/smithy_household_clutter_kit_clutter_iron_albedo.png,project maintainer,tools/generate_smithy_household_clutter.py with Blender 5.2 LTS,Embedded wrought-iron albedo extracted from smithy_household_clutter_kit.glb by Godot import,not applicable,AGPL-3.0-or-later (project author),Deterministic 512 px hammered-iron surface; regenerate only by rebuilding and importing the parent GLB.,approved - derived from smithy_household_clutter_kit.glb
assets.props.domestic.smithy_household_clutter_kit.pottery_albedo,assets/props/domestic/household/smithy_household_clutter_kit_clutter_pottery_albedo.png,project maintainer,tools/generate_smithy_household_clutter.py with Blender 5.2 LTS,Embedded pottery albedo extracted from smithy_household_clutter_kit.glb by Godot import,not applicable,AGPL-3.0-or-later (project author),Deterministic 512 px wheel-marked pottery surface; regenerate only by rebuilding and importing the parent GLB.,approved - derived from smithy_household_clutter_kit.glb
assets.props.domestic.smithy_household_clutter_kit.linen_albedo,assets/props/domestic/household/smithy_household_clutter_kit_clutter_linen_albedo.png,project maintainer,tools/generate_smithy_household_clutter.py with Blender 5.2 LTS,Embedded linen albedo extracted from smithy_household_clutter_kit.glb by Godot import,not applicable,AGPL-3.0-or-later (project author),Deterministic 512 px woven-linen surface; regenerate only by rebuilding and importing the parent GLB.,approved - derived from smithy_household_clutter_kit.glb
assets.props.domestic.smithy_household_clutter_kit.fish_albedo,assets/props/domestic/household/smithy_household_clutter_kit_clutter_fish_albedo.png,project maintainer,tools/generate_smithy_household_clutter.py with Blender 5.2 LTS,Embedded herring albedo extracted from smithy_household_clutter_kit.glb by Godot import,not applicable,AGPL-3.0-or-later (project author),Deterministic 512 px salted-fish surface; regenerate only by rebuilding and importing the parent GLB.,approved - derived from smithy_household_clutter_kit.glb
assets.props.domestic.smithy_household_clutter_kit.cloth_albedo,assets/props/domestic/household/smithy_household_clutter_kit_clutter_cloth_albedo.png,project maintainer,tools/generate_smithy_household_clutter.py with Blender 5.2 LTS,Embedded work-cloth albedo extracted from smithy_household_clutter_kit.glb by Godot import,not applicable,AGPL-3.0-or-later (project author),Deterministic 512 px worn-cloth surface; regenerate only by rebuilding and importing the parent GLB.,approved - derived from smithy_household_clutter_kit.glb
assets.props.furniture.medieval_storage.common_open,assets/props/furniture/medieval_storage/common_open_rack/common_open_rack.glb,project maintainer,tools/generate_medieval_storage_furniture.py with Blender 5.2 LTS,"Deterministic common-house open storage rack with rough softwood posts, three shelves, crossed back braces, pegs, and a repair cleat; SHA-256 722bb031f67adba5034a647a3cf704895a868daf81d656c64aeb19dfae3b4f75",not applicable,AGPL-3.0-or-later (project author),"Procedurally modeled and UV-authored in Blender; 852 triangles, two material surfaces, 0.98 x 1.40 x 0.47 m in Godot axes; no modern hanging rail; default shelf variant for ordinary craft and low-income interiors.",approved - user-requested historically grounded household storage variant
assets.props.furniture.medieval_storage.common_open.albedo,assets/props/furniture/medieval_storage/common_open_rack/common_open_rack_medieval_storage_common_softwood_albedo.png,project maintainer,tools/generate_medieval_storage_furniture.py with Blender 5.2 LTS,Embedded rough-softwood albedo extracted from common_open_rack.glb by Godot import; SHA-256 4344661c4f33ef044bf5230718e67f18e90c0377b5034cbb7df23d1ca32661c8,not applicable,AGPL-3.0-or-later (project author),Deterministic 512 px broad-grain hand-sawn wood surface; regenerate only by re-running the storage furniture generator.,approved - derived from common_open_rack.glb
assets.props.furniture.medieval_storage.burgher,assets/props/furniture/medieval_storage/burgher_cupboard/burgher_cupboard.glb,project maintainer,tools/generate_medieval_storage_furniture.py with Blender 5.2 LTS,"Deterministic compact burgher oak cupboard with post-and-panel carcass, two framed doors, wooden pegs, wrought-iron hinges, hasp, lock plate, and ring; SHA-256 db62a4ea9223ca64fb8624e4cf2025589c4f02c4c21dd845df7b324538a3b3bf",not applicable,AGPL-3.0-or-later (project author),"Procedurally modeled and UV-authored in Blender; 1796 triangles, three material surfaces, 1.20 x 1.52 x 0.651 m in Godot axes; explicit prosperous-burgher variant for folded textiles and valuables.",approved - user-requested historically grounded household storage variant
assets.props.furniture.medieval_storage.burgher.albedo,assets/props/furniture/medieval_storage/burgher_cupboard/burgher_cupboard_medieval_storage_burgher_oak_albedo.png,project maintainer,tools/generate_medieval_storage_furniture.py with Blender 5.2 LTS,Embedded oak albedo extracted from burgher_cupboard.glb by Godot import; SHA-256 ea29f04c352e6d8cfbc55115ad3982eb6086f1a13598c6f0953659409f3c496a,not applicable,AGPL-3.0-or-later (project author),Deterministic 512 px matte hand-planed oak surface; regenerate only by re-running the storage furniture generator.,approved - derived from burgher_cupboard.glb
assets.props.furniture.medieval_storage.elite,assets/props/furniture/medieval_storage/elite_armarium/elite_armarium.glb,project maintainer,tools/generate_medieval_storage_furniture.py with Blender 5.2 LTS,"Deterministic rare elite oak armarium with full-height posts, framed and divided doors, layered cornice, wrought-iron hinges, corner straps, lock plate, hasp, and ring; SHA-256 e4e379b5ab048c9ec7e2bcb16cd267765110850cec5404c6fd2e8ae17a170daf",not applicable,AGPL-3.0-or-later (project author),"Procedurally modeled and UV-authored in Blender; 2236 triangles, three material surfaces, 1.46 x 1.978 x 0.821 m in Godot axes; form derived cautiously from the medieval Halberstadt armarium without its ecclesiastical painting.",approved - user-requested historically grounded elite storage variant
assets.props.furniture.medieval_storage.elite.albedo,assets/props/furniture/medieval_storage/elite_armarium/elite_armarium_medieval_storage_elite_oak_albedo.png,project maintainer,tools/generate_medieval_storage_furniture.py with Blender 5.2 LTS,Embedded selected-oak albedo extracted from elite_armarium.glb by Godot import; SHA-256 b54ea96cf239a59aca982dbf764d639ce15406618aa9a664636764bd618bd7e4,not applicable,AGPL-3.0-or-later (project author),Deterministic 512 px restrained selected-oak surface; regenerate only by re-running the storage furniture generator.,approved - derived from elite_armarium.glb
assets.props.crafts.rope_coil,assets/props/crafts/rope_coil/rope_coil.glb,project maintainer,tools/generate_rope_coil.py with Blender 5.2 LTS,"Deterministic three-strand hemp rope coil; true open center, layered turns, continuous curved tail, and separated frayed end; embedded 512 px painted albedo; SHA-256 7a865c55fe0b95b55cd9dc03604455dba2b04493851e9ed5de3d8d975dbe6e5b",not applicable,AGPL-3.0-or-later (project author),"Procedurally modeled and UV-authored in Blender; 7068 triangles, one material family, 1.2411 x 0.1156 x 0.8560 m in Godot axes; replaces solid cylinders and a box tail without changing rrmap-owned anchor, collision, or navigation.",approved - user-requested rope coil visual upgrade; deterministic Blender build and Godot integration verified
assets.props.crafts.rope_coil.hemp_albedo,assets/props/crafts/rope_coil/rope_coil_TwistedHempRope_albedo.png,project maintainer,tools/generate_rope_coil.py with Blender 5.2 LTS,Embedded twisted-hemp albedo extracted from rope_coil.glb by Godot import; SHA-256 309d352cec49efd7ace0257db8c7eca79b62d72ee86eb1147360b81557636d5f,not applicable,AGPL-3.0-or-later (project author),Deterministic 512 px painted three-strand lay and restrained fiber variation; regenerate only by rebuilding and importing the parent GLB.,approved - derived from rope_coil.glb
assets.props.furniture.medieval_table_kit,assets/props/furniture/tables/medieval_table_kit/medieval_table_kit.glb,project maintainer,tools/generate_medieval_table_kit.py with Blender 5.2 LTS,"Deterministic modular medieval furniture kit with common household, trestle-work, and long-board table bases plus independent cutting-board, Baltic herring, and fish-knife roots; embedded 512 px painted albedos; SHA-256 186ebe555be5da218c8076bb918a91a929ba5dbdf7513e9f1bafc32dd09164c4",not applicable,AGPL-3.0-or-later (project author),"Procedurally modeled and UV-authored in Blender; 4792 triangles across six component roots, five material families, metric Y-up export, and grounded table bases; runtime composes table_items without duplicating furniture.",approved - user-requested modular table and tabletop item system
assets.props.furniture.medieval_table_kit.oak_albedo,assets/props/furniture/tables/medieval_table_kit/medieval_table_kit_weathered_table_oak_albedo.png,project maintainer,tools/generate_medieval_table_kit.py with Blender 5.2 LTS,Embedded table-oak albedo extracted from medieval_table_kit.glb by Godot import; SHA-256 03764a733d9638374d753432aaa9e430ed25d29afcd951d2aba6a1a669223b40,not applicable,AGPL-3.0-or-later (project author),Deterministic 512 px restrained weathered oak grain; regenerate only by rebuilding and importing the parent GLB.,approved - derived from medieval_table_kit.glb
assets.props.furniture.medieval_table_kit.timber_albedo,assets/props/furniture/tables/medieval_table_kit/medieval_table_kit_dark_joinery_timber_albedo.png,project maintainer,tools/generate_medieval_table_kit.py with Blender 5.2 LTS,Embedded dark-joinery albedo extracted from medieval_table_kit.glb by Godot import; SHA-256 df1b41db5ee397cf2ce9ee897b34ffeb3dd54bb350d6d3b251a2def5354bc43e,not applicable,AGPL-3.0-or-later (project author),Deterministic 512 px structural timber surface; regenerate only by rebuilding and importing the parent GLB.,approved - derived from medieval_table_kit.glb
assets.props.furniture.medieval_table_kit.board_albedo,assets/props/furniture/tables/medieval_table_kit/medieval_table_kit_pale_cutting_board_albedo.png,project maintainer,tools/generate_medieval_table_kit.py with Blender 5.2 LTS,Embedded cutting-board albedo extracted from medieval_table_kit.glb by Godot import; SHA-256 cdfe9e1af0e53d98b91e4b3f184fab5621835314cf677c74a0781e589e6966e0,not applicable,AGPL-3.0-or-later (project author),Deterministic 512 px pale worn board surface; regenerate only by rebuilding and importing the parent GLB.,approved - derived from medieval_table_kit.glb
assets.props.furniture.medieval_table_kit.iron_albedo,assets/props/furniture/tables/medieval_table_kit/medieval_table_kit_wrought_iron_utensil_albedo.png,project maintainer,tools/generate_medieval_table_kit.py with Blender 5.2 LTS,Embedded wrought-iron albedo extracted from medieval_table_kit.glb by Godot import; SHA-256 031f0da9a70a86cf5ed29d047aac3e27b537964316af461ec4c633b36151de6a,not applicable,AGPL-3.0-or-later (project author),Deterministic 512 px hammered utensil and peg surface; regenerate only by rebuilding and importing the parent GLB.,approved - derived from medieval_table_kit.glb
assets.props.furniture.medieval_table_kit.herring_albedo,assets/props/furniture/tables/medieval_table_kit/medieval_table_kit_baltic_herring_albedo.png,project maintainer,tools/generate_medieval_table_kit.py with Blender 5.2 LTS,Embedded Baltic-herring albedo extracted from medieval_table_kit.glb by Godot import; SHA-256 209ae271c71ae47eb27434ef41a844f7d7fa61e9e64664400101cac675c2fd1a,not applicable,AGPL-3.0-or-later (project author),Deterministic 512 px desaturated fish surface with restrained back-to-belly value shift; regenerate only by rebuilding and importing the parent GLB.,approved - derived from medieval_table_kit.glb
assets.characters.danish_warrior,assets/characters/shared/danish_warrior.glb,project maintainer,Blender 5.2 LTS; in-repo anatomy-first humanoid generator,tools/character_specs.py:danish_warrior,deterministic,AGPL-3.0-or-later (project-authored mesh); CC0 1.0 KayKit skeleton layout and motion clips,Bone-derived skin and muscle profile; separate fitted clothing and mail; 76 animation clips retargeted.,approved - maintainer-directed P0-199 modular human model improvement
assets.props.forge.smithy_anvil.hammered_forge_iron_normal,assets/props/forge/smithy_anvil/smithy_anvil_hammered_forge_iron_normal.png,project maintainer,tools/generate_smithy_anvil.py with Blender 5.2 LTS,Embedded tangent-space normal map extracted from smithy_anvil.glb by Godot import; SHA-256 e0bf9f605b3090e7384e8053174d237b0c843dd634387563bcfaa5ad2de36f82,not applicable,AGPL-3.0-or-later (project author),Deterministic 512 px procedural tangent-space normal from tools/assets/prop_orm_baking.py; regenerate only by re-running the parent generator.,approved - derived from smithy_anvil.glb
assets.props.forge.smithy_anvil.hammered_forge_iron_roughness,assets/props/forge/smithy_anvil/smithy_anvil_hammered_forge_iron_roughness.png,project maintainer,tools/generate_smithy_anvil.py with Blender 5.2 LTS,Embedded roughness map extracted from smithy_anvil.glb by Godot import; SHA-256 4c05c5e044aa67e5ac15c7ce996c5e69bf80269c6eeb06d7427fee51d4b5c11a,not applicable,AGPL-3.0-or-later (project author),Deterministic 512 px procedural roughness from tools/assets/prop_orm_baking.py; regenerate only by re-running the parent generator.,approved - derived from smithy_anvil.glb
assets.props.forge.smithy_anvil.polished_anvil_face_normal,assets/props/forge/smithy_anvil/smithy_anvil_polished_anvil_face_normal.png,project maintainer,tools/generate_smithy_anvil.py with Blender 5.2 LTS,Embedded tangent-space normal map extracted from smithy_anvil.glb by Godot import; SHA-256 5ae3f7481247c05aa6e6a3b994d9f783168d185e6d388dbb0a9812a638324c45,not applicable,AGPL-3.0-or-later (project author),Deterministic 512 px procedural tangent-space normal from tools/assets/prop_orm_baking.py; regenerate only by re-running the parent generator.,approved - derived from smithy_anvil.glb
assets.props.forge.smithy_anvil.polished_anvil_face_roughness,assets/props/forge/smithy_anvil/smithy_anvil_polished_anvil_face_roughness.png,project maintainer,tools/generate_smithy_anvil.py with Blender 5.2 LTS,Embedded roughness map extracted from smithy_anvil.glb by Godot import; SHA-256 f04e9f3a15ae11d9e4b444e655c393e8fcdd2222fbccdf27fafc08be454e1c36,not applicable,AGPL-3.0-or-later (project author),Deterministic 512 px procedural roughness from tools/assets/prop_orm_baking.py; regenerate only by re-running the parent generator.,approved - derived from smithy_anvil.glb
assets.props.forge.smithy_anvil.smoke_darkened_oak_stump_normal,assets/props/forge/smithy_anvil/smithy_anvil_smoke_darkened_oak_stump_normal.png,project maintainer,tools/generate_smithy_anvil.py with Blender 5.2 LTS,Embedded tangent-space normal map extracted from smithy_anvil.glb by Godot import; SHA-256 1d648a7124b027d0fd4c72c4ad062a9e897cfeee4ea47d243e8392ef67c5c6a6,not applicable,AGPL-3.0-or-later (project author),Deterministic 512 px procedural tangent-space normal from tools/assets/prop_orm_baking.py; regenerate only by re-running the parent generator.,approved - derived from smithy_anvil.glb
assets.props.forge.smithy_anvil.smoke_darkened_oak_stump_roughness,assets/props/forge/smithy_anvil/smithy_anvil_smoke_darkened_oak_stump_roughness.png,project maintainer,tools/generate_smithy_anvil.py with Blender 5.2 LTS,Embedded roughness map extracted from smithy_anvil.glb by Godot import; SHA-256 d00ed98049461810145e9ab293f1798ee9003d386420739cc56a61f334b3459d,not applicable,AGPL-3.0-or-later (project author),Deterministic 512 px procedural roughness from tools/assets/prop_orm_baking.py; regenerate only by re-running the parent generator.,approved - derived from smithy_anvil.glb
assets.props.forge.smithy_bellows.iron_normal,assets/props/forge/smithy_bellows/smithy_bellows_smithy_bellows_iron_normal.png,project maintainer,tools/generate_smithy_forge_props.py with Blender 5.2 LTS,Embedded tangent-space normal map extracted from smithy_bellows.glb by Godot import; SHA-256 e0bf9f605b3090e7384e8053174d237b0c843dd634387563bcfaa5ad2de36f82,not applicable,AGPL-3.0-or-later (project author),Deterministic 512 px procedural tangent-space normal from tools/assets/prop_orm_baking.py; regenerate only by re-running the parent generator.,approved - derived from smithy_bellows.glb
assets.props.forge.smithy_bellows.iron_roughness,assets/props/forge/smithy_bellows/smithy_bellows_smithy_bellows_iron_roughness.png,project maintainer,tools/generate_smithy_forge_props.py with Blender 5.2 LTS,Embedded roughness map extracted from smithy_bellows.glb by Godot import; SHA-256 4c05c5e044aa67e5ac15c7ce996c5e69bf80269c6eeb06d7427fee51d4b5c11a,not applicable,AGPL-3.0-or-later (project author),Deterministic 512 px procedural roughness from tools/assets/prop_orm_baking.py; regenerate only by re-running the parent generator.,approved - derived from smithy_bellows.glb
assets.props.forge.smithy_bellows.leather_normal,assets/props/forge/smithy_bellows/smithy_bellows_smithy_bellows_leather_normal.png,project maintainer,tools/generate_smithy_forge_props.py with Blender 5.2 LTS,Embedded tangent-space normal map extracted from smithy_bellows.glb by Godot import; SHA-256 7145e02587c79a99703cba5ded41ac172cdc4e908905f9d8fdca1942b31f25f9,not applicable,AGPL-3.0-or-later (project author),Deterministic 512 px procedural tangent-space normal from tools/assets/prop_orm_baking.py; regenerate only by re-running the parent generator.,approved - derived from smithy_bellows.glb
assets.props.forge.smithy_bellows.leather_roughness,assets/props/forge/smithy_bellows/smithy_bellows_smithy_bellows_leather_roughness.png,project maintainer,tools/generate_smithy_forge_props.py with Blender 5.2 LTS,Embedded roughness map extracted from smithy_bellows.glb by Godot import; SHA-256 ff8f3fdf74df02d79ac845100a27f340bca96bd64513cb6a56c230e1fbe789aa,not applicable,AGPL-3.0-or-later (project author),Deterministic 512 px procedural roughness from tools/assets/prop_orm_baking.py; regenerate only by re-running the parent generator.,approved - derived from smithy_bellows.glb
assets.props.forge.smithy_bellows.oak_normal,assets/props/forge/smithy_bellows/smithy_bellows_smithy_bellows_oak_normal.png,project maintainer,tools/generate_smithy_forge_props.py with Blender 5.2 LTS,Embedded tangent-space normal map extracted from smithy_bellows.glb by Godot import; SHA-256 1d648a7124b027d0fd4c72c4ad062a9e897cfeee4ea47d243e8392ef67c5c6a6,not applicable,AGPL-3.0-or-later (project author),Deterministic 512 px procedural tangent-space normal from tools/assets/prop_orm_baking.py; regenerate only by re-running the parent generator.,approved - derived from smithy_bellows.glb
assets.props.forge.smithy_bellows.oak_roughness,assets/props/forge/smithy_bellows/smithy_bellows_smithy_bellows_oak_roughness.png,project maintainer,tools/generate_smithy_forge_props.py with Blender 5.2 LTS,Embedded roughness map extracted from smithy_bellows.glb by Godot import; SHA-256 d00ed98049461810145e9ab293f1798ee9003d386420739cc56a61f334b3459d,not applicable,AGPL-3.0-or-later (project author),Deterministic 512 px procedural roughness from tools/assets/prop_orm_baking.py; regenerate only by re-running the parent generator.,approved - derived from smithy_bellows.glb
assets.props.forge.smithy_furnace.firebox_soot_normal,assets/props/forge/smithy_furnace/smithy_furnace_smithy_firebox_soot_normal.png,project maintainer,tools/generate_smithy_forge_props.py with Blender 5.2 LTS,Embedded tangent-space normal map extracted from smithy_furnace.glb by Godot import; SHA-256 5d3ce2b9796eb377747156bdc7895a86a844990bcf8ac21ad3f4c33bb91f0444,not applicable,AGPL-3.0-or-later (project author),Deterministic 512 px procedural tangent-space normal from tools/assets/prop_orm_baking.py; regenerate only by re-running the parent generator.,approved - derived from smithy_furnace.glb
assets.props.forge.smithy_furnace.firebox_soot_roughness,assets/props/forge/smithy_furnace/smithy_furnace_smithy_firebox_soot_roughness.png,project maintainer,tools/generate_smithy_forge_props.py with Blender 5.2 LTS,Embedded roughness map extracted from smithy_furnace.glb by Godot import; SHA-256 c9f9c88236bba6a7c83d19f21df5e320fab7ebc560cc573bca42daf46a109dad,not applicable,AGPL-3.0-or-later (project author),Deterministic 512 px procedural roughness from tools/assets/prop_orm_baking.py; regenerate only by re-running the parent generator.,approved - derived from smithy_furnace.glb
assets.props.forge.smithy_furnace.hammered_iron_normal,assets/props/forge/smithy_furnace/smithy_furnace_smithy_hammered_iron_normal.png,project maintainer,tools/generate_smithy_forge_props.py with Blender 5.2 LTS,Embedded tangent-space normal map extracted from smithy_furnace.glb by Godot import; SHA-256 e0bf9f605b3090e7384e8053174d237b0c843dd634387563bcfaa5ad2de36f82,not applicable,AGPL-3.0-or-later (project author),Deterministic 512 px procedural tangent-space normal from tools/assets/prop_orm_baking.py; regenerate only by re-running the parent generator.,approved - derived from smithy_furnace.glb
assets.props.forge.smithy_furnace.hammered_iron_roughness,assets/props/forge/smithy_furnace/smithy_furnace_smithy_hammered_iron_roughness.png,project maintainer,tools/generate_smithy_forge_props.py with Blender 5.2 LTS,Embedded roughness map extracted from smithy_furnace.glb by Godot import; SHA-256 4c05c5e044aa67e5ac15c7ce996c5e69bf80269c6eeb06d7427fee51d4b5c11a,not applicable,AGPL-3.0-or-later (project author),Deterministic 512 px procedural roughness from tools/assets/prop_orm_baking.py; regenerate only by re-running the parent generator.,approved - derived from smithy_furnace.glb
assets.props.forge.smithy_furnace.heat_darkened_firebrick_normal,assets/props/forge/smithy_furnace/smithy_furnace_smithy_heat_darkened_firebrick_normal.png,project maintainer,tools/generate_smithy_forge_props.py with Blender 5.2 LTS,Embedded tangent-space normal map extracted from smithy_furnace.glb by Godot import; SHA-256 5155f4719cd0532ebbb41052bda487f532a757b56e7bc5cc1d458f25356f4f88,not applicable,AGPL-3.0-or-later (project author),Deterministic 512 px procedural tangent-space normal from tools/assets/prop_orm_baking.py; regenerate only by re-running the parent generator.,approved - derived from smithy_furnace.glb
assets.props.forge.smithy_furnace.heat_darkened_firebrick_roughness,assets/props/forge/smithy_furnace/smithy_furnace_smithy_heat_darkened_firebrick_roughness.png,project maintainer,tools/generate_smithy_forge_props.py with Blender 5.2 LTS,Embedded roughness map extracted from smithy_furnace.glb by Godot import; SHA-256 2d556649e96d9545ce22f7a3bd5a018d9601b49638ffc0a16f43910e90dfaa91,not applicable,AGPL-3.0-or-later (project author),Deterministic 512 px procedural roughness from tools/assets/prop_orm_baking.py; regenerate only by re-running the parent generator.,approved - derived from smithy_furnace.glb
assets.props.forge.smithy_furnace.weathered_limestone_normal,assets/props/forge/smithy_furnace/smithy_furnace_smithy_weathered_limestone_normal.png,project maintainer,tools/generate_smithy_forge_props.py with Blender 5.2 LTS,Embedded tangent-space normal map extracted from smithy_furnace.glb by Godot import; SHA-256 a9bdb85417ffd08f5d9ccaf8dc376f1bfa8042e7d21106a1fdedbcb5eb852c89,not applicable,AGPL-3.0-or-later (project author),Deterministic 512 px procedural tangent-space normal from tools/assets/prop_orm_baking.py; regenerate only by re-running the parent generator.,approved - derived from smithy_furnace.glb
assets.props.forge.smithy_furnace.weathered_limestone_roughness,assets/props/forge/smithy_furnace/smithy_furnace_smithy_weathered_limestone_roughness.png,project maintainer,tools/generate_smithy_forge_props.py with Blender 5.2 LTS,Embedded roughness map extracted from smithy_furnace.glb by Godot import; SHA-256 9a634c8dbd3165d63352facf768ddfd722de5448db892e3ff3f0eb1b7c9f33e4,not applicable,AGPL-3.0-or-later (project author),Deterministic 512 px procedural roughness from tools/assets/prop_orm_baking.py; regenerate only by re-running the parent generator.,approved - derived from smithy_furnace.glb
assets.props.forge.smithy_quench_bucket.aged_forged_iron_normal,assets/props/forge/smithy_quench_bucket/smithy_quench_bucket_aged_forged_iron_normal.png,project maintainer,tools/generate_smithy_quench_bucket.py with Blender 5.2 LTS,Embedded tangent-space normal map extracted from smithy_quench_bucket.glb by Godot import; SHA-256 7714782c7d1cd9d628836393d471c4726cb107018bb24afa533fe9f775209f57,not applicable,AGPL-3.0-or-later (project author),Deterministic 512 px procedural tangent-space normal from tools/assets/prop_orm_baking.py; regenerate only by re-running the parent generator.,approved - derived from smithy_quench_bucket.glb
assets.props.forge.smithy_quench_bucket.aged_forged_iron_roughness,assets/props/forge/smithy_quench_bucket/smithy_quench_bucket_aged_forged_iron_roughness.png,project maintainer,tools/generate_smithy_quench_bucket.py with Blender 5.2 LTS,Embedded roughness map extracted from smithy_quench_bucket.glb by Godot import; SHA-256 ddaafcbde3c545cedda8a0ddef116442700624606f44a95db39ac3b2eeec9b47,not applicable,AGPL-3.0-or-later (project author),Deterministic 512 px procedural roughness from tools/assets/prop_orm_baking.py; regenerate only by re-running the parent generator.,approved - derived from smithy_quench_bucket.glb
assets.props.forge.smithy_quench_bucket.dark_quench_water_normal,assets/props/forge/smithy_quench_bucket/smithy_quench_bucket_dark_quench_water_normal.png,project maintainer,tools/generate_smithy_quench_bucket.py with Blender 5.2 LTS,Embedded tangent-space normal map extracted from smithy_quench_bucket.glb by Godot import; SHA-256 d6ac90a1c04937ef2c174e8fee3585a3c114c23e8536755f869babbc896be7d7,not applicable,AGPL-3.0-or-later (project author),Deterministic 512 px procedural tangent-space normal from tools/assets/prop_orm_baking.py; regenerate only by re-running the parent generator.,approved - derived from smithy_quench_bucket.glb
assets.props.forge.smithy_quench_bucket.dark_quench_water_roughness,assets/props/forge/smithy_quench_bucket/smithy_quench_bucket_dark_quench_water_roughness.png,project maintainer,tools/generate_smithy_quench_bucket.py with Blender 5.2 LTS,Embedded roughness map extracted from smithy_quench_bucket.glb by Godot import; SHA-256 4594e0863fa97319d082839062a0aeaee8b1579552c33e9235d104baaffd96e2,not applicable,AGPL-3.0-or-later (project author),Deterministic 512 px procedural roughness from tools/assets/prop_orm_baking.py; regenerate only by re-running the parent generator.,approved - derived from smithy_quench_bucket.glb
assets.props.forge.smithy_quench_bucket.water_darkened_inner_iron_normal,assets/props/forge/smithy_quench_bucket/smithy_quench_bucket_water_darkened_inner_iron_normal.png,project maintainer,tools/generate_smithy_quench_bucket.py with Blender 5.2 LTS,Embedded tangent-space normal map extracted from smithy_quench_bucket.glb by Godot import; SHA-256 3e9def7b31cf18c0dac9e54189b4aff3c40aad39ff0f6f6d384b3097b7b05647,not applicable,AGPL-3.0-or-later (project author),Deterministic 512 px procedural tangent-space normal from tools/assets/prop_orm_baking.py; regenerate only by re-running the parent generator.,approved - derived from smithy_quench_bucket.glb
assets.props.forge.smithy_quench_bucket.water_darkened_inner_iron_roughness,assets/props/forge/smithy_quench_bucket/smithy_quench_bucket_water_darkened_inner_iron_roughness.png,project maintainer,tools/generate_smithy_quench_bucket.py with Blender 5.2 LTS,Embedded roughness map extracted from smithy_quench_bucket.glb by Godot import; SHA-256 6815e42b7dce8439567d1641ac98e0b864972e673d5c002c6934b82fbc57356f,not applicable,AGPL-3.0-or-later (project author),Deterministic 512 px procedural roughness from tools/assets/prop_orm_baking.py; regenerate only by re-running the parent generator.,approved - derived from smithy_quench_bucket.glb
assets.props.furniture.chest_burgher_household.commonchestiron_normal,assets/props/furniture/chest_burgher_household/chest_burgher_household_CommonChestIron_normal.png,project maintainer,tools/generate_household_chests.py with Blender 5.2 LTS,Embedded tangent-space normal map extracted from chest_burgher_household.glb by Godot import; SHA-256 e0bf9f605b3090e7384e8053174d237b0c843dd634387563bcfaa5ad2de36f82,not applicable,AGPL-3.0-or-later (project author),Deterministic 512 px procedural tangent-space normal from tools/assets/prop_orm_baking.py; regenerate only by re-running the parent generator.,approved - derived from chest_burgher_household.glb
assets.props.furniture.chest_burgher_household.commonchestiron_roughness,assets/props/furniture/chest_burgher_household/chest_burgher_household_CommonChestIron_roughness.png,project maintainer,tools/generate_household_chests.py with Blender 5.2 LTS,Embedded roughness map extracted from chest_burgher_household.glb by Godot import; SHA-256 4c05c5e044aa67e5ac15c7ce996c5e69bf80269c6eeb06d7427fee51d4b5c11a,not applicable,AGPL-3.0-or-later (project author),Deterministic 512 px procedural roughness from tools/assets/prop_orm_baking.py; regenerate only by re-running the parent generator.,approved - derived from chest_burgher_household.glb
assets.props.furniture.chest_burgher_household.commonchestoak_normal,assets/props/furniture/chest_burgher_household/chest_burgher_household_CommonChestOak_normal.png,project maintainer,tools/generate_household_chests.py with Blender 5.2 LTS,Embedded tangent-space normal map extracted from chest_burgher_household.glb by Godot import; SHA-256 1d648a7124b027d0fd4c72c4ad062a9e897cfeee4ea47d243e8392ef67c5c6a6,not applicable,AGPL-3.0-or-later (project author),Deterministic 512 px procedural tangent-space normal from tools/assets/prop_orm_baking.py; regenerate only by re-running the parent generator.,approved - derived from chest_burgher_household.glb
assets.props.furniture.chest_burgher_household.commonchestoak_roughness,assets/props/furniture/chest_burgher_household/chest_burgher_household_CommonChestOak_roughness.png,project maintainer,tools/generate_household_chests.py with Blender 5.2 LTS,Embedded roughness map extracted from chest_burgher_household.glb by Godot import; SHA-256 d00ed98049461810145e9ab293f1798ee9003d386420739cc56a61f334b3459d,not applicable,AGPL-3.0-or-later (project author),Deterministic 512 px procedural roughness from tools/assets/prop_orm_baking.py; regenerate only by re-running the parent generator.,approved - derived from chest_burgher_household.glb
assets.props.furniture.chest_burgher_household.commonchesttimber_normal,assets/props/furniture/chest_burgher_household/chest_burgher_household_CommonChestTimber_normal.png,project maintainer,tools/generate_household_chests.py with Blender 5.2 LTS,Embedded tangent-space normal map extracted from chest_burgher_household.glb by Godot import; SHA-256 56f81b3e91c43c3f8d2fed7bdcb45d15e3cd561a88668715379c49236b47fe40,not applicable,AGPL-3.0-or-later (project author),Deterministic 512 px procedural tangent-space normal from tools/assets/prop_orm_baking.py; regenerate only by re-running the parent generator.,approved - derived from chest_burgher_household.glb
assets.props.furniture.chest_burgher_household.commonchesttimber_roughness,assets/props/furniture/chest_burgher_household/chest_burgher_household_CommonChestTimber_roughness.png,project maintainer,tools/generate_household_chests.py with Blender 5.2 LTS,Embedded roughness map extracted from chest_burgher_household.glb by Godot import; SHA-256 79d73e426fb848e62969be2b03be7acdb26341df6a7390d96e9fa11270c4d34f,not applicable,AGPL-3.0-or-later (project author),Deterministic 512 px procedural roughness from tools/assets/prop_orm_baking.py; regenerate only by re-running the parent generator.,approved - derived from chest_burgher_household.glb
assets.props.furniture.chest_merchant_strongbox.richchestiron_normal,assets/props/furniture/chest_merchant_strongbox/chest_merchant_strongbox_RichChestIron_normal.png,project maintainer,tools/generate_household_chests.py with Blender 5.2 LTS,Embedded tangent-space normal map extracted from chest_merchant_strongbox.glb by Godot import; SHA-256 e0bf9f605b3090e7384e8053174d237b0c843dd634387563bcfaa5ad2de36f82,not applicable,AGPL-3.0-or-later (project author),Deterministic 512 px procedural tangent-space normal from tools/assets/prop_orm_baking.py; regenerate only by re-running the parent generator.,approved - derived from chest_merchant_strongbox.glb
assets.props.furniture.chest_merchant_strongbox.richchestiron_roughness,assets/props/furniture/chest_merchant_strongbox/chest_merchant_strongbox_RichChestIron_roughness.png,project maintainer,tools/generate_household_chests.py with Blender 5.2 LTS,Embedded roughness map extracted from chest_merchant_strongbox.glb by Godot import; SHA-256 4c05c5e044aa67e5ac15c7ce996c5e69bf80269c6eeb06d7427fee51d4b5c11a,not applicable,AGPL-3.0-or-later (project author),Deterministic 512 px procedural roughness from tools/assets/prop_orm_baking.py; regenerate only by re-running the parent generator.,approved - derived from chest_merchant_strongbox.glb
assets.props.furniture.chest_merchant_strongbox.richchestoak_normal,assets/props/furniture/chest_merchant_strongbox/chest_merchant_strongbox_RichChestOak_normal.png,project maintainer,tools/generate_household_chests.py with Blender 5.2 LTS,Embedded tangent-space normal map extracted from chest_merchant_strongbox.glb by Godot import; SHA-256 1d648a7124b027d0fd4c72c4ad062a9e897cfeee4ea47d243e8392ef67c5c6a6,not applicable,AGPL-3.0-or-later (project author),Deterministic 512 px procedural tangent-space normal from tools/assets/prop_orm_baking.py; regenerate only by re-running the parent generator.,approved - derived from chest_merchant_strongbox.glb
assets.props.furniture.chest_merchant_strongbox.richchestoak_roughness,assets/props/furniture/chest_merchant_strongbox/chest_merchant_strongbox_RichChestOak_roughness.png,project maintainer,tools/generate_household_chests.py with Blender 5.2 LTS,Embedded roughness map extracted from chest_merchant_strongbox.glb by Godot import; SHA-256 d00ed98049461810145e9ab293f1798ee9003d386420739cc56a61f334b3459d,not applicable,AGPL-3.0-or-later (project author),Deterministic 512 px procedural roughness from tools/assets/prop_orm_baking.py; regenerate only by re-running the parent generator.,approved - derived from chest_merchant_strongbox.glb
assets.props.furniture.chest_merchant_strongbox.richchesttimber_normal,assets/props/furniture/chest_merchant_strongbox/chest_merchant_strongbox_RichChestTimber_normal.png,project maintainer,tools/generate_household_chests.py with Blender 5.2 LTS,Embedded tangent-space normal map extracted from chest_merchant_strongbox.glb by Godot import; SHA-256 56f81b3e91c43c3f8d2fed7bdcb45d15e3cd561a88668715379c49236b47fe40,not applicable,AGPL-3.0-or-later (project author),Deterministic 512 px procedural tangent-space normal from tools/assets/prop_orm_baking.py; regenerate only by re-running the parent generator.,approved - derived from chest_merchant_strongbox.glb
assets.props.furniture.chest_merchant_strongbox.richchesttimber_roughness,assets/props/furniture/chest_merchant_strongbox/chest_merchant_strongbox_RichChestTimber_roughness.png,project maintainer,tools/generate_household_chests.py with Blender 5.2 LTS,Embedded roughness map extracted from chest_merchant_strongbox.glb by Godot import; SHA-256 79d73e426fb848e62969be2b03be7acdb26341df6a7390d96e9fa11270c4d34f,not applicable,AGPL-3.0-or-later (project author),Deterministic 512 px procedural roughness from tools/assets/prop_orm_baking.py; regenerate only by re-running the parent generator.,approved - derived from chest_merchant_strongbox.glb
assets.props.furniture.chest_poor_household.poorchestoak_normal,assets/props/furniture/chest_poor_household/chest_poor_household_PoorChestOak_normal.png,project maintainer,tools/generate_household_chests.py with Blender 5.2 LTS,Embedded tangent-space normal map extracted from chest_poor_household.glb by Godot import; SHA-256 1d648a7124b027d0fd4c72c4ad062a9e897cfeee4ea47d243e8392ef67c5c6a6,not applicable,AGPL-3.0-or-later (project author),Deterministic 512 px procedural tangent-space normal from tools/assets/prop_orm_baking.py; regenerate only by re-running the parent generator.,approved - derived from chest_poor_household.glb
assets.props.furniture.chest_poor_household.poorchestoak_roughness,assets/props/furniture/chest_poor_household/chest_poor_household_PoorChestOak_roughness.png,project maintainer,tools/generate_household_chests.py with Blender 5.2 LTS,Embedded roughness map extracted from chest_poor_household.glb by Godot import; SHA-256 d00ed98049461810145e9ab293f1798ee9003d386420739cc56a61f334b3459d,not applicable,AGPL-3.0-or-later (project author),Deterministic 512 px procedural roughness from tools/assets/prop_orm_baking.py; regenerate only by re-running the parent generator.,approved - derived from chest_poor_household.glb
assets.props.furniture.chest_poor_household.poorchesttimber_normal,assets/props/furniture/chest_poor_household/chest_poor_household_PoorChestTimber_normal.png,project maintainer,tools/generate_household_chests.py with Blender 5.2 LTS,Embedded tangent-space normal map extracted from chest_poor_household.glb by Godot import; SHA-256 56f81b3e91c43c3f8d2fed7bdcb45d15e3cd561a88668715379c49236b47fe40,not applicable,AGPL-3.0-or-later (project author),Deterministic 512 px procedural tangent-space normal from tools/assets/prop_orm_baking.py; regenerate only by re-running the parent generator.,approved - derived from chest_poor_household.glb
assets.props.furniture.chest_poor_household.poorchesttimber_roughness,assets/props/furniture/chest_poor_household/chest_poor_household_PoorChestTimber_roughness.png,project maintainer,tools/generate_household_chests.py with Blender 5.2 LTS,Embedded roughness map extracted from chest_poor_household.glb by Godot import; SHA-256 79d73e426fb848e62969be2b03be7acdb26341df6a7390d96e9fa11270c4d34f,not applicable,AGPL-3.0-or-later (project author),Deterministic 512 px procedural roughness from tools/assets/prop_orm_baking.py; regenerate only by re-running the parent generator.,approved - derived from chest_poor_household.glb
assets.animals.hendrik_reyneke.chicken_image_0,assets/animals/hendrik_reyneke/chicken/chicken_Image_0.png,project maintainer,tools/assets/import_hendrik_reyneke_model.py,Embedded albedo texture extracted from chicken.glb by Godot import; SHA-256 d5551c476fdf675473fdd0047daf20b5f855e157d01a2527aedd10b41a63489b,not applicable,AGPL-3.0-or-later (project author) or upstream CC BY license where applicable,Godot glTF import sidecar; regenerate only by re-importing the parent GLB.,approved - derived import sidecar
assets.animals.hendrik_reyneke.chicken_image_1,assets/animals/hendrik_reyneke/chicken/chicken_Image_1.png,project maintainer,tools/assets/import_hendrik_reyneke_model.py,Embedded albedo texture extracted from chicken.glb by Godot import; SHA-256 de5e970ca7da92f2f301b991620742ae42661e103f6da9444b419c50a7848921,not applicable,AGPL-3.0-or-later (project author) or upstream CC BY license where applicable,Godot glTF import sidecar; regenerate only by re-importing the parent GLB.,approved - derived import sidecar
assets.animals.hendrik_reyneke.goat_image_0,assets/animals/hendrik_reyneke/goat/goat_Image_0.jpg,project maintainer,tools/assets/import_hendrik_reyneke_model.py,Embedded albedo texture extracted from goat.glb by Godot import; SHA-256 276393864f0a763a7ae9c1029da9f9666d009bbc35df2172f06aeb5ba13bb3a5,not applicable,AGPL-3.0-or-later (project author) or upstream CC BY license where applicable,Godot glTF import sidecar; regenerate only by re-importing the parent GLB.,approved - derived import sidecar
assets.animals.hendrik_reyneke.goat_image_1,assets/animals/hendrik_reyneke/goat/goat_Image_1.png,project maintainer,tools/assets/import_hendrik_reyneke_model.py,Embedded albedo texture extracted from goat.glb by Godot import; SHA-256 ed647ac72d91889ea78d2086322a04974797f7ddfe4586837acb989e49a4e87d,not applicable,AGPL-3.0-or-later (project author) or upstream CC BY license where applicable,Godot glTF import sidecar; regenerate only by re-importing the parent GLB.,approved - derived import sidecar
assets.birds.house_sparrow.perched_image_0,assets/birds/house_sparrow/perched_Image_0.png,project maintainer,P2-033 bird GLB pipeline,Embedded albedo texture extracted from perched.glb by Godot import; SHA-256 414a2202082e53c9ecd5c55534e7e7783d9532007a6db03d09b7d49eb3403e18,not applicable,AGPL-3.0-or-later (project author) or upstream CC BY license where applicable,Godot glTF import sidecar; regenerate only by re-importing the parent GLB.,approved - derived import sidecar
assets.birds.house_sparrow.perched_image_1,assets/birds/house_sparrow/perched_Image_1.png,project maintainer,P2-033 bird GLB pipeline,Embedded albedo texture extracted from perched.glb by Godot import; SHA-256 85e8a3ace98cbb2d61ff6504bf4bdb38be558229c2ab4ac1ef3be3015ffbb561,not applicable,AGPL-3.0-or-later (project author) or upstream CC BY license where applicable,Godot glTF import sidecar; regenerate only by re-importing the parent GLB.,approved - derived import sidecar
assets.animals.hendrik_reyneke.chicken,assets/animals/hendrik_reyneke/chicken/chicken.glb,hendrikReyneke (Sketchfab) + project maintainer,Chicken Sketchfab source + Blender 5.2 metric normalization + P0-160 roughness backfill,https://sketchfab.com/3d-models/chicken-ce17aabc51ba47bfbc7342a963b095e9; source SHA-256 a2c86605f5e47859497e9bfe37556a848fb12d7a5922f45c583cc479eb2a4b77; runtime SHA-256 9a6d4b5520c6cb075cfb63f20cd852d104cd3160b160b569c972a95ec07c4fa4,not applicable,CC BY 4.0,Metric normalization to 0.46 m largest axis; transforms baked and feet grounded; embedded albedo/normal/roughness PBR; mesh-node transforms are identity.,approved - user-requested authored fauna import
assets.animals.hendrik_reyneke.goat,assets/animals/hendrik_reyneke/goat/goat.glb,hendrikReyneke (Sketchfab) + project maintainer,Goat Sketchfab source + Blender 5.2 metric normalization + P0-160 roughness backfill,https://sketchfab.com/3d-models/goat-2624ac2ce2364930ba2d5f70eb7aa1ea; source SHA-256 b7e5b67ff357de6b251c98a5611d32af65f18b6b8c5cdd1cf4726c144d03e5f3; runtime SHA-256 434439161703327bacf86e09679a9ccd93b0c7d6be769792d9c20cc7477e922e,not applicable,CC BY 4.0,Metric normalization to 1.20 m largest axis; transforms baked and feet grounded; embedded albedo/normal/roughness PBR; mesh-node transforms are identity.,approved - user-requested authored fauna import
assets.birds.house_sparrow.perched,assets/birds/house_sparrow/perched.glb,hendrikReyneke (Sketchfab) + project maintainer,Sparrow Sketchfab source + Blender 5.2 metric normalization + P0-160 feather roughness backfill,https://sketchfab.com/3d-models/sparrow-fc347fa4d3b84a3c99df887a36c4e2fe; source SHA-256 cc1c7e1e8d68bf763a664056986648e7a58ab97f67c546d278bf7bc3d0fa4aca; runtime SHA-256 1da4c10c1280fd7f0861683a7e23ff6579d14ed2d6fd01931a33ca9a84ae0414,not applicable,CC BY 4.0,Metric normalization to 0.16 m largest axis; transforms baked and feet grounded; embedded albedo/normal/roughness PBR; used as perched house sparrow; mesh-node transforms are identity.,approved - user-requested authored fauna import
assets.materials.pbr.stone.albedo,assets/materials/pbr/stone/stone_albedo.png,Leonardo AI,Lucid Realism,"Leonardo AI generation 72c9eec1-f240-463f-86e2-fa255eac2201; prompt: Seamless tileable medieval limestone wall texture, cut ashlar blocks, light grey stone; map type: albedo; processed to 512x512 seamless PNG by tools/apply_pbr_textures.py",72c9eec1-f240-463f-86e2-fa255eac2201,AGPL-3.0-or-later (project author),Leonardo AI PBR map processed to 512x512 PNG by tools/apply_pbr_textures.py.,approved - Leonardo AI PBR generation (2026-07-29)
assets.materials.pbr.plaster.albedo,assets/materials/pbr/plaster/plaster_albedo.png,Leonardo AI,Lucid Realism,"Leonardo AI generation a1dee551-67ba-44c9-bd9d-85230df47e71; prompt: Seamless tileable lime plaster wall texture, warm beige cream color; map type: albedo; processed to 512x512 seamless PNG by tools/apply_pbr_textures.py",a1dee551-67ba-44c9-bd9d-85230df47e71,AGPL-3.0-or-later (project author),Leonardo AI PBR map processed to 512x512 PNG by tools/apply_pbr_textures.py.,approved - Leonardo AI PBR generation (2026-07-29)
assets.materials.pbr.timber.albedo,assets/materials/pbr/timber/timber_albedo.png,Leonardo AI,configured realism model 05ce0082-2d80-4a2d-8653-4d1c85e2418e,generated/leonardo/timber_beam_v2/prompt.json; generation f4f94882-2be0-44b5-802f-fc4afe01be33 candidate 2; SHA-256 69e66872f868aaeba24313f139464b7e9212f301e228e3a898a9f4033b1ed7e0,f4f94882-2be0-44b5-802f-fc4afe01be33,AGPL-3.0-or-later (project author),Leonardo plate welded to 512 px; grass/mud/timber/hay sample native 512 where wired.,approved - maintainer-requested terrain plate refresh (2026-09-24)
assets.materials.pbr.hay.albedo,assets/materials/pbr/hay/hay_albedo.png,Leonardo AI,configured realism model 05ce0082-2d80-4a2d-8653-4d1c85e2418e,generated/leonardo/hay_thatch_v2/prompt.json; generation 21cca386-93cb-441d-8249-af5ce6064144 candidate 2; SHA-256 225751dbf63e4a4257f8245787f4e6d30e2237382dcfb801c67cc4ec84db108c,21cca386-93cb-441d-8249-af5ce6064144,AGPL-3.0-or-later (project author),Leonardo plate welded to 512 px; grass/mud/timber/hay sample native 512 where wired.,approved - maintainer-requested terrain plate refresh (2026-09-24)
assets.materials.pbr.roof_tile.albedo,assets/materials/pbr/roof_tile/roof_tile_albedo.png,Leonardo AI,Lucid Realism,"Leonardo AI generation 9c66006f-5ddc-457c-9252-8458968387f0; prompt: Seamless tileable medieval clay roof shingle texture, dark red-brown curved tiles; map type: albedo; processed to 512x512 seamless PNG by tools/apply_pbr_textures.py",9c66006f-5ddc-457c-9252-8458968387f0,AGPL-3.0-or-later (project author),Leonardo AI PBR map processed to 512x512 PNG by tools/apply_pbr_textures.py.,approved - Leonardo AI PBR generation (2026-07-29)
assets.materials.pbr.cobble.albedo,assets/materials/pbr/cobble/cobble_albedo.png,Leonardo AI,configured realism model 05ce0082-2d80-4a2d-8653-4d1c85e2418e,generated/leonardo/cobble_street_v3/prompt.json; generation e9ed269d-f170-4d7a-822a-9639979d4291 candidate 2; SHA-256 b4eef9e520276bdbb0d1303c05581d134493694497ad69020bf197ecc5c60ece,e9ed269d-f170-4d7a-822a-9639979d4291,AGPL-3.0-or-later (project author),Leonardo plate welded to 512 px; grass/mud/timber/hay sample native 512 where wired.,approved - maintainer-requested terrain plate refresh (2026-09-24)
assets.materials.pbr.stone.normal,assets/materials/pbr/stone/stone_normal.png,Leonardo AI,Lucid Realism,"Leonardo AI generation 51b612ce-3d49-4542-9a5c-210dfba3f733; prompt: Seamless tileable limestone wall normal map, cut ashlar stone blocks with mortar joints; map type: normal; processed to 512x512 seamless PNG by tools/apply_pbr_textures.py",51b612ce-3d49-4542-9a5c-210dfba3f733,AGPL-3.0-or-later (project author),Leonardo AI PBR map processed to 512x512 PNG by tools/apply_pbr_textures.py.,approved - Leonardo AI PBR generation (2026-07-29)
assets.materials.pbr.plaster.normal,assets/materials/pbr/plaster/plaster_normal.png,Leonardo AI,Lucid Realism,"Leonardo AI generation 4161e9fa-3a64-4e8d-9c96-2b60b956d4d6; prompt: Seamless tileable lime plaster wall normal map, rough plaster surface with subtle cracks; map type: normal; processed to 512x512 seamless PNG by tools/apply_pbr_textures.py",4161e9fa-3a64-4e8d-9c96-2b60b956d4d6,AGPL-3.0-or-later (project author),Leonardo AI PBR map processed to 512x512 PNG by tools/apply_pbr_textures.py.,approved - Leonardo AI PBR generation (2026-07-29)
assets.materials.pbr.timber.normal,assets/materials/pbr/timber/timber_normal.png,Leonardo AI,Lucid Realism,"Leonardo AI generation 10b58670-209f-47c7-8aed-123b220ac951; prompt: Seamless tileable aged timber wood normal map, wood grain and knots; map type: normal; processed to 512x512 seamless PNG by tools/apply_pbr_textures.py",10b58670-209f-47c7-8aed-123b220ac951,AGPL-3.0-or-later (project author),Leonardo AI PBR map processed to 512x512 PNG by tools/apply_pbr_textures.py.,approved - Leonardo AI PBR generation (2026-07-29)
assets.materials.pbr.hay.normal,assets/materials/pbr/hay/hay_normal.png,Leonardo AI,Lucid Realism,"Leonardo AI generation 02e14313-0af5-4444-8061-91f22beeb2a2; prompt: Seamless tileable straw hay thatch normal map, bundled reed thatch roofing; map type: normal; processed to 512x512 seamless PNG by tools/apply_pbr_textures.py",02e14313-0af5-4444-8061-91f22beeb2a2,AGPL-3.0-or-later (project author),Leonardo AI PBR map processed to 512x512 PNG by tools/apply_pbr_textures.py.,approved - Leonardo AI PBR generation (2026-07-29)
assets.materials.pbr.roof_tile.normal,assets/materials/pbr/roof_tile/roof_tile_normal.png,Leonardo AI,Lucid Realism,"Leonardo AI generation a0a3a1c9-9e5b-47e3-ad16-028e9f3090b0; prompt: Seamless tileable clay roof shingle normal map, overlapping curved ceramic tiles; map type: normal; processed to 512x512 seamless PNG by tools/apply_pbr_textures.py",a0a3a1c9-9e5b-47e3-ad16-028e9f3090b0,AGPL-3.0-or-later (project author),Leonardo AI PBR map processed to 512x512 PNG by tools/apply_pbr_textures.py.,approved - Leonardo AI PBR generation (2026-07-29)
assets.materials.pbr.cobble.normal,assets/materials/pbr/cobble/cobble_normal.png,Leonardo AI,Lucid Realism,"Leonardo AI generation 151628c8-41ad-4ac7-991a-76c26489f42e; prompt: Seamless tileable cobblestone street normal map, irregular stone blocks with gaps; map type: normal; processed to 512x512 seamless PNG by tools/apply_pbr_textures.py",151628c8-41ad-4ac7-991a-76c26489f42e,AGPL-3.0-or-later (project author),Leonardo AI PBR map processed to 512x512 PNG by tools/apply_pbr_textures.py.,approved - Leonardo AI PBR generation (2026-07-29)
assets.materials.pbr.stone.roughness,assets/materials/pbr/stone/stone_roughness.png,Leonardo AI,Lucid Realism,"Leonardo AI generation 6ea9567a-e4de-466d-ad49-1d6442eec7ce; prompt: Seamless tileable limestone roughness map, rough areas for mortar, smoother for stone; map type: roughness; processed to 512x512 seamless PNG by tools/apply_pbr_textures.py",6ea9567a-e4de-466d-ad49-1d6442eec7ce,AGPL-3.0-or-later (project author),Leonardo AI PBR map processed to 512x512 PNG by tools/apply_pbr_textures.py.,approved - Leonardo AI PBR generation (2026-07-29)
assets.materials.pbr.plaster.roughness,assets/materials/pbr/plaster/plaster_roughness.png,Leonardo AI,Lucid Realism,"Leonardo AI generation c74dc4bc-9a95-42b1-b582-2e2c6e39d705; prompt: Seamless tileable lime plaster roughness map, medium grey with subtle variations; map type: roughness; processed to 512x512 seamless PNG by tools/apply_pbr_textures.py",c74dc4bc-9a95-42b1-b582-2e2c6e39d705,AGPL-3.0-or-later (project author),Leonardo AI PBR map processed to 512x512 PNG by tools/apply_pbr_textures.py.,approved - Leonardo AI PBR generation (2026-07-29)
assets.materials.pbr.timber.roughness,assets/materials/pbr/timber/timber_roughness.png,Leonardo AI,Lucid Realism,"Leonardo AI generation 5e4dd896-a15d-4016-9096-a0922b134e84; prompt: Seamless tileable timber wood roughness map, varied grey following wood grain; map type: roughness; processed to 512x512 seamless PNG by tools/apply_pbr_textures.py",5e4dd896-a15d-4016-9096-a0922b134e84,AGPL-3.0-or-later (project author),Leonardo AI PBR map processed to 512x512 PNG by tools/apply_pbr_textures.py.,approved - Leonardo AI PBR generation (2026-07-29)
assets.materials.pbr.hay.roughness,assets/materials/pbr/hay/hay_roughness.png,Leonardo AI,Lucid Realism,"Leonardo AI generation a8a8db92-2501-4ba7-a0d6-6651dbafda6b; prompt: Seamless tileable straw hay thatch roughness map, very bright rough surface; map type: roughness; processed to 512x512 seamless PNG by tools/apply_pbr_textures.py",a8a8db92-2501-4ba7-a0d6-6651dbafda6b,AGPL-3.0-or-later (project author),Leonardo AI PBR map processed to 512x512 PNG by tools/apply_pbr_textures.py.,approved - Leonardo AI PBR generation (2026-07-29)
assets.materials.pbr.roof_tile.roughness,assets/materials/pbr/roof_tile/roof_tile_roughness.png,Leonardo AI,Lucid Realism,"Leonardo AI generation 40e9e3ac-0b03-44c1-b082-971e6b1df275; prompt: Seamless tileable clay roof shingle roughness map, medium-dark grey fired ceramic; map type: roughness; processed to 512x512 seamless PNG by tools/apply_pbr_textures.py",40e9e3ac-0b03-44c1-b082-971e6b1df275,AGPL-3.0-or-later (project author),Leonardo AI PBR map processed to 512x512 PNG by tools/apply_pbr_textures.py.,approved - Leonardo AI PBR generation (2026-07-29)
assets.materials.pbr.cobble.roughness,assets/materials/pbr/cobble/cobble_roughness.png,Leonardo AI,Lucid Realism,"Leonardo AI generation 3ca9a967-2c0d-4946-976c-9d1bfbf04571; prompt: Seamless tileable cobblestone roughness map, varied grey worn stone tops; map type: roughness; processed to 512x512 seamless PNG by tools/apply_pbr_textures.py",3ca9a967-2c0d-4946-976c-9d1bfbf04571,AGPL-3.0-or-later (project author),Leonardo AI PBR map processed to 512x512 PNG by tools/apply_pbr_textures.py.,approved - Leonardo AI PBR generation (2026-07-29)
assets.materials.pbr.grass.albedo,assets/materials/pbr/grass/grass_albedo.png,Leonardo AI,configured realism model 05ce0082-2d80-4a2d-8653-4d1c85e2418e,generated/leonardo/grass_meadow_v3/prompt.json; generation db60e7ab-4273-4325-9ed9-fb5c41d7728c candidate 2; SHA-256 04abd617edd473c0566b0bdb7c627fcc3a2db36ca553d9e5f9cd75f2b4fc7eb6,db60e7ab-4273-4325-9ed9-fb5c41d7728c,AGPL-3.0-or-later (project author),Leonardo plate welded to 512 px; grass/mud/timber/hay sample native 512 where wired.,approved - maintainer-requested terrain plate refresh (2026-09-24)
assets.materials.pbr.timber_floor.albedo,assets/materials/pbr/timber_floor/timber_floor_albedo.png,Leonardo AI,configured realism model 05ce0082-2d80-4a2d-8653-4d1c85e2418e,generated/leonardo/timber_floor_v2/prompt.json; generation ec7fb48f-5ebb-4302-aa6d-0970d345a0e6 candidate 1; SHA-256 d36144f0f87dc1c49759fcc471000437c1c895a1e568f27996b0d55969cc248c,ec7fb48f-5ebb-4302-aa6d-0970d345a0e6,AGPL-3.0-or-later (project author),Leonardo plate welded to 512 px; grass/mud/timber/hay sample native 512 where wired.,approved - maintainer-requested terrain plate refresh (2026-09-24)
assets.materials.pbr.smithy_floor.albedo,assets/materials/pbr/smithy_floor/smithy_floor_albedo.png,Leonardo AI,configured realism model 05ce0082-2d80-4a2d-8653-4d1c85e2418e,generated/leonardo/smithy_flagstone_v3/prompt.json; generation 587ac7d3-e27c-4ab6-ad31-dcf068873a97 candidate 2; SHA-256 3dc21d522d1231694abdaaaf69a90cac4981c94b4233be9862d9d1df767d525a,587ac7d3-e27c-4ab6-ad31-dcf068873a97,AGPL-3.0-or-later (project author),Leonardo plate welded to 512 px; grass/mud/timber/hay sample native 512 where wired.,approved - maintainer-requested terrain plate refresh (2026-09-24)
assets.materials.decals.soot,assets/materials/decals/soot.png,project maintainer,tools/generate_decal_masks.py,P0-157 soft-edged alpha mask via tools/generate_decal_masks.py,15701,AGPL-3.0-or-later (project author),Deterministic 256x256 RGBA blotch mask; RGB white; alpha encodes stain; SHA-256 eec566d3a93d2eae38376700df1e9a8925a472a0bcd47a950ddbc56710e1689b.,approved - P0-157 procedural decal library
assets.materials.decals.mud,assets/materials/decals/mud.png,project maintainer,tools/generate_decal_masks.py,P0-157 soft-edged alpha mask via tools/generate_decal_masks.py,15702,AGPL-3.0-or-later (project author),Deterministic 256x256 RGBA blotch mask; RGB white; alpha encodes stain; SHA-256 1c5579c10cb45db2adbf0da3b2fb6262e9a323c67859b94ab61bc9d95ee69716.,approved - P0-157 procedural decal library
assets.materials.decals.blood,assets/materials/decals/blood.png,project maintainer,tools/generate_decal_masks.py,P0-157 soft-edged alpha mask via tools/generate_decal_masks.py,15703,AGPL-3.0-or-later (project author),Deterministic 256x256 RGBA blotch mask; RGB white; alpha encodes stain; SHA-256 b11626b8310ef5a5419551959e5aac9fb4c0d213f03119b0e92c3a2c0099d851.,approved - P0-157 procedural decal library
assets.materials.decals.scorch,assets/materials/decals/scorch.png,project maintainer,tools/generate_decal_masks.py,P0-157 soft-edged alpha mask via tools/generate_decal_masks.py,15704,AGPL-3.0-or-later (project author),Deterministic 256x256 RGBA blotch mask; RGB white; alpha encodes stain; SHA-256 8375f1b0386ed6835839c1d2d88d535114065c97fabc5cf4fa88370d6aed22a6.,approved - P0-157 procedural decal library
assets.materials.decals.grime,assets/materials/decals/grime.png,project maintainer,tools/generate_decal_masks.py,P0-157 soft-edged alpha mask via tools/generate_decal_masks.py,15705,AGPL-3.0-or-later (project author),Deterministic 256x256 RGBA blotch mask; RGB white; alpha encodes stain; SHA-256 5067051c919655352b898300364c0738d448028fa383f9eeddcf08307c7bebc0.,approved - P0-157 procedural decal library
assets.materials.decals.wet_threshold,assets/materials/decals/wet_threshold.png,project maintainer,tools/generate_decal_masks.py,P0-157 soft-edged alpha mask via tools/generate_decal_masks.py,15706,AGPL-3.0-or-later (project author),Deterministic 256x256 RGBA blotch mask; RGB white; alpha encodes stain; SHA-256 117f6da08f56176b9634785f5e6ccd1e7ff877ca346b56c376e83999fe223337.,approved - P0-157 procedural decal library
assets.birds.house_sparrow.perched_perched_roughness,assets/birds/house_sparrow/perched_perched_roughness.png,project maintainer,P0-160 fauna roughness backfill,Derived roughness sidecar; SHA-256 3a11a1d517fa1502b90fcdff5ab2de7a72dc4342c269ba342cde0a36d42cb6e5,not applicable,AGPL-3.0-or-later (project author) or upstream CC BY where applicable,Godot-extracted or P0-160 backfill roughness map; regenerate with parent GLB pipeline.,approved - derived fauna roughness sidecar
assets.animals.hendrik_reyneke.chicken_chicken_roughness,assets/animals/hendrik_reyneke/chicken/chicken_chicken_roughness.png,project maintainer,P0-160 fauna roughness backfill,Derived roughness sidecar; SHA-256 3a11a1d517fa1502b90fcdff5ab2de7a72dc4342c269ba342cde0a36d42cb6e5,not applicable,AGPL-3.0-or-later (project author) or upstream CC BY where applicable,Godot-extracted or P0-160 backfill roughness map; regenerate with parent GLB pipeline.,approved - derived fauna roughness sidecar
assets.animals.hendrik_reyneke.goat_goat_roughness,assets/animals/hendrik_reyneke/goat/goat_goat_roughness.png,project maintainer,P0-160 fauna roughness backfill,Derived roughness sidecar; SHA-256 3a11a1d517fa1502b90fcdff5ab2de7a72dc4342c269ba342cde0a36d42cb6e5,not applicable,AGPL-3.0-or-later (project author) or upstream CC BY where applicable,Godot-extracted or P0-160 backfill roughness map; regenerate with parent GLB pipeline.,approved - derived fauna roughness sidecar
assets.reports.fauna.p2_034_herring_gull_reference,docs/reports/images/fauna/p2_034_herring_gull_reference.png,Cursor GenerateImage + project maintainer,P2-034,Harbour gull reference plate; SHA-256 5b6ac2a404ad13c8971c2894dd0e8e089a0e34de8ff3a1e55496be78d5be39c0,not applicable,AGPL-3.0-or-later (project author),Reference plate for harbour gull batch; not a runtime texture.,approved - P2-034 reference plate
assets.reports.fauna.p2_034_common_gull_reference,docs/reports/images/fauna/p2_034_common_gull_reference.png,Cursor GenerateImage + project maintainer,P2-034,Harbour gull reference plate; SHA-256 1b89c5a11c99062f0b19fd36d500fca4f52af9835282c08b186dfd7bcc0c7b84,not applicable,AGPL-3.0-or-later (project author),Reference plate for harbour gull batch; not a runtime texture.,approved - P2-034 reference plate
assets.reports.fauna.p2_034_common_tern_reference,docs/reports/images/fauna/p2_034_common_tern_reference.png,Cursor GenerateImage + project maintainer,P2-034,Harbour gull reference plate; SHA-256 4a733a54be7357090c98f72cecfd9baa2af03f122694a8d5a9960c392aa53056,not applicable,AGPL-3.0-or-later (project author),Reference plate for harbour gull batch; not a runtime texture.,approved - P2-034 reference plate
assets.reports.fauna.p2_034_harbour_gull_reference_sheet,docs/reports/images/fauna/p2_034_harbour_gull_reference_sheet.png,Cursor GenerateImage + project maintainer,P2-034,Harbour gull reference plate; SHA-256 370c5619e2f73ab78a20566e7622457f4d1a97013cb48ace92d2a21114cab998,not applicable,AGPL-3.0-or-later (project author),Reference plate for harbour gull batch; not a runtime texture.,approved - P2-034 reference plate
docs.reports.images.fauna.p2_034_harbour_gull_silhouettes,docs/reports/images/fauna/p2_034_harbour_gull_silhouettes.png,project maintainer,P2-034 gull silhouette sheet,Collage of harbour gull Blender previews; SHA-256 4c19fc645c1a5fcabd3eb0b3661c6dc17bb9b0ad8f14d1d31b0fc2a7bfbafdb3,not applicable,AGPL-3.0-or-later (project author),"Evidence capture for distinguishable herring_gull, common_gull, common_tern silhouettes.",approved - P2-034 verification evidence
assets.reports.fauna.p2_035_mute_swan_reference,docs/reports/images/fauna/p2_035_mute_swan_reference.png,project maintainer,P2-035 Blender EEVEE preview,Waterfowl reference plate; SHA-256 02d0c6f23d1d1c313e9eb9f5e4661e8bc34be49c1b0784813be1dff56adc1de8,not applicable,AGPL-3.0-or-later (project author),Reference plate for waterfowl batch; not a runtime texture.,approved - P2-035 reference plate
assets.reports.fauna.p2_035_mallard_reference,docs/reports/images/fauna/p2_035_mallard_reference.png,project maintainer,P2-035 Blender EEVEE preview,Waterfowl reference plate; SHA-256 0f5ff68af09a511196e26fb9c4e57ca992051e2f9605d6a230ee34e25687ad67,not applicable,AGPL-3.0-or-later (project author),Reference plate for waterfowl batch; not a runtime texture.,approved - P2-035 reference plate
assets.reports.fauna.p2_035_greylag_goose_reference,docs/reports/images/fauna/p2_035_greylag_goose_reference.png,project maintainer,P2-035 Blender EEVEE preview,Waterfowl reference plate; SHA-256 6e530a2626a6875f64ae483c3a7b3ac7a8e1630ba3426838893dd0a49b028347,not applicable,AGPL-3.0-or-later (project author),Reference plate for waterfowl batch; not a runtime texture.,approved - P2-035 reference plate
assets.reports.fauna.p2_035_great_cormorant_reference,docs/reports/images/fauna/p2_035_great_cormorant_reference.png,project maintainer,P2-035 Blender EEVEE preview,Waterfowl reference plate; SHA-256 11889344ecd326a817c2ae90162e6165ec45c9c70a12ef61ef3582770a7d7119,not applicable,AGPL-3.0-or-later (project author),Reference plate for waterfowl batch; not a runtime texture.,approved - P2-035 reference plate
assets.reports.fauna.p2_035_waterfowl_reference_sheet,docs/reports/images/fauna/p2_035_waterfowl_reference_sheet.png,project maintainer,P2-035 Blender EEVEE preview composite,Four-up waterfowl reference sheet; SHA-256 214137df01892e6b6dffe4e024d78375f12cc0a7335659cb545bcc378c23cb91,not applicable,AGPL-3.0-or-later (project author),"Composite of mute swan, mallard, greylag goose, great cormorant standing previews; not a runtime texture.",approved - P2-035 reference sheet
assets.props.crafts.yard_firewood_stack,assets/props/crafts/yard_firewood_stack/yard_firewood_stack.glb,project maintainer,tools/generate_yard_firewood_stack.py with Blender 5.2 LTS,"Deterministic Workers District yard firewood stack; split birch/pine billets with bark backs, pale heartwood faces, and hemp yard cord; embedded 512 px painted albedos; SHA-256 d886b4f30725919b7012896bb85fd13663324cf76609297dc2ffda67fc7692eb",not applicable,AGPL-3.0-or-later (project author),"Procedurally modeled and UV-authored in Blender; 1264 triangles, three material families, ~2.07 x 0.55 x 0.92 m in Godot axes; replaces outdoor courtyard anvil without changing rrmap-owned collision/navigation contract.",approved - user-requested outdoor firewood replacing courtyard anvil
assets.props.crafts.yard_firewood_stack.hemp_albedo,assets/props/crafts/yard_firewood_stack/yard_firewood_stack_HempYardCord_albedo.png,project maintainer,tools/generate_yard_firewood_stack.py with Blender 5.2 LTS,Embedded hemp yard-cord albedo extracted from yard_firewood_stack.glb by Godot import; SHA-256 5f0167df4b6409ed53bf11dd7318b0bcbc24e1295c815e5f5cc4212783166ec5,not applicable,AGPL-3.0-or-later (project author),Deterministic 512 px surface; regenerate only by rebuilding and importing the parent GLB.,approved - derived from yard_firewood_stack.glb
assets.props.crafts.yard_firewood_stack.heartwood_albedo,assets/props/crafts/yard_firewood_stack/yard_firewood_stack_SplitPineHeartwood_albedo.png,project maintainer,tools/generate_yard_firewood_stack.py with Blender 5.2 LTS,Embedded split-pine heartwood albedo extracted from yard_firewood_stack.glb by Godot import; SHA-256 553d93fa4372ea4e0e0b6e212316c50d5a3217d6b0cbf17bf60130e8a7fbd6fd,not applicable,AGPL-3.0-or-later (project author),Deterministic 512 px surface; regenerate only by rebuilding and importing the parent GLB.,approved - derived from yard_firewood_stack.glb
assets.props.crafts.yard_firewood_stack.bark_albedo,assets/props/crafts/yard_firewood_stack/yard_firewood_stack_WeatheredBirchBark_albedo.png,project maintainer,tools/generate_yard_firewood_stack.py with Blender 5.2 LTS,Embedded weathered birch bark albedo extracted from yard_firewood_stack.glb by Godot import; SHA-256 2179363e425956b0405e321cc4fcdcf422d051ba5d8f6c9b84146abc419387db,not applicable,AGPL-3.0-or-later (project author),Deterministic 512 px surface; regenerate only by rebuilding and importing the parent GLB.,approved - derived from yard_firewood_stack.glb
assets.props.forge.smithy_charcoal_storage,assets/props/forge/smithy_charcoal_storage/smithy_charcoal_storage.glb,project maintainer,tools/generate_smithy_charcoal_storage.py with Blender 5.2 LTS,"Deterministic Kalev smithy charcoal sack storage; linen delivery sacks, open working sack of hardwood charcoal, hemp ties, oak dunnage; packed PBR; SHA-256 8ec1a2ef373d4bcf387675f72afa4e33271fe191938aad86ebc6348d10128fca",not applicable,AGPL-3.0-or-later (project author),Procedurally modeled in Blender; indoor coal_store visual only; outdoor charcoal_pile keeps procedural bulk silhouette.,approved - WIP charcoal storage required by district-life builder
assets.props.forge.smithy_charcoal_storage.charcoalstainedlinen_albedo,assets/props/forge/smithy_charcoal_storage/smithy_charcoal_storage_CharcoalStainedLinen_albedo.png,project maintainer,tools/generate_smithy_charcoal_storage.py with Blender 5.2 LTS,Godot-extracted sidecar from smithy_charcoal_storage.glb; SHA-256 42b80e192675903c654185da7ac9135f3e35926094b158019fc0cf7b55795571,not applicable,AGPL-3.0-or-later (project author),Regenerate only by rebuilding and importing the parent GLB.,approved - derived from smithy_charcoal_storage.glb
assets.props.forge.smithy_charcoal_storage.charcoalstainedlinen_normal,assets/props/forge/smithy_charcoal_storage/smithy_charcoal_storage_CharcoalStainedLinen_normal.png,project maintainer,tools/generate_smithy_charcoal_storage.py with Blender 5.2 LTS,Godot-extracted sidecar from smithy_charcoal_storage.glb; SHA-256 8d6c93ff33c5bd276fd219d0c3d1d8a4fba12436e76421e27a39d86e7a9bcde8,not applicable,AGPL-3.0-or-later (project author),Regenerate only by rebuilding and importing the parent GLB.,approved - derived from smithy_charcoal_storage.glb
assets.props.forge.smithy_charcoal_storage.charcoalstainedlinen_roughness,assets/props/forge/smithy_charcoal_storage/smithy_charcoal_storage_CharcoalStainedLinen_roughness.png,project maintainer,tools/generate_smithy_charcoal_storage.py with Blender 5.2 LTS,Godot-extracted sidecar from smithy_charcoal_storage.glb; SHA-256 76a5ace9e36eab5da022b87f3d139a69aad9492c6d4d5d020d2b79277b8acf50,not applicable,AGPL-3.0-or-later (project author),Regenerate only by rebuilding and importing the parent GLB.,approved - derived from smithy_charcoal_storage.glb
assets.props.forge.smithy_charcoal_storage.hardwoodcharcoal_albedo,assets/props/forge/smithy_charcoal_storage/smithy_charcoal_storage_HardwoodCharcoal_albedo.png,project maintainer,tools/generate_smithy_charcoal_storage.py with Blender 5.2 LTS,Godot-extracted sidecar from smithy_charcoal_storage.glb; SHA-256 014171d2d31abe995e2b9ecf26902a61aa0804c837f6082f9449024876bfded7,not applicable,AGPL-3.0-or-later (project author),Regenerate only by rebuilding and importing the parent GLB.,approved - derived from smithy_charcoal_storage.glb
assets.props.forge.smithy_charcoal_storage.hardwoodcharcoal_normal,assets/props/forge/smithy_charcoal_storage/smithy_charcoal_storage_HardwoodCharcoal_normal.png,project maintainer,tools/generate_smithy_charcoal_storage.py with Blender 5.2 LTS,Godot-extracted sidecar from smithy_charcoal_storage.glb; SHA-256 c802c734f1adfaf338c1cc491e712f647caa9f6c1460c0d8d79809cb5e1bf5b3,not applicable,AGPL-3.0-or-later (project author),Regenerate only by rebuilding and importing the parent GLB.,approved - derived from smithy_charcoal_storage.glb
assets.props.forge.smithy_charcoal_storage.hardwoodcharcoal_roughness,assets/props/forge/smithy_charcoal_storage/smithy_charcoal_storage_HardwoodCharcoal_roughness.png,project maintainer,tools/generate_smithy_charcoal_storage.py with Blender 5.2 LTS,Godot-extracted sidecar from smithy_charcoal_storage.glb; SHA-256 3ec5459941a4b30aa577a6bd0414b9ef66b32e85fc19b759351d3bbcec4372d7,not applicable,AGPL-3.0-or-later (project author),Regenerate only by rebuilding and importing the parent GLB.,approved - derived from smithy_charcoal_storage.glb
assets.props.forge.smithy_charcoal_storage.hempseamsandties_albedo,assets/props/forge/smithy_charcoal_storage/smithy_charcoal_storage_HempSeamsAndTies_albedo.png,project maintainer,tools/generate_smithy_charcoal_storage.py with Blender 5.2 LTS,Godot-extracted sidecar from smithy_charcoal_storage.glb; SHA-256 5f0167df4b6409ed53bf11dd7318b0bcbc24e1295c815e5f5cc4212783166ec5,not applicable,AGPL-3.0-or-later (project author),Regenerate only by rebuilding and importing the parent GLB.,approved - derived from smithy_charcoal_storage.glb
assets.props.forge.smithy_charcoal_storage.hempseamsandties_normal,assets/props/forge/smithy_charcoal_storage/smithy_charcoal_storage_HempSeamsAndTies_normal.png,project maintainer,tools/generate_smithy_charcoal_storage.py with Blender 5.2 LTS,Godot-extracted sidecar from smithy_charcoal_storage.glb; SHA-256 8d7977fd8fccec30cd3c4bd46e098e3b73b1fe2332d81232e7a1941e1a7c89f5,not applicable,AGPL-3.0-or-later (project author),Regenerate only by rebuilding and importing the parent GLB.,approved - derived from smithy_charcoal_storage.glb
assets.props.forge.smithy_charcoal_storage.hempseamsandties_roughness,assets/props/forge/smithy_charcoal_storage/smithy_charcoal_storage_HempSeamsAndTies_roughness.png,project maintainer,tools/generate_smithy_charcoal_storage.py with Blender 5.2 LTS,Godot-extracted sidecar from smithy_charcoal_storage.glb; SHA-256 4452697d14434717d77d7b2eca6909bd3bc6529b3e9b61eb66c554e300693c5a,not applicable,AGPL-3.0-or-later (project author),Regenerate only by rebuilding and importing the parent GLB.,approved - derived from smithy_charcoal_storage.glb
assets.props.forge.smithy_charcoal_storage.smokedarkenedoakdunnage_albedo,assets/props/forge/smithy_charcoal_storage/smithy_charcoal_storage_SmokeDarkenedOakDunnage_albedo.png,project maintainer,tools/generate_smithy_charcoal_storage.py with Blender 5.2 LTS,Godot-extracted sidecar from smithy_charcoal_storage.glb; SHA-256 a8e43392a9f18884fd625e97bedf517e18d4e2cdbaa47d9d01f08c5bb9fb3c2f,not applicable,AGPL-3.0-or-later (project author),Regenerate only by rebuilding and importing the parent GLB.,approved - derived from smithy_charcoal_storage.glb
assets.props.forge.smithy_charcoal_storage.smokedarkenedoakdunnage_normal,assets/props/forge/smithy_charcoal_storage/smithy_charcoal_storage_SmokeDarkenedOakDunnage_normal.png,project maintainer,tools/generate_smithy_charcoal_storage.py with Blender 5.2 LTS,Godot-extracted sidecar from smithy_charcoal_storage.glb; SHA-256 1d648a7124b027d0fd4c72c4ad062a9e897cfeee4ea47d243e8392ef67c5c6a6,not applicable,AGPL-3.0-or-later (project author),Regenerate only by rebuilding and importing the parent GLB.,approved - derived from smithy_charcoal_storage.glb
assets.props.forge.smithy_charcoal_storage.smokedarkenedoakdunnage_roughness,assets/props/forge/smithy_charcoal_storage/smithy_charcoal_storage_SmokeDarkenedOakDunnage_roughness.png,project maintainer,tools/generate_smithy_charcoal_storage.py with Blender 5.2 LTS,Godot-extracted sidecar from smithy_charcoal_storage.glb; SHA-256 d00ed98049461810145e9ab293f1798ee9003d386420739cc56a61f334b3459d,not applicable,AGPL-3.0-or-later (project author),Regenerate only by rebuilding and importing the parent GLB.,approved - derived from smithy_charcoal_storage.glb
assets.reports.fauna.p2_036_grey_heron_reference,docs/reports/images/fauna/p2_036_grey_heron_reference.png,project maintainer,P2-036 Blender EEVEE preview,Wader reference plate; SHA-256 43ab29f1dffc741d359406bff842027e46ce1da1d48ca707ace32804a528ad06,not applicable,AGPL-3.0-or-later (project author),Reference plate for wader batch; not a runtime texture.,approved - P2-036 reference plate
assets.reports.fauna.p2_036_northern_lapwing_reference,docs/reports/images/fauna/p2_036_northern_lapwing_reference.png,project maintainer,P2-036 Blender EEVEE preview,Wader reference plate; SHA-256 7a1a30df7d8fb83b3d3b7a236b5eea89492e988b627be137a474348df23d5a07,not applicable,AGPL-3.0-or-later (project author),Reference plate for wader batch; not a runtime texture.,approved - P2-036 reference plate
assets.reports.fauna.p2_036_common_snipe_reference,docs/reports/images/fauna/p2_036_common_snipe_reference.png,project maintainer,P2-036 Blender EEVEE preview,Wader reference plate; SHA-256 295987f0a4979a695b932a9556b0001e8387face90e3cf3b1299dbb1fe68f586,not applicable,AGPL-3.0-or-later (project author),Reference plate for wader batch; not a runtime texture.,approved - P2-036 reference plate
assets.reports.fauna.p2_036_wader_reference_sheet,docs/reports/images/fauna/p2_036_wader_reference_sheet.png,project maintainer,P2-036 Blender EEVEE preview composite,Three-up wader reference sheet; SHA-256 42383702989697b263a3c71c7f31ab9b55379831124bce0aa39d821e6102398d,not applicable,AGPL-3.0-or-later (project author),"Composite of grey heron, northern lapwing, common snipe standing previews; not a runtime texture.",approved - P2-036 reference sheet
assets.props.tools.blacksmith_tongs,assets/props/tools/blacksmith_tongs/blacksmith_tongs.glb,project maintainer,tools/generate_medieval_hand_tools.py with Blender 5.2 LTS,Deterministic 1343 northern Baltic hand tool; SHA-256 85960fd58e819194ffd916452fdda1f12be69eb1a82624c9ef85bdb71d355767,not applicable,AGPL-3.0-or-later (project author),"Procedurally modeled and UV-authored in Blender; 660 triangles; dimensions [0.4345, 0.7809, 0.1978] m; embedded 512 px painted albedo, tangent normal, and roughness maps.",approved - user-requested medieval hand tools
assets.props.tools.blacksmith_tongs.hammered_tool_iron.albedo,assets/props/tools/blacksmith_tongs/blacksmith_tongs_HammeredToolIron_albedo.png,project maintainer,tools/generate_medieval_hand_tools.py with Blender 5.2 LTS,Embedded albedo map extracted from blacksmith_tongs.glb by Godot 4.7 import; SHA-256 40e74cf38fba14106a8157502008764adf1d8903a92abfcd0558f78223635386,not applicable,AGPL-3.0-or-later (project author),Deterministic 512 px procedural albedo; regenerate by rebuilding and importing the parent GLB.,approved - derived from blacksmith_tongs.glb
assets.props.tools.blacksmith_tongs.hammered_tool_iron.normal,assets/props/tools/blacksmith_tongs/blacksmith_tongs_HammeredToolIron_normal.png,project maintainer,tools/generate_medieval_hand_tools.py with Blender 5.2 LTS,Embedded normal map extracted from blacksmith_tongs.glb by Godot 4.7 import; SHA-256 6a27c25a565c106c612f39f5fe008bba7ef6812bd5f7210d8d8fc4031b549906,not applicable,AGPL-3.0-or-later (project author),Deterministic 512 px procedural normal; regenerate by rebuilding and importing the parent GLB.,approved - derived from blacksmith_tongs.glb
assets.props.tools.blacksmith_tongs.hammered_tool_iron.roughness,assets/props/tools/blacksmith_tongs/blacksmith_tongs_HammeredToolIron_roughness.png,project maintainer,tools/generate_medieval_hand_tools.py with Blender 5.2 LTS,Embedded roughness map extracted from blacksmith_tongs.glb by Godot 4.7 import; SHA-256 907100371252b38f1c7c8ed6ef9bc697eb1cd966e298eb541f7c51a86950f0d9,not applicable,AGPL-3.0-or-later (project author),Deterministic 512 px procedural roughness; regenerate by rebuilding and importing the parent GLB.,approved - derived from blacksmith_tongs.glb
assets.props.tools.blacksmith_tongs.polished_tool_edge.albedo,assets/props/tools/blacksmith_tongs/blacksmith_tongs_PolishedToolEdge_albedo.png,project maintainer,tools/generate_medieval_hand_tools.py with Blender 5.2 LTS,Embedded albedo map extracted from blacksmith_tongs.glb by Godot 4.7 import; SHA-256 3b32ec281d3901045bc20eff3387440515f56fe8f14ac81bf5de3c0682a3312d,not applicable,AGPL-3.0-or-later (project author),Deterministic 512 px procedural albedo; regenerate by rebuilding and importing the parent GLB.,approved - derived from blacksmith_tongs.glb
assets.props.tools.blacksmith_tongs.polished_tool_edge.normal,assets/props/tools/blacksmith_tongs/blacksmith_tongs_PolishedToolEdge_normal.png,project maintainer,tools/generate_medieval_hand_tools.py with Blender 5.2 LTS,Embedded normal map extracted from blacksmith_tongs.glb by Godot 4.7 import; SHA-256 c86061aa5812af90996839e124951dffdb14e5f4dfc9b08de7ce8a26850c871c,not applicable,AGPL-3.0-or-later (project author),Deterministic 512 px procedural normal; regenerate by rebuilding and importing the parent GLB.,approved - derived from blacksmith_tongs.glb
assets.props.tools.blacksmith_tongs.polished_tool_edge.roughness,assets/props/tools/blacksmith_tongs/blacksmith_tongs_PolishedToolEdge_roughness.png,project maintainer,tools/generate_medieval_hand_tools.py with Blender 5.2 LTS,Embedded roughness map extracted from blacksmith_tongs.glb by Godot 4.7 import; SHA-256 e81901048f48a8b347bd3d1bee78d625ed397bcda7b0156a7f5953f8aa4e3e9d,not applicable,AGPL-3.0-or-later (project author),Deterministic 512 px procedural roughness; regenerate by rebuilding and importing the parent GLB.,approved - derived from blacksmith_tongs.glb
assets.props.tools.pitchfork,assets/props/tools/pitchfork/pitchfork.glb,project maintainer,tools/generate_medieval_hand_tools.py with Blender 5.2 LTS,Deterministic 1343 northern Baltic hand tool; SHA-256 aad09f9582a037ea391b1c97affe14eb9eb1d59c1f2963ae086f980499b6c0ea,not applicable,AGPL-3.0-or-later (project author),"Procedurally modeled and UV-authored in Blender; 376 triangles; dimensions [0.4491, 2.0183, 0.1887] m; embedded 512 px painted albedo, tangent normal, and roughness maps.",approved - user-requested medieval hand tools
assets.props.tools.pitchfork.hammered_tool_iron.albedo,assets/props/tools/pitchfork/pitchfork_HammeredToolIron_albedo.png,project maintainer,tools/generate_medieval_hand_tools.py with Blender 5.2 LTS,Embedded albedo map extracted from pitchfork.glb by Godot 4.7 import; SHA-256 40e74cf38fba14106a8157502008764adf1d8903a92abfcd0558f78223635386,not applicable,AGPL-3.0-or-later (project author),Deterministic 512 px procedural albedo; regenerate by rebuilding and importing the parent GLB.,approved - derived from pitchfork.glb
assets.props.tools.pitchfork.hammered_tool_iron.normal,assets/props/tools/pitchfork/pitchfork_HammeredToolIron_normal.png,project maintainer,tools/generate_medieval_hand_tools.py with Blender 5.2 LTS,Embedded normal map extracted from pitchfork.glb by Godot 4.7 import; SHA-256 6a27c25a565c106c612f39f5fe008bba7ef6812bd5f7210d8d8fc4031b549906,not applicable,AGPL-3.0-or-later (project author),Deterministic 512 px procedural normal; regenerate by rebuilding and importing the parent GLB.,approved - derived from pitchfork.glb
assets.props.tools.pitchfork.hammered_tool_iron.roughness,assets/props/tools/pitchfork/pitchfork_HammeredToolIron_roughness.png,project maintainer,tools/generate_medieval_hand_tools.py with Blender 5.2 LTS,Embedded roughness map extracted from pitchfork.glb by Godot 4.7 import; SHA-256 907100371252b38f1c7c8ed6ef9bc697eb1cd966e298eb541f7c51a86950f0d9,not applicable,AGPL-3.0-or-later (project author),Deterministic 512 px procedural roughness; regenerate by rebuilding and importing the parent GLB.,approved - derived from pitchfork.glb
assets.props.tools.pitchfork.tool_ash_wood.albedo,assets/props/tools/pitchfork/pitchfork_ToolAshWood_albedo.png,project maintainer,tools/generate_medieval_hand_tools.py with Blender 5.2 LTS,Embedded albedo map extracted from pitchfork.glb by Godot 4.7 import; SHA-256 8f98097ffa32835aa8eb36a5bffcd9483fc62f87a051bf1e71d8e6da20a5d2d1,not applicable,AGPL-3.0-or-later (project author),Deterministic 512 px procedural albedo; regenerate by rebuilding and importing the parent GLB.,approved - derived from pitchfork.glb
assets.props.tools.pitchfork.tool_ash_wood.normal,assets/props/tools/pitchfork/pitchfork_ToolAshWood_normal.png,project maintainer,tools/generate_medieval_hand_tools.py with Blender 5.2 LTS,Embedded normal map extracted from pitchfork.glb by Godot 4.7 import; SHA-256 6a03347fb1c4f30fc7abcf68c51f43e1af9de3b78886ebab86484d7c789cc00a,not applicable,AGPL-3.0-or-later (project author),Deterministic 512 px procedural normal; regenerate by rebuilding and importing the parent GLB.,approved - derived from pitchfork.glb
assets.props.tools.pitchfork.tool_ash_wood.roughness,assets/props/tools/pitchfork/pitchfork_ToolAshWood_roughness.png,project maintainer,tools/generate_medieval_hand_tools.py with Blender 5.2 LTS,Embedded roughness map extracted from pitchfork.glb by Godot 4.7 import; SHA-256 7d36e50869d8083d6d78726ffbe891adc422efe1e220eae73f87d2e8527a4cd7,not applicable,AGPL-3.0-or-later (project author),Deterministic 512 px procedural roughness; regenerate by rebuilding and importing the parent GLB.,approved - derived from pitchfork.glb
assets.props.tools.scythe,assets/props/tools/scythe/scythe.glb,project maintainer,tools/generate_medieval_hand_tools.py with Blender 5.2 LTS,Deterministic 1343 northern Baltic hand tool; SHA-256 8425cd15d30e55ee6212d98966258da85c98660d6050f799e60b05f63754c583,not applicable,AGPL-3.0-or-later (project author),"Procedurally modeled and UV-authored in Blender; 388 triangles; dimensions [1.0356, 1.5075, 0.3939] m; embedded 512 px painted albedo, tangent normal, and roughness maps.",approved - user-requested medieval hand tools
assets.props.tools.scythe.hammered_tool_iron.albedo,assets/props/tools/scythe/scythe_HammeredToolIron_albedo.png,project maintainer,tools/generate_medieval_hand_tools.py with Blender 5.2 LTS,Embedded albedo map extracted from scythe.glb by Godot 4.7 import; SHA-256 40e74cf38fba14106a8157502008764adf1d8903a92abfcd0558f78223635386,not applicable,AGPL-3.0-or-later (project author),Deterministic 512 px procedural albedo; regenerate by rebuilding and importing the parent GLB.,approved - derived from scythe.glb
assets.props.tools.scythe.hammered_tool_iron.normal,assets/props/tools/scythe/scythe_HammeredToolIron_normal.png,project maintainer,tools/generate_medieval_hand_tools.py with Blender 5.2 LTS,Embedded normal map extracted from scythe.glb by Godot 4.7 import; SHA-256 6a27c25a565c106c612f39f5fe008bba7ef6812bd5f7210d8d8fc4031b549906,not applicable,AGPL-3.0-or-later (project author),Deterministic 512 px procedural normal; regenerate by rebuilding and importing the parent GLB.,approved - derived from scythe.glb
assets.props.tools.scythe.hammered_tool_iron.roughness,assets/props/tools/scythe/scythe_HammeredToolIron_roughness.png,project maintainer,tools/generate_medieval_hand_tools.py with Blender 5.2 LTS,Embedded roughness map extracted from scythe.glb by Godot 4.7 import; SHA-256 907100371252b38f1c7c8ed6ef9bc697eb1cd966e298eb541f7c51a86950f0d9,not applicable,AGPL-3.0-or-later (project author),Deterministic 512 px procedural roughness; regenerate by rebuilding and importing the parent GLB.,approved - derived from scythe.glb
assets.props.tools.scythe.polished_tool_edge.albedo,assets/props/tools/scythe/scythe_PolishedToolEdge_albedo.png,project maintainer,tools/generate_medieval_hand_tools.py with Blender 5.2 LTS,Embedded albedo map extracted from scythe.glb by Godot 4.7 import; SHA-256 3b32ec281d3901045bc20eff3387440515f56fe8f14ac81bf5de3c0682a3312d,not applicable,AGPL-3.0-or-later (project author),Deterministic 512 px procedural albedo; regenerate by rebuilding and importing the parent GLB.,approved - derived from scythe.glb
assets.props.tools.scythe.polished_tool_edge.normal,assets/props/tools/scythe/scythe_PolishedToolEdge_normal.png,project maintainer,tools/generate_medieval_hand_tools.py with Blender 5.2 LTS,Embedded normal map extracted from scythe.glb by Godot 4.7 import; SHA-256 c86061aa5812af90996839e124951dffdb14e5f4dfc9b08de7ce8a26850c871c,not applicable,AGPL-3.0-or-later (project author),Deterministic 512 px procedural normal; regenerate by rebuilding and importing the parent GLB.,approved - derived from scythe.glb
assets.props.tools.scythe.polished_tool_edge.roughness,assets/props/tools/scythe/scythe_PolishedToolEdge_roughness.png,project maintainer,tools/generate_medieval_hand_tools.py with Blender 5.2 LTS,Embedded roughness map extracted from scythe.glb by Godot 4.7 import; SHA-256 e81901048f48a8b347bd3d1bee78d625ed397bcda7b0156a7f5953f8aa4e3e9d,not applicable,AGPL-3.0-or-later (project author),Deterministic 512 px procedural roughness; regenerate by rebuilding and importing the parent GLB.,approved - derived from scythe.glb
assets.props.tools.scythe.tool_ash_wood.albedo,assets/props/tools/scythe/scythe_ToolAshWood_albedo.png,project maintainer,tools/generate_medieval_hand_tools.py with Blender 5.2 LTS,Embedded albedo map extracted from scythe.glb by Godot 4.7 import; SHA-256 8f98097ffa32835aa8eb36a5bffcd9483fc62f87a051bf1e71d8e6da20a5d2d1,not applicable,AGPL-3.0-or-later (project author),Deterministic 512 px procedural albedo; regenerate by rebuilding and importing the parent GLB.,approved - derived from scythe.glb
assets.props.tools.scythe.tool_ash_wood.normal,assets/props/tools/scythe/scythe_ToolAshWood_normal.png,project maintainer,tools/generate_medieval_hand_tools.py with Blender 5.2 LTS,Embedded normal map extracted from scythe.glb by Godot 4.7 import; SHA-256 6a03347fb1c4f30fc7abcf68c51f43e1af9de3b78886ebab86484d7c789cc00a,not applicable,AGPL-3.0-or-later (project author),Deterministic 512 px procedural normal; regenerate by rebuilding and importing the parent GLB.,approved - derived from scythe.glb
assets.props.tools.scythe.tool_ash_wood.roughness,assets/props/tools/scythe/scythe_ToolAshWood_roughness.png,project maintainer,tools/generate_medieval_hand_tools.py with Blender 5.2 LTS,Embedded roughness map extracted from scythe.glb by Godot 4.7 import; SHA-256 7d36e50869d8083d6d78726ffbe891adc422efe1e220eae73f87d2e8527a4cd7,not applicable,AGPL-3.0-or-later (project author),Deterministic 512 px procedural roughness; regenerate by rebuilding and importing the parent GLB.,approved - derived from scythe.glb
assets.props.tools.blacksmith_hammer,assets/props/tools/blacksmith_hammer/blacksmith_hammer.glb,project maintainer,tools/generate_medieval_hand_tools.py with Blender 5.2 LTS,Deterministic 1343 northern Baltic hand tool; SHA-256 246df3bd0a2e1ac3df29594c65ef03b613e096395698e7a710e9028d2a60b3c7,not applicable,AGPL-3.0-or-later (project author),"Procedurally modeled and UV-authored in Blender; 368 triangles; dimensions [0.204, 0.3525, 0.078] m; embedded 512 px painted albedo, tangent normal, and roughness maps.",approved - user-requested medieval hand tools expansion
assets.props.tools.blacksmith_hammer.tool_ash_wood.albedo,assets/props/tools/blacksmith_hammer/blacksmith_hammer_ToolAshWood_albedo.png,project maintainer,tools/generate_medieval_hand_tools.py with Blender 5.2 LTS,Embedded albedo map extracted from blacksmith_hammer.glb by Godot 4.7 import; SHA-256 8f98097ffa32835aa8eb36a5bffcd9483fc62f87a051bf1e71d8e6da20a5d2d1,not applicable,AGPL-3.0-or-later (project author),Deterministic 512 px procedural albedo; regenerate by rebuilding and importing the parent GLB.,approved - derived from blacksmith_hammer.glb
assets.props.tools.blacksmith_hammer.tool_ash_wood.normal,assets/props/tools/blacksmith_hammer/blacksmith_hammer_ToolAshWood_normal.png,project maintainer,tools/generate_medieval_hand_tools.py with Blender 5.2 LTS,Embedded normal map extracted from blacksmith_hammer.glb by Godot 4.7 import; SHA-256 6a03347fb1c4f30fc7abcf68c51f43e1af9de3b78886ebab86484d7c789cc00a,not applicable,AGPL-3.0-or-later (project author),Deterministic 512 px procedural normal; regenerate by rebuilding and importing the parent GLB.,approved - derived from blacksmith_hammer.glb
assets.props.tools.blacksmith_hammer.tool_ash_wood.roughness,assets/props/tools/blacksmith_hammer/blacksmith_hammer_ToolAshWood_roughness.png,project maintainer,tools/generate_medieval_hand_tools.py with Blender 5.2 LTS,Embedded roughness map extracted from blacksmith_hammer.glb by Godot 4.7 import; SHA-256 7d36e50869d8083d6d78726ffbe891adc422efe1e220eae73f87d2e8527a4cd7,not applicable,AGPL-3.0-or-later (project author),Deterministic 512 px procedural roughness; regenerate by rebuilding and importing the parent GLB.,approved - derived from blacksmith_hammer.glb
assets.props.tools.blacksmith_hammer.hammered_tool_iron.albedo,assets/props/tools/blacksmith_hammer/blacksmith_hammer_HammeredToolIron_albedo.png,project maintainer,tools/generate_medieval_hand_tools.py with Blender 5.2 LTS,Embedded albedo map extracted from blacksmith_hammer.glb by Godot 4.7 import; SHA-256 40e74cf38fba14106a8157502008764adf1d8903a92abfcd0558f78223635386,not applicable,AGPL-3.0-or-later (project author),Deterministic 512 px procedural albedo; regenerate by rebuilding and importing the parent GLB.,approved - derived from blacksmith_hammer.glb
assets.props.tools.blacksmith_hammer.hammered_tool_iron.normal,assets/props/tools/blacksmith_hammer/blacksmith_hammer_HammeredToolIron_normal.png,project maintainer,tools/generate_medieval_hand_tools.py with Blender 5.2 LTS,Embedded normal map extracted from blacksmith_hammer.glb by Godot 4.7 import; SHA-256 6a27c25a565c106c612f39f5fe008bba7ef6812bd5f7210d8d8fc4031b549906,not applicable,AGPL-3.0-or-later (project author),Deterministic 512 px procedural normal; regenerate by rebuilding and importing the parent GLB.,approved - derived from blacksmith_hammer.glb
assets.props.tools.blacksmith_hammer.hammered_tool_iron.roughness,assets/props/tools/blacksmith_hammer/blacksmith_hammer_HammeredToolIron_roughness.png,project maintainer,tools/generate_medieval_hand_tools.py with Blender 5.2 LTS,Embedded roughness map extracted from blacksmith_hammer.glb by Godot 4.7 import; SHA-256 907100371252b38f1c7c8ed6ef9bc697eb1cd966e298eb541f7c51a86950f0d9,not applicable,AGPL-3.0-or-later (project author),Deterministic 512 px procedural roughness; regenerate by rebuilding and importing the parent GLB.,approved - derived from blacksmith_hammer.glb
assets.props.tools.blacksmith_hammer.polished_tool_edge.albedo,assets/props/tools/blacksmith_hammer/blacksmith_hammer_PolishedToolEdge_albedo.png,project maintainer,tools/generate_medieval_hand_tools.py with Blender 5.2 LTS,Embedded albedo map extracted from blacksmith_hammer.glb by Godot 4.7 import; SHA-256 3b32ec281d3901045bc20eff3387440515f56fe8f14ac81bf5de3c0682a3312d,not applicable,AGPL-3.0-or-later (project author),Deterministic 512 px procedural albedo; regenerate by rebuilding and importing the parent GLB.,approved - derived from blacksmith_hammer.glb
assets.props.tools.blacksmith_hammer.polished_tool_edge.normal,assets/props/tools/blacksmith_hammer/blacksmith_hammer_PolishedToolEdge_normal.png,project maintainer,tools/generate_medieval_hand_tools.py with Blender 5.2 LTS,Embedded normal map extracted from blacksmith_hammer.glb by Godot 4.7 import; SHA-256 c86061aa5812af90996839e124951dffdb14e5f4dfc9b08de7ce8a26850c871c,not applicable,AGPL-3.0-or-later (project author),Deterministic 512 px procedural normal; regenerate by rebuilding and importing the parent GLB.,approved - derived from blacksmith_hammer.glb
assets.props.tools.blacksmith_hammer.polished_tool_edge.roughness,assets/props/tools/blacksmith_hammer/blacksmith_hammer_PolishedToolEdge_roughness.png,project maintainer,tools/generate_medieval_hand_tools.py with Blender 5.2 LTS,Embedded roughness map extracted from blacksmith_hammer.glb by Godot 4.7 import; SHA-256 e81901048f48a8b347bd3d1bee78d625ed397bcda7b0156a7f5953f8aa4e3e9d,not applicable,AGPL-3.0-or-later (project author),Deterministic 512 px procedural roughness; regenerate by rebuilding and importing the parent GLB.,approved - derived from blacksmith_hammer.glb
assets.props.tools.blacksmith_punch,assets/props/tools/blacksmith_punch/blacksmith_punch.glb,project maintainer,tools/generate_medieval_hand_tools.py with Blender 5.2 LTS,Deterministic 1343 northern Baltic hand tool; SHA-256 b4a9f365f88b63fc49252bf3aa13da9d704627e443d8eca339b44592ce4b79cb,not applicable,AGPL-3.0-or-later (project author),"Procedurally modeled and UV-authored in Blender; 108 triangles; dimensions [0.059, 0.225, 0.062] m; embedded 512 px painted albedo, tangent normal, and roughness maps.",approved - user-requested medieval hand tools expansion
assets.props.tools.blacksmith_punch.hammered_tool_iron.albedo,assets/props/tools/blacksmith_punch/blacksmith_punch_HammeredToolIron_albedo.png,project maintainer,tools/generate_medieval_hand_tools.py with Blender 5.2 LTS,Embedded albedo map extracted from blacksmith_punch.glb by Godot 4.7 import; SHA-256 40e74cf38fba14106a8157502008764adf1d8903a92abfcd0558f78223635386,not applicable,AGPL-3.0-or-later (project author),Deterministic 512 px procedural albedo; regenerate by rebuilding and importing the parent GLB.,approved - derived from blacksmith_punch.glb
assets.props.tools.blacksmith_punch.hammered_tool_iron.normal,assets/props/tools/blacksmith_punch/blacksmith_punch_HammeredToolIron_normal.png,project maintainer,tools/generate_medieval_hand_tools.py with Blender 5.2 LTS,Embedded normal map extracted from blacksmith_punch.glb by Godot 4.7 import; SHA-256 6a27c25a565c106c612f39f5fe008bba7ef6812bd5f7210d8d8fc4031b549906,not applicable,AGPL-3.0-or-later (project author),Deterministic 512 px procedural normal; regenerate by rebuilding and importing the parent GLB.,approved - derived from blacksmith_punch.glb
assets.props.tools.blacksmith_punch.hammered_tool_iron.roughness,assets/props/tools/blacksmith_punch/blacksmith_punch_HammeredToolIron_roughness.png,project maintainer,tools/generate_medieval_hand_tools.py with Blender 5.2 LTS,Embedded roughness map extracted from blacksmith_punch.glb by Godot 4.7 import; SHA-256 907100371252b38f1c7c8ed6ef9bc697eb1cd966e298eb541f7c51a86950f0d9,not applicable,AGPL-3.0-or-later (project author),Deterministic 512 px procedural roughness; regenerate by rebuilding and importing the parent GLB.,approved - derived from blacksmith_punch.glb
assets.props.tools.blacksmith_punch.polished_tool_edge.albedo,assets/props/tools/blacksmith_punch/blacksmith_punch_PolishedToolEdge_albedo.png,project maintainer,tools/generate_medieval_hand_tools.py with Blender 5.2 LTS,Embedded albedo map extracted from blacksmith_punch.glb by Godot 4.7 import; SHA-256 3b32ec281d3901045bc20eff3387440515f56fe8f14ac81bf5de3c0682a3312d,not applicable,AGPL-3.0-or-later (project author),Deterministic 512 px procedural albedo; regenerate by rebuilding and importing the parent GLB.,approved - derived from blacksmith_punch.glb
assets.props.tools.blacksmith_punch.polished_tool_edge.normal,assets/props/tools/blacksmith_punch/blacksmith_punch_PolishedToolEdge_normal.png,project maintainer,tools/generate_medieval_hand_tools.py with Blender 5.2 LTS,Embedded normal map extracted from blacksmith_punch.glb by Godot 4.7 import; SHA-256 c86061aa5812af90996839e124951dffdb14e5f4dfc9b08de7ce8a26850c871c,not applicable,AGPL-3.0-or-later (project author),Deterministic 512 px procedural normal; regenerate by rebuilding and importing the parent GLB.,approved - derived from blacksmith_punch.glb
assets.props.tools.blacksmith_punch.polished_tool_edge.roughness,assets/props/tools/blacksmith_punch/blacksmith_punch_PolishedToolEdge_roughness.png,project maintainer,tools/generate_medieval_hand_tools.py with Blender 5.2 LTS,Embedded roughness map extracted from blacksmith_punch.glb by Godot 4.7 import; SHA-256 e81901048f48a8b347bd3d1bee78d625ed397bcda7b0156a7f5953f8aa4e3e9d,not applicable,AGPL-3.0-or-later (project author),Deterministic 512 px procedural roughness; regenerate by rebuilding and importing the parent GLB.,approved - derived from blacksmith_punch.glb
assets.props.tools.sickle,assets/props/tools/sickle/sickle.glb,project maintainer,tools/generate_medieval_hand_tools.py with Blender 5.2 LTS,Deterministic 1343 northern Baltic hand tool; SHA-256 768e142e771949bf6f31689240cec52c816f4a02362bcee2924acb75157300f4,not applicable,AGPL-3.0-or-later (project author),"Procedurally modeled and UV-authored in Blender; 140 triangles; dimensions [0.5407, 0.4602, 0.054] m; embedded 512 px painted albedo, tangent normal, and roughness maps.",approved - user-requested medieval hand tools expansion
assets.props.tools.sickle.tool_ash_wood.albedo,assets/props/tools/sickle/sickle_ToolAshWood_albedo.png,project maintainer,tools/generate_medieval_hand_tools.py with Blender 5.2 LTS,Embedded albedo map extracted from sickle.glb by Godot 4.7 import; SHA-256 8f98097ffa32835aa8eb36a5bffcd9483fc62f87a051bf1e71d8e6da20a5d2d1,not applicable,AGPL-3.0-or-later (project author),Deterministic 512 px procedural albedo; regenerate by rebuilding and importing the parent GLB.,approved - derived from sickle.glb
assets.props.tools.sickle.tool_ash_wood.normal,assets/props/tools/sickle/sickle_ToolAshWood_normal.png,project maintainer,tools/generate_medieval_hand_tools.py with Blender 5.2 LTS,Embedded normal map extracted from sickle.glb by Godot 4.7 import; SHA-256 6a03347fb1c4f30fc7abcf68c51f43e1af9de3b78886ebab86484d7c789cc00a,not applicable,AGPL-3.0-or-later (project author),Deterministic 512 px procedural normal; regenerate by rebuilding and importing the parent GLB.,approved - derived from sickle.glb
assets.props.tools.sickle.tool_ash_wood.roughness,assets/props/tools/sickle/sickle_ToolAshWood_roughness.png,project maintainer,tools/generate_medieval_hand_tools.py with Blender 5.2 LTS,Embedded roughness map extracted from sickle.glb by Godot 4.7 import; SHA-256 7d36e50869d8083d6d78726ffbe891adc422efe1e220eae73f87d2e8527a4cd7,not applicable,AGPL-3.0-or-later (project author),Deterministic 512 px procedural roughness; regenerate by rebuilding and importing the parent GLB.,approved - derived from sickle.glb
assets.props.tools.sickle.hammered_tool_iron.albedo,assets/props/tools/sickle/sickle_HammeredToolIron_albedo.png,project maintainer,tools/generate_medieval_hand_tools.py with Blender 5.2 LTS,Embedded albedo map extracted from sickle.glb by Godot 4.7 import; SHA-256 40e74cf38fba14106a8157502008764adf1d8903a92abfcd0558f78223635386,not applicable,AGPL-3.0-or-later (project author),Deterministic 512 px procedural albedo; regenerate by rebuilding and importing the parent GLB.,approved - derived from sickle.glb
assets.props.tools.sickle.hammered_tool_iron.normal,assets/props/tools/sickle/sickle_HammeredToolIron_normal.png,project maintainer,tools/generate_medieval_hand_tools.py with Blender 5.2 LTS,Embedded normal map extracted from sickle.glb by Godot 4.7 import; SHA-256 6a27c25a565c106c612f39f5fe008bba7ef6812bd5f7210d8d8fc4031b549906,not applicable,AGPL-3.0-or-later (project author),Deterministic 512 px procedural normal; regenerate by rebuilding and importing the parent GLB.,approved - derived from sickle.glb
assets.props.tools.sickle.hammered_tool_iron.roughness,assets/props/tools/sickle/sickle_HammeredToolIron_roughness.png,project maintainer,tools/generate_medieval_hand_tools.py with Blender 5.2 LTS,Embedded roughness map extracted from sickle.glb by Godot 4.7 import; SHA-256 907100371252b38f1c7c8ed6ef9bc697eb1cd966e298eb541f7c51a86950f0d9,not applicable,AGPL-3.0-or-later (project author),Deterministic 512 px procedural roughness; regenerate by rebuilding and importing the parent GLB.,approved - derived from sickle.glb
assets.props.tools.sickle.polished_tool_edge.albedo,assets/props/tools/sickle/sickle_PolishedToolEdge_albedo.png,project maintainer,tools/generate_medieval_hand_tools.py with Blender 5.2 LTS,Embedded albedo map extracted from sickle.glb by Godot 4.7 import; SHA-256 3b32ec281d3901045bc20eff3387440515f56fe8f14ac81bf5de3c0682a3312d,not applicable,AGPL-3.0-or-later (project author),Deterministic 512 px procedural albedo; regenerate by rebuilding and importing the parent GLB.,approved - derived from sickle.glb
assets.props.tools.sickle.polished_tool_edge.normal,assets/props/tools/sickle/sickle_PolishedToolEdge_normal.png,project maintainer,tools/generate_medieval_hand_tools.py with Blender 5.2 LTS,Embedded normal map extracted from sickle.glb by Godot 4.7 import; SHA-256 c86061aa5812af90996839e124951dffdb14e5f4dfc9b08de7ce8a26850c871c,not applicable,AGPL-3.0-or-later (project author),Deterministic 512 px procedural normal; regenerate by rebuilding and importing the parent GLB.,approved - derived from sickle.glb
assets.props.tools.sickle.polished_tool_edge.roughness,assets/props/tools/sickle/sickle_PolishedToolEdge_roughness.png,project maintainer,tools/generate_medieval_hand_tools.py with Blender 5.2 LTS,Embedded roughness map extracted from sickle.glb by Godot 4.7 import; SHA-256 e81901048f48a8b347bd3d1bee78d625ed397bcda7b0156a7f5953f8aa4e3e9d,not applicable,AGPL-3.0-or-later (project author),Deterministic 512 px procedural roughness; regenerate by rebuilding and importing the parent GLB.,approved - derived from sickle.glb
assets.props.tools.rake,assets/props/tools/rake/rake.glb,project maintainer,tools/generate_medieval_hand_tools.py with Blender 5.2 LTS,Deterministic 1343 northern Baltic hand tool; SHA-256 b030011f889106670f39965c4ec4a92a30fc3a7d7ba38291989d0c6b34828aab,not applicable,AGPL-3.0-or-later (project author),"Procedurally modeled and UV-authored in Blender; 312 triangles; dimensions [0.62, 1.6989, 0.1689] m; embedded 512 px painted albedo, tangent normal, and roughness maps.",approved - user-requested medieval hand tools expansion
assets.props.tools.rake.tool_ash_wood.albedo,assets/props/tools/rake/rake_ToolAshWood_albedo.png,project maintainer,tools/generate_medieval_hand_tools.py with Blender 5.2 LTS,Embedded albedo map extracted from rake.glb by Godot 4.7 import; SHA-256 8f98097ffa32835aa8eb36a5bffcd9483fc62f87a051bf1e71d8e6da20a5d2d1,not applicable,AGPL-3.0-or-later (project author),Deterministic 512 px procedural albedo; regenerate by rebuilding and importing the parent GLB.,approved - derived from rake.glb
assets.props.tools.rake.tool_ash_wood.normal,assets/props/tools/rake/rake_ToolAshWood_normal.png,project maintainer,tools/generate_medieval_hand_tools.py with Blender 5.2 LTS,Embedded normal map extracted from rake.glb by Godot 4.7 import; SHA-256 6a03347fb1c4f30fc7abcf68c51f43e1af9de3b78886ebab86484d7c789cc00a,not applicable,AGPL-3.0-or-later (project author),Deterministic 512 px procedural normal; regenerate by rebuilding and importing the parent GLB.,approved - derived from rake.glb
assets.props.tools.rake.tool_ash_wood.roughness,assets/props/tools/rake/rake_ToolAshWood_roughness.png,project maintainer,tools/generate_medieval_hand_tools.py with Blender 5.2 LTS,Embedded roughness map extracted from rake.glb by Godot 4.7 import; SHA-256 7d36e50869d8083d6d78726ffbe891adc422efe1e220eae73f87d2e8527a4cd7,not applicable,AGPL-3.0-or-later (project author),Deterministic 512 px procedural roughness; regenerate by rebuilding and importing the parent GLB.,approved - derived from rake.glb
assets.props.tools.wooden_shovel,assets/props/tools/wooden_shovel/wooden_shovel.glb,project maintainer,tools/generate_medieval_hand_tools.py with Blender 5.2 LTS,Deterministic 1343 northern Baltic hand tool; SHA-256 d53b86508f23b41fe3400ed50bde2cb9248f9c21c9c8658e53cd5f372794ddd3,not applicable,AGPL-3.0-or-later (project author),"Procedurally modeled and UV-authored in Blender; 136 triangles; dimensions [0.27, 1.453, 0.056] m; embedded 512 px painted albedo, tangent normal, and roughness maps.",approved - user-requested medieval hand tools expansion
assets.props.tools.wooden_shovel.tool_ash_wood.albedo,assets/props/tools/wooden_shovel/wooden_shovel_ToolAshWood_albedo.png,project maintainer,tools/generate_medieval_hand_tools.py with Blender 5.2 LTS,Embedded albedo map extracted from wooden_shovel.glb by Godot 4.7 import; SHA-256 8f98097ffa32835aa8eb36a5bffcd9483fc62f87a051bf1e71d8e6da20a5d2d1,not applicable,AGPL-3.0-or-later (project author),Deterministic 512 px procedural albedo; regenerate by rebuilding and importing the parent GLB.,approved - derived from wooden_shovel.glb
assets.props.tools.wooden_shovel.tool_ash_wood.normal,assets/props/tools/wooden_shovel/wooden_shovel_ToolAshWood_normal.png,project maintainer,tools/generate_medieval_hand_tools.py with Blender 5.2 LTS,Embedded normal map extracted from wooden_shovel.glb by Godot 4.7 import; SHA-256 6a03347fb1c4f30fc7abcf68c51f43e1af9de3b78886ebab86484d7c789cc00a,not applicable,AGPL-3.0-or-later (project author),Deterministic 512 px procedural normal; regenerate by rebuilding and importing the parent GLB.,approved - derived from wooden_shovel.glb
assets.props.tools.wooden_shovel.tool_ash_wood.roughness,assets/props/tools/wooden_shovel/wooden_shovel_ToolAshWood_roughness.png,project maintainer,tools/generate_medieval_hand_tools.py with Blender 5.2 LTS,Embedded roughness map extracted from wooden_shovel.glb by Godot 4.7 import; SHA-256 7d36e50869d8083d6d78726ffbe891adc422efe1e220eae73f87d2e8527a4cd7,not applicable,AGPL-3.0-or-later (project author),Deterministic 512 px procedural roughness; regenerate by rebuilding and importing the parent GLB.,approved - derived from wooden_shovel.glb
assets.heraldry.black_cloaks.banner,assets/heraldry/black_cloaks_banner.png,project maintainer via Cursor GenerateImage,docs/reports/images/kalev_smithy_domestic_life/banner_candidates/A_satin.png,User-approved satin-stitch embroidered Black Cloaks swallow on linen with dual blue/black thread frame; SHA-256 d63af26dce5baa6ceba17abb06fb91c5b340629c4b18f40bfb297e9978d3a3ba,not applicable,AGPL-3.0-or-later (project author),Approved candidate A_satin baked to wall-hung smithy/courtyard banner albedo; Pillow tools/generate_black_cloaks_banner.py remains a deterministic fallback only.,approved - user picked A_satin for smithy cloak_banner
assets.ui.inventory.grain_tally_chit,assets/UI/inventory/grain_tally_chit.png,project maintainer via Leonardo AI,Leonardo AI illustration pipeline,Generation 6edca81a-d05f-4062-a383-3001b6549788; medieval Reval grain tally chit icon; no readable text,not applicable,AGPL-3.0-or-later (project author),Curated and downscaled to the existing 128x128 RGB inventory contract; generated candidate for A-007.,candidate - A-007 pending canon review
assets.ui.inventory.seized_dispatch,assets/UI/inventory/seized_dispatch.png,project maintainer via Leonardo AI,Leonardo AI illustration pipeline,Generation 235bf00b-ec45-405b-b2d0-7c7abe5656a0; medieval Reval sealed dispatch icon; no readable text,not applicable,AGPL-3.0-or-later (project author),Curated and downscaled to the existing 128x128 RGB inventory contract; generated candidate for A-007.,candidate - A-007 pending canon review
assets.ui.inventory.price_of_a_name_work,assets/UI/inventory/price_of_a_name_work.png,project maintainer via Leonardo AI,Leonardo AI illustration pipeline,Generation 231fa6f8-4f3f-41ce-8155-4bdc046a07ce; medieval Reval forged iron commission token icon; no readable text,not applicable,AGPL-3.0-or-later (project author),Curated and downscaled to the existing 128x128 RGB inventory contract; generated candidate for A-007.,candidate - A-007 pending canon review
assets.ui.inventory.root_and_ember_work,assets/UI/inventory/root_and_ember_work.png,project maintainer via Leonardo AI,Leonardo AI illustration pipeline,Generation 6da84771-f336-4e5e-b4a3-0e75626e1e85; medieval Reval iron root and ember work icon; no readable text,not applicable,AGPL-3.0-or-later (project author),Curated and downscaled to the existing 128x128 RGB inventory contract; generated candidate for A-007.,candidate - A-007 pending canon review
assets.ui.inventory.bell_and_chain_work,assets/UI/inventory/bell_and_chain_work.png,project maintainer via Leonardo AI,Leonardo AI illustration pipeline,Generation 98b2a115-af6e-4653-af0b-252788c48bb5; medieval Reval iron bell and chain work icon; no readable text,not applicable,AGPL-3.0-or-later (project author),Curated and downscaled to the existing 128x128 RGB inventory contract; generated candidate for A-007.,candidate - A-007 pending canon review
assets.ui.inventory.supplier_iron_stock,assets/UI/inventory/supplier_iron_stock.png,project maintainer via Leonardo AI,Leonardo AI illustration pipeline,Generation f17f9214-3358-4d93-b62b-4464962f1467; medieval Reval bundled iron stock icon; no readable text,not applicable,AGPL-3.0-or-later (project author),Curated and downscaled to the existing 128x128 RGB inventory contract; generated candidate for A-007.,candidate - A-007 pending canon review
assets.ui.inventory.bread_and_iron_work,assets/UI/inventory/bread_and_iron_work.png,project maintainer via Leonardo AI,Leonardo AI illustration pipeline,Generation 39305c49-bc9a-4889-ad19-cb630155fa85; medieval Reval rye bread and iron work icon; no readable text,not applicable,AGPL-3.0-or-later (project author),Curated and downscaled to the existing 128x128 RGB inventory contract; generated candidate for A-007.,candidate - A-007 pending canon review
assets.props.architecture.gates.viru_gate,assets/props/architecture/gates/viru_gate.glb,project maintainer,generated/blender/viru_gate_v1/generate_viru_gate.py with Blender 5.2 LTS,"Deterministic spring-1343 rectangular limestone Viru Gate gatehouse with open passage, parked-open oak leaves, modest timber fighting walk, and no round foregate towers/barbican/Fat Margaret/portcullis complex; SHA-256 9f1a81f3a1c4fa3cc4d6c472fd9b4ae59e9938884802e0f3dc20f3f49fc079aa",not applicable,AGPL-3.0-or-later (project author),"Procedurally modeled and UV-authored in Blender; 3504 triangles, eight embedded painted 512 px PBR albedo materials, 14.5 x 4.35 x 7.337 m; generated from generated/blender/viru_gate_v1/generate_viru_gate.py.",task-authorized - pending Canon review
assets.props.trade.supply_cart,assets/props/trade/supply_cart/supply_cart.glb,project maintainer,tools/generate_supply_cart.py with Blender 5.2 LTS,"Deterministic Spring-1343 ordinary urban horse Karren; weathered oak/ash, willow wicker lattice, open front, hinged rear gate, twelve-spoke iron-strapped wheels, and two linen sacks plus one barrel; SHA-256 f01faec846919cce845799613a856128f1e031ec9a3f8a4367fa61fbea6f27fc",not applicable,AGPL-3.0-or-later (project author),"Procedurally modeled and UV-authored in Blender; 3492 triangles, 1.47 x 2.4649 x 1.18 m, 1.30 m wheel-centre track, six embedded painted 512 px albedo materials; regenerate with tools/generate_supply_cart.py; preview and report in generated/blender/supply_cart_v1/",task-authorized - pending Canon review
assets.characters.shared.bandit,assets/characters/shared/bandit.glb,project maintainer,tools/build_heroic_humanoid_glb.py + tools/generate_hero_body.py (Blender 5.2 headless),generated in-repo from the bandit spec in tools/character_specs.py; animation clips retargeted from KayKit Barbarian commit 672074b73ba276876a19e8816ecdc5241817ab47; runtime SHA-256 18dbb98213f123ed08ae69c6372e48406fe5dd89d94dd0ed12300599ea1f1730,not applicable,original work; CC0-1.0 animation data see assets/characters/shared/KAYKIT_CC0_LICENSE.txt,"Body meshes modeled procedurally in-repo around the shared adult skeleton; bandit palette, vest, full hair, and short beard follow the bandit spec in tools/character_specs.py.",approved - maintainer-directed P0-199 modular human model improvement
assets.props.architecture.gates.viru_gate.viru_iron_albedo,assets/props/architecture/gates/viru_gate_ViruIron_albedo.png,project maintainer,generated/blender/viru_gate_v1/generate_viru_gate.py with Blender 5.2 LTS,Embedded Viru Iron albedo extracted from viru_gate.glb by Godot 4.7 import; SHA-256 3e57aa02f81928232e48f2f5ef5b456897e08e517fbdba41b85aa091d5ad4081,not applicable,AGPL-3.0-or-later (project author),Deterministic 512 px painted iron surface; regenerate only by rebuilding and importing the parent GLB.,task-authorized - pending Canon review
assets.props.architecture.gates.viru_gate.viru_limestone_albedo,assets/props/architecture/gates/viru_gate_ViruLimestone_albedo.png,project maintainer,generated/blender/viru_gate_v1/generate_viru_gate.py with Blender 5.2 LTS,Embedded Viru Limestone albedo extracted from viru_gate.glb by Godot 4.7 import; SHA-256 b2984c107f970a80f1a1bf27dbeccbcce8095b7ed7ee47b1b981b3968367821a,not applicable,AGPL-3.0-or-later (project author),Deterministic 512 px painted limestone surface; regenerate only by rebuilding and importing the parent GLB.,task-authorized - pending Canon review
assets.props.architecture.gates.viru_gate.viru_limestone_light_albedo,assets/props/architecture/gates/viru_gate_ViruLimestoneLight_albedo.png,project maintainer,generated/blender/viru_gate_v1/generate_viru_gate.py with Blender 5.2 LTS,Embedded Viru Limestone Light albedo extracted from viru_gate.glb by Godot 4.7 import; SHA-256 bfad4fcc8dde7ca25e62c80f858be9f1ab638bebf8e7bfd108b1de1e16058cde,not applicable,AGPL-3.0-or-later (project author),Deterministic 512 px painted light-limestone surface; regenerate only by rebuilding and importing the parent GLB.,task-authorized - pending Canon review
assets.props.architecture.gates.viru_gate.viru_limestone_shadow_albedo,assets/props/architecture/gates/viru_gate_ViruLimestoneShadow_albedo.png,project maintainer,generated/blender/viru_gate_v1/generate_viru_gate.py with Blender 5.2 LTS,Embedded Viru Limestone Shadow albedo extracted from viru_gate.glb by Godot 4.7 import; SHA-256 ac8d86794ccde67647bc7a45b463ed51a5d98d073a7ceef48b26a2eca0b10d69,not applicable,AGPL-3.0-or-later (project author),Deterministic 512 px painted shadowed-limestone surface; regenerate only by rebuilding and importing the parent GLB.,task-authorized - pending Canon review
assets.props.architecture.gates.viru_gate.viru_oak_albedo,assets/props/architecture/gates/viru_gate_ViruOak_albedo.png,project maintainer,generated/blender/viru_gate_v1/generate_viru_gate.py with Blender 5.2 LTS,Embedded Viru Oak albedo extracted from viru_gate.glb by Godot 4.7 import; SHA-256 891cd9644de580123c2f7df3c2fb22ea301df636d513e7b7e75cd317d2e9046f,not applicable,AGPL-3.0-or-later (project author),Deterministic 512 px painted oak surface; regenerate only by rebuilding and importing the parent GLB.,task-authorized - pending Canon review
assets.props.architecture.gates.viru_gate.viru_oak_cut_albedo,assets/props/architecture/gates/viru_gate_ViruOakCut_albedo.png,project maintainer,generated/blender/viru_gate_v1/generate_viru_gate.py with Blender 5.2 LTS,Embedded Viru Oak Cut albedo extracted from viru_gate.glb by Godot 4.7 import; SHA-256 ffca1ec44e15564239a0c3bd22c8fe82e52a9d5f564e24307bddd0eee332c8e3,not applicable,AGPL-3.0-or-later (project author),Deterministic 512 px painted oak-cut surface; regenerate only by rebuilding and importing the parent GLB.,task-authorized - pending Canon review
assets.props.architecture.gates.viru_gate.viru_oak_tar_albedo,assets/props/architecture/gates/viru_gate_ViruOakTar_albedo.png,project maintainer,generated/blender/viru_gate_v1/generate_viru_gate.py with Blender 5.2 LTS,Embedded Viru Oak Tar albedo extracted from viru_gate.glb by Godot 4.7 import; SHA-256 c49a6e80e96edd8f6cccf91e6eeee2c1c30de609a6b7df6ea8cb5aac8a7a92d4,not applicable,AGPL-3.0-or-later (project author),Deterministic 512 px painted tar-darkened oak surface; regenerate only by rebuilding and importing the parent GLB.,task-authorized - pending Canon review
assets.props.architecture.gates.viru_gate.viru_roof_tile_albedo,assets/props/architecture/gates/viru_gate_ViruRoofTile_albedo.png,project maintainer,generated/blender/viru_gate_v1/generate_viru_gate.py with Blender 5.2 LTS,Embedded Viru Roof Tile albedo extracted from viru_gate.glb by Godot 4.7 import; SHA-256 c93e17a2a9396215310c09f06a54c786856797bccedd8fcb946289b8d3f05352,not applicable,AGPL-3.0-or-later (project author),Deterministic 512 px painted roof-tile surface; regenerate only by rebuilding and importing the parent GLB.,task-authorized - pending Canon review
assets.props.trade.supply_cart.aged_cart_iron_albedo,assets/props/trade/supply_cart/supply_cart_aged_cart_iron_albedo.png,project maintainer,tools/generate_supply_cart.py with Blender 5.2 LTS,Embedded aged cart iron albedo extracted from supply_cart.glb by Godot 4.7 import; SHA-256 176c2c25880744412d17c5bd1cd79ddfa4954131f42c1da5241fc161d49e249e,not applicable,AGPL-3.0-or-later (project author),Deterministic 512 px painted iron surface; regenerate only by rebuilding and importing the parent GLB.,task-authorized - pending Canon review
assets.props.trade.supply_cart.ash_timber_albedo,assets/props/trade/supply_cart/supply_cart_ash_timber_albedo.png,project maintainer,tools/generate_supply_cart.py with Blender 5.2 LTS,Embedded ash timber albedo extracted from supply_cart.glb by Godot 4.7 import; SHA-256 a370879fe3d79e2c8e89ef889c9d80933ead09804c80ba3ddd0ec45ded923105,not applicable,AGPL-3.0-or-later (project author),Deterministic 512 px painted ash-timber surface; regenerate only by rebuilding and importing the parent GLB.,task-authorized - pending Canon review
assets.props.trade.supply_cart.linen_sacks_albedo,assets/props/trade/supply_cart/supply_cart_linen_sacks_albedo.png,project maintainer,tools/generate_supply_cart.py with Blender 5.2 LTS,Embedded linen sacks albedo extracted from supply_cart.glb by Godot 4.7 import; SHA-256 e00cd889833e053b6d4f5fc9d2b680ce5bc406b4a53151888e30c47fd6e3fcf4,not applicable,AGPL-3.0-or-later (project author),Deterministic 512 px painted linen-sack surface; regenerate only by rebuilding and importing the parent GLB.,task-authorized - pending Canon review
assets.props.trade.supply_cart.merchant_barrel_albedo,assets/props/trade/supply_cart/supply_cart_merchant_barrel_albedo.png,project maintainer,tools/generate_supply_cart.py with Blender 5.2 LTS,Embedded merchant barrel albedo extracted from supply_cart.glb by Godot 4.7 import; SHA-256 d4863a1d6f8997c3df19b95dd2c999cc41f2563c4a9aea0dc31934d3ef540f11,not applicable,AGPL-3.0-or-later (project author),Deterministic 512 px painted barrel surface; regenerate only by rebuilding and importing the parent GLB.,task-authorized - pending Canon review
assets.props.trade.supply_cart.weathered_oak_planks_albedo,assets/props/trade/supply_cart/supply_cart_weathered_oak_planks_albedo.png,project maintainer,tools/generate_supply_cart.py with Blender 5.2 LTS,Embedded weathered oak planks albedo extracted from supply_cart.glb by Godot 4.7 import; SHA-256 5020047bea09172c6c4effed9dda9824ee78964468e91d69027898946b13059b,not applicable,AGPL-3.0-or-later (project author),Deterministic 512 px painted weathered-oak plank surface; regenerate only by rebuilding and importing the parent GLB.,task-authorized - pending Canon review
assets.props.trade.supply_cart.willow_wicker_lattice_albedo,assets/props/trade/supply_cart/supply_cart_willow_wicker_lattice_albedo.png,project maintainer,tools/generate_supply_cart.py with Blender 5.2 LTS,Embedded willow wicker lattice albedo extracted from supply_cart.glb by Godot 4.7 import; SHA-256 0f95e2e7cbdd3856f46b1ae56cc79065a02657cf5ed031ae816bb10fd1d7a8fd,not applicable,AGPL-3.0-or-later (project author),Deterministic 512 px painted willow-wicker surface; regenerate only by rebuilding and importing the parent GLB.,task-authorized - pending Canon review
assets.ui.death.death_slash,assets/UI/death/death_slash.png,Leonardo AI,unknown,Leonardo AI generation 6f12fdd8-e781-4c58-b791-c571f1a0008b; fatal-hit illustration for slash damage; original prompt not retained,not exposed by integration,AGPL-3.0-or-later (project author),Imported as 1280x768 RGB PNG; no additional edits recorded.,task-authorized - death-screen illustration
assets.ui.death.death_blunt,assets/UI/death/death_blunt.png,Leonardo AI,unknown,Leonardo AI generation 59408448-9be3-46df-bcd4-44c661b389f8; fatal-hit illustration for blunt damage; original prompt not retained,not exposed by integration,AGPL-3.0-or-later (project author),Imported as 1280x768 RGB PNG; no additional edits recorded.,task-authorized - death-screen illustration
assets.ui.death.death_pierce,assets/UI/death/death_pierce.png,Leonardo AI,unknown,Leonardo AI generation a7f7af64-138a-4b6d-aa05-7bb540707da2; fatal-hit illustration for pierce damage; original prompt not retained,not exposed by integration,AGPL-3.0-or-later (project author),Imported as 1280x768 RGB PNG; no additional edits recorded.,task-authorized - death-screen illustration
assets.ui.death.death_neutral,assets/UI/death/death_neutral.png,Leonardo AI,unknown,Leonardo AI generation b723737a-2ddb-4f29-88b1-7f12c84eeec2; neutral fallback fatal-hit illustration; original prompt not retained,not exposed by integration,AGPL-3.0-or-later (project author),Imported as 1280x768 RGB PNG; no additional edits recorded.,task-authorized - death-screen illustration
assets.props.architecture.buildings.brewhouse.brewhouse,assets/props/architecture/buildings/brewhouse/brewhouse.glb,project maintainer,tools/generate_lower_town_service_buildings.py with Blender 5.2 LTS,Deterministic worn Reval 1343 Lower Town 1343 service building exterior (brewhouse); generator evidence SHA-256 d5ab803160a6007bf199fe5bb36a3ca60a91c2ba3586515153d3981628d37ee3,not applicable,AGPL-3.0-or-later (project author),Procedurally modeled worn 1343 brewhouse exterior (storeys=2); 10220 triangles; embedded 512 px albedo and normal maps.,approved - task-authorized Lower Town 1343 service-building kit
assets.props.architecture.buildings.brewhouse.brewhouse_lowertownserviceboards_albedo,assets/props/architecture/buildings/brewhouse/brewhouse_LowerTownServiceBoards_albedo.jpg,project maintainer,Embedded in brewhouse.glb; Godot 4.7 import extraction,Embedded albedo extracted from brewhouse.glb by Godot 4.7 import; texture SHA-256 274a37281d5729acb69170461edf4b09bcc60c113fe182689ce4c84940bbf799,not applicable,AGPL-3.0-or-later (project author),Derived 512 px albedo map; regenerate only by rebuilding and importing brewhouse.glb.,approved - derived from task-authorized Lower Town 1343 service-building kit
assets.props.architecture.buildings.brewhouse.brewhouse_lowertownserviceboards_normal,assets/props/architecture/buildings/brewhouse/brewhouse_LowerTownServiceBoards_normal.jpg,project maintainer,Embedded in brewhouse.glb; Godot 4.7 import extraction,Embedded normal extracted from brewhouse.glb by Godot 4.7 import; texture SHA-256 d8918bd6d00c070b0c3312e5f32b5f04d15e4cc7614068ad915030671c5c833d,not applicable,AGPL-3.0-or-later (project author),Derived 512 px normal map; regenerate only by rebuilding and importing brewhouse.glb.,approved - derived from task-authorized Lower Town 1343 service-building kit
assets.props.architecture.buildings.brewhouse.brewhouse_lowertownservicelimestonedressed_albedo,assets/props/architecture/buildings/brewhouse/brewhouse_LowerTownServiceLimestoneDressed_albedo.jpg,project maintainer,Embedded in brewhouse.glb; Godot 4.7 import extraction,Embedded albedo extracted from brewhouse.glb by Godot 4.7 import; texture SHA-256 6aab814d4f89c163b8e943e4db77464bf96c750e368e3b6a4893edc096f75ae1,not applicable,AGPL-3.0-or-later (project author),Derived 512 px albedo map; regenerate only by rebuilding and importing brewhouse.glb.,approved - derived from task-authorized Lower Town 1343 service-building kit
assets.props.architecture.buildings.brewhouse.brewhouse_lowertownservicelimestonedressed_normal,assets/props/architecture/buildings/brewhouse/brewhouse_LowerTownServiceLimestoneDressed_normal.jpg,project maintainer,Embedded in brewhouse.glb; Godot 4.7 import extraction,Embedded normal extracted from brewhouse.glb by Godot 4.7 import; texture SHA-256 d1223c36371e8965ca7f0f1e11ea0501999d992b3d58f8157356d1625b911882,not applicable,AGPL-3.0-or-later (project author),Derived 512 px normal map; regenerate only by rebuilding and importing brewhouse.glb.,approved - derived from task-authorized Lower Town 1343 service-building kit
assets.props.architecture.buildings.brewhouse.brewhouse_lowertownservicelimestonerubble_albedo,assets/props/architecture/buildings/brewhouse/brewhouse_LowerTownServiceLimestoneRubble_albedo.jpg,project maintainer,Embedded in brewhouse.glb; Godot 4.7 import extraction,Embedded albedo extracted from brewhouse.glb by Godot 4.7 import; texture SHA-256 4ec9450b17ac4a1d7b415b9e4c81dceca4705e53331910d0977e23c9f4da229c,not applicable,AGPL-3.0-or-later (project author),Derived 512 px albedo map; regenerate only by rebuilding and importing brewhouse.glb.,approved - derived from task-authorized Lower Town 1343 service-building kit
assets.props.architecture.buildings.brewhouse.brewhouse_lowertownservicelimestonerubble_normal,assets/props/architecture/buildings/brewhouse/brewhouse_LowerTownServiceLimestoneRubble_normal.jpg,project maintainer,Embedded in brewhouse.glb; Godot 4.7 import extraction,Embedded normal extracted from brewhouse.glb by Godot 4.7 import; texture SHA-256 909b128e95a3889babfac94d1a2fcb531e902db15ea73444396f441270e195d2,not applicable,AGPL-3.0-or-later (project author),Derived 512 px normal map; regenerate only by rebuilding and importing brewhouse.glb.,approved - derived from task-authorized Lower Town 1343 service-building kit
assets.props.architecture.buildings.brewhouse.brewhouse_lowertownserviceoakplank_albedo,assets/props/architecture/buildings/brewhouse/brewhouse_LowerTownServiceOakPlank_albedo.jpg,project maintainer,Embedded in brewhouse.glb; Godot 4.7 import extraction,Embedded albedo extracted from brewhouse.glb by Godot 4.7 import; texture SHA-256 e9df706a9cd50dbbe57a6433edd44181d6673426dfb73e41c67bef71b987da2d,not applicable,AGPL-3.0-or-later (project author),Derived 512 px albedo map; regenerate only by rebuilding and importing brewhouse.glb.,approved - derived from task-authorized Lower Town 1343 service-building kit
assets.props.architecture.buildings.brewhouse.brewhouse_lowertownserviceoakplank_normal,assets/props/architecture/buildings/brewhouse/brewhouse_LowerTownServiceOakPlank_normal.jpg,project maintainer,Embedded in brewhouse.glb; Godot 4.7 import extraction,Embedded normal extracted from brewhouse.glb by Godot 4.7 import; texture SHA-256 d60b34fc5d3564a67457cc0fec40af52125f7b97cf1ddef652dc5d5bfee97eb7,not applicable,AGPL-3.0-or-later (project author),Derived 512 px normal map; regenerate only by rebuilding and importing brewhouse.glb.,approved - derived from task-authorized Lower Town 1343 service-building kit
assets.props.architecture.buildings.brewhouse.brewhouse_lowertownserviceoakweathered_albedo,assets/props/architecture/buildings/brewhouse/brewhouse_LowerTownServiceOakWeathered_albedo.jpg,project maintainer,Embedded in brewhouse.glb; Godot 4.7 import extraction,Embedded albedo extracted from brewhouse.glb by Godot 4.7 import; texture SHA-256 7b7c97b6d4b81e14913293542a64c8b66e64c85c5a95282fc3f9629e1bb88926,not applicable,AGPL-3.0-or-later (project author),Derived 512 px albedo map; regenerate only by rebuilding and importing brewhouse.glb.,approved - derived from task-authorized Lower Town 1343 service-building kit
assets.props.architecture.buildings.brewhouse.brewhouse_lowertownserviceoakweathered_normal,assets/props/architecture/buildings/brewhouse/brewhouse_LowerTownServiceOakWeathered_normal.jpg,project maintainer,Embedded in brewhouse.glb; Godot 4.7 import extraction,Embedded normal extracted from brewhouse.glb by Godot 4.7 import; texture SHA-256 995f82bb2f11696917052afe8d2e8026f68b0d51ab1ffe5b4f527a92abfc1053,not applicable,AGPL-3.0-or-later (project author),Derived 512 px normal map; regenerate only by rebuilding and importing brewhouse.glb.,approved - derived from task-authorized Lower Town 1343 service-building kit
assets.props.architecture.buildings.brewhouse.brewhouse_lowertownservicerecess_albedo,assets/props/architecture/buildings/brewhouse/brewhouse_LowerTownServiceRecess_albedo.jpg,project maintainer,Embedded in brewhouse.glb; Godot 4.7 import extraction,Embedded albedo extracted from brewhouse.glb by Godot 4.7 import; texture SHA-256 e03f1e316e49e22cea12b9dcd1ae985c127ccd6682e3767378867b10f6ff9292,not applicable,AGPL-3.0-or-later (project author),Derived 512 px albedo map; regenerate only by rebuilding and importing brewhouse.glb.,approved - derived from task-authorized Lower Town 1343 service-building kit
assets.props.architecture.buildings.brewhouse.brewhouse_lowertownservicewoodshingle_albedo,assets/props/architecture/buildings/brewhouse/brewhouse_LowerTownServiceWoodShingle_albedo.jpg,project maintainer,Embedded in brewhouse.glb; Godot 4.7 import extraction,Embedded albedo extracted from brewhouse.glb by Godot 4.7 import; texture SHA-256 31a5b143045582c6be2f4038747e98d73d79f361481c554a1dc2ef79d0b35b24,not applicable,AGPL-3.0-or-later (project author),Derived 512 px albedo map; regenerate only by rebuilding and importing brewhouse.glb.,approved - derived from task-authorized Lower Town 1343 service-building kit
assets.props.architecture.buildings.brewhouse.brewhouse_lowertownservicewoodshingle_normal,assets/props/architecture/buildings/brewhouse/brewhouse_LowerTownServiceWoodShingle_normal.jpg,project maintainer,Embedded in brewhouse.glb; Godot 4.7 import extraction,Embedded normal extracted from brewhouse.glb by Godot 4.7 import; texture SHA-256 c436fe33dffb030c08eb70c4bddde2cede3e53e1cb1ba5b8661861016d17d6db,not applicable,AGPL-3.0-or-later (project author),Derived 512 px normal map; regenerate only by rebuilding and importing brewhouse.glb.,approved - derived from task-authorized Lower Town 1343 service-building kit
assets.props.architecture.buildings.brewhouse.brewhouse_lowertownservicewroughtiron_albedo,assets/props/architecture/buildings/brewhouse/brewhouse_LowerTownServiceWroughtIron_albedo.jpg,project maintainer,Embedded in brewhouse.glb; Godot 4.7 import extraction,Embedded albedo extracted from brewhouse.glb by Godot 4.7 import; texture SHA-256 abf61ffbd5eb1655442ef4e6d1983cfc0fcffc55bf946f8674681d812fad6444,not applicable,AGPL-3.0-or-later (project author),Derived 512 px albedo map; regenerate only by rebuilding and importing brewhouse.glb.,approved - derived from task-authorized Lower Town 1343 service-building kit
assets.props.architecture.buildings.brewhouse.brewhouse_lowertownservicewroughtiron_normal,assets/props/architecture/buildings/brewhouse/brewhouse_LowerTownServiceWroughtIron_normal.jpg,project maintainer,Embedded in brewhouse.glb; Godot 4.7 import extraction,Embedded normal extracted from brewhouse.glb by Godot 4.7 import; texture SHA-256 71995917fa3794ab9994714ecdf623c77c6d010693d0a730ef93d34054049a4d,not applicable,AGPL-3.0-or-later (project author),Derived 512 px normal map; regenerate only by rebuilding and importing brewhouse.glb.,approved - derived from task-authorized Lower Town 1343 service-building kit
assets.props.architecture.buildings.log_barn.log_barn,assets/props/architecture/buildings/log_barn/log_barn.glb,project maintainer,tools/generate_lower_town_service_buildings.py with Blender 5.2 LTS,Deterministic worn Reval 1343 Lower Town 1343 service building exterior (log_barn); generator evidence SHA-256 33ab4dc259e1b7ad750c5d70a2a6d28c9901b52a799c10dbb32cb7c0639d2074,not applicable,AGPL-3.0-or-later (project author),Procedurally modeled worn 1343 log_barn exterior (storeys=1); 7344 triangles; embedded 512 px albedo and normal maps.,approved - task-authorized Lower Town 1343 service-building kit
assets.props.architecture.buildings.log_barn.log_barn_lowertownserviceboards_albedo,assets/props/architecture/buildings/log_barn/log_barn_LowerTownServiceBoards_albedo.jpg,project maintainer,Embedded in log_barn.glb; Godot 4.7 import extraction,Embedded albedo extracted from log_barn.glb by Godot 4.7 import; texture SHA-256 274a37281d5729acb69170461edf4b09bcc60c113fe182689ce4c84940bbf799,not applicable,AGPL-3.0-or-later (project author),Derived 512 px albedo map; regenerate only by rebuilding and importing log_barn.glb.,approved - derived from task-authorized Lower Town 1343 service-building kit
assets.props.architecture.buildings.log_barn.log_barn_lowertownserviceboards_normal,assets/props/architecture/buildings/log_barn/log_barn_LowerTownServiceBoards_normal.jpg,project maintainer,Embedded in log_barn.glb; Godot 4.7 import extraction,Embedded normal extracted from log_barn.glb by Godot 4.7 import; texture SHA-256 d8918bd6d00c070b0c3312e5f32b5f04d15e4cc7614068ad915030671c5c833d,not applicable,AGPL-3.0-or-later (project author),Derived 512 px normal map; regenerate only by rebuilding and importing log_barn.glb.,approved - derived from task-authorized Lower Town 1343 service-building kit
assets.props.architecture.buildings.log_barn.log_barn_lowertownservicelimestoneplinth_albedo,assets/props/architecture/buildings/log_barn/log_barn_LowerTownServiceLimestonePlinth_albedo.jpg,project maintainer,Embedded in log_barn.glb; Godot 4.7 import extraction,Embedded albedo extracted from log_barn.glb by Godot 4.7 import; texture SHA-256 dd0a0466570ac0e4e7bc9f90a41dff34cdc9cd064d951b2d21a5e4397be8b8e5,not applicable,AGPL-3.0-or-later (project author),Derived 512 px albedo map; regenerate only by rebuilding and importing log_barn.glb.,approved - derived from task-authorized Lower Town 1343 service-building kit
assets.props.architecture.buildings.log_barn.log_barn_lowertownservicelimestoneplinth_normal,assets/props/architecture/buildings/log_barn/log_barn_LowerTownServiceLimestonePlinth_normal.jpg,project maintainer,Embedded in log_barn.glb; Godot 4.7 import extraction,Embedded normal extracted from log_barn.glb by Godot 4.7 import; texture SHA-256 d8fb5f341e1f579d144b44ba461bd4c2a5595e475dd4c15b6e75bfe3eed9ccb9,not applicable,AGPL-3.0-or-later (project author),Derived 512 px normal map; regenerate only by rebuilding and importing log_barn.glb.,approved - derived from task-authorized Lower Town 1343 service-building kit
assets.props.architecture.buildings.log_barn.log_barn_lowertownservicelog_albedo,assets/props/architecture/buildings/log_barn/log_barn_LowerTownServiceLog_albedo.jpg,project maintainer,Embedded in log_barn.glb; Godot 4.7 import extraction,Embedded albedo extracted from log_barn.glb by Godot 4.7 import; texture SHA-256 881881af7f0b8b209cbb4b3fdf18030f237551acd412528040cd7d6300f564a5,not applicable,AGPL-3.0-or-later (project author),Derived 512 px albedo map; regenerate only by rebuilding and importing log_barn.glb.,approved - derived from task-authorized Lower Town 1343 service-building kit
assets.props.architecture.buildings.log_barn.log_barn_lowertownservicelog_normal,assets/props/architecture/buildings/log_barn/log_barn_LowerTownServiceLog_normal.jpg,project maintainer,Embedded in log_barn.glb; Godot 4.7 import extraction,Embedded normal extracted from log_barn.glb by Godot 4.7 import; texture SHA-256 c4fd2c6c011d85af4f25ebb6666ccf2ee12b92b255df4e825519bdbd7e77c206,not applicable,AGPL-3.0-or-later (project author),Derived 512 px normal map; regenerate only by rebuilding and importing log_barn.glb.,approved - derived from task-authorized Lower Town 1343 service-building kit
assets.props.architecture.buildings.log_barn.log_barn_lowertownservicemosscaulk_albedo,assets/props/architecture/buildings/log_barn/log_barn_LowerTownServiceMossCaulk_albedo.jpg,project maintainer,Embedded in log_barn.glb; Godot 4.7 import extraction,Embedded albedo extracted from log_barn.glb by Godot 4.7 import; texture SHA-256 bc578899d248a5f55c96517aa2787b92a98fcd803aa079d3388d467a330916ae,not applicable,AGPL-3.0-or-later (project author),Derived 512 px albedo map; regenerate only by rebuilding and importing log_barn.glb.,approved - derived from task-authorized Lower Town 1343 service-building kit
assets.props.architecture.buildings.log_barn.log_barn_lowertownservicemosscaulk_normal,assets/props/architecture/buildings/log_barn/log_barn_LowerTownServiceMossCaulk_normal.jpg,project maintainer,Embedded in log_barn.glb; Godot 4.7 import extraction,Embedded normal extracted from log_barn.glb by Godot 4.7 import; texture SHA-256 20eb1e4416fd71c980a0214c25f3a8a67bb69132ba657ef8edc10ecaab68549e,not applicable,AGPL-3.0-or-later (project author),Derived 512 px normal map; regenerate only by rebuilding and importing log_barn.glb.,approved - derived from task-authorized Lower Town 1343 service-building kit
assets.props.architecture.buildings.log_barn.log_barn_lowertownserviceoakplank_albedo,assets/props/architecture/buildings/log_barn/log_barn_LowerTownServiceOakPlank_albedo.jpg,project maintainer,Embedded in log_barn.glb; Godot 4.7 import extraction,Embedded albedo extracted from log_barn.glb by Godot 4.7 import; texture SHA-256 e9df706a9cd50dbbe57a6433edd44181d6673426dfb73e41c67bef71b987da2d,not applicable,AGPL-3.0-or-later (project author),Derived 512 px albedo map; regenerate only by rebuilding and importing log_barn.glb.,approved - derived from task-authorized Lower Town 1343 service-building kit
assets.props.architecture.buildings.log_barn.log_barn_lowertownserviceoakplank_normal,assets/props/architecture/buildings/log_barn/log_barn_LowerTownServiceOakPlank_normal.jpg,project maintainer,Embedded in log_barn.glb; Godot 4.7 import extraction,Embedded normal extracted from log_barn.glb by Godot 4.7 import; texture SHA-256 d60b34fc5d3564a67457cc0fec40af52125f7b97cf1ddef652dc5d5bfee97eb7,not applicable,AGPL-3.0-or-later (project author),Derived 512 px normal map; regenerate only by rebuilding and importing log_barn.glb.,approved - derived from task-authorized Lower Town 1343 service-building kit
assets.props.architecture.buildings.log_barn.log_barn_lowertownserviceoakweathered_albedo,assets/props/architecture/buildings/log_barn/log_barn_LowerTownServiceOakWeathered_albedo.jpg,project maintainer,Embedded in log_barn.glb; Godot 4.7 import extraction,Embedded albedo extracted from log_barn.glb by Godot 4.7 import; texture SHA-256 7b7c97b6d4b81e14913293542a64c8b66e64c85c5a95282fc3f9629e1bb88926,not applicable,AGPL-3.0-or-later (project author),Derived 512 px albedo map; regenerate only by rebuilding and importing log_barn.glb.,approved - derived from task-authorized Lower Town 1343 service-building kit
assets.props.architecture.buildings.log_barn.log_barn_lowertownserviceoakweathered_normal,assets/props/architecture/buildings/log_barn/log_barn_LowerTownServiceOakWeathered_normal.jpg,project maintainer,Embedded in log_barn.glb; Godot 4.7 import extraction,Embedded normal extracted from log_barn.glb by Godot 4.7 import; texture SHA-256 995f82bb2f11696917052afe8d2e8026f68b0d51ab1ffe5b4f527a92abfc1053,not applicable,AGPL-3.0-or-later (project author),Derived 512 px normal map; regenerate only by rebuilding and importing log_barn.glb.,approved - derived from task-authorized Lower Town 1343 service-building kit
assets.props.architecture.buildings.log_barn.log_barn_lowertownservicerecess_albedo,assets/props/architecture/buildings/log_barn/log_barn_LowerTownServiceRecess_albedo.jpg,project maintainer,Embedded in log_barn.glb; Godot 4.7 import extraction,Embedded albedo extracted from log_barn.glb by Godot 4.7 import; texture SHA-256 e03f1e316e49e22cea12b9dcd1ae985c127ccd6682e3767378867b10f6ff9292,not applicable,AGPL-3.0-or-later (project author),Derived 512 px albedo map; regenerate only by rebuilding and importing log_barn.glb.,approved - derived from task-authorized Lower Town 1343 service-building kit
assets.props.architecture.buildings.log_barn.log_barn_lowertownservicereedthatch_albedo,assets/props/architecture/buildings/log_barn/log_barn_LowerTownServiceReedThatch_albedo.jpg,project maintainer,Embedded in log_barn.glb; Godot 4.7 import extraction,Embedded albedo extracted from log_barn.glb by Godot 4.7 import; texture SHA-256 4862b85fe35a9c5b825731a76ac04c2d171d6b201c495f475e15d21ca6d4c109,not applicable,AGPL-3.0-or-later (project author),Derived 512 px albedo map; regenerate only by rebuilding and importing log_barn.glb.,approved - derived from task-authorized Lower Town 1343 service-building kit
assets.props.architecture.buildings.log_barn.log_barn_lowertownservicereedthatch_normal,assets/props/architecture/buildings/log_barn/log_barn_LowerTownServiceReedThatch_normal.jpg,project maintainer,Embedded in log_barn.glb; Godot 4.7 import extraction,Embedded normal extracted from log_barn.glb by Godot 4.7 import; texture SHA-256 b3d99e07bc9cc162af970ae9c576a36c00b080dab96a1a4a2cc035dc6808eb6d,not applicable,AGPL-3.0-or-later (project author),Derived 512 px normal map; regenerate only by rebuilding and importing log_barn.glb.,approved - derived from task-authorized Lower Town 1343 service-building kit
assets.props.architecture.buildings.log_barn.log_barn_lowertownservicewroughtiron_albedo,assets/props/architecture/buildings/log_barn/log_barn_LowerTownServiceWroughtIron_albedo.jpg,project maintainer,Embedded in log_barn.glb; Godot 4.7 import extraction,Embedded albedo extracted from log_barn.glb by Godot 4.7 import; texture SHA-256 abf61ffbd5eb1655442ef4e6d1983cfc0fcffc55bf946f8674681d812fad6444,not applicable,AGPL-3.0-or-later (project author),Derived 512 px albedo map; regenerate only by rebuilding and importing log_barn.glb.,approved - derived from task-authorized Lower Town 1343 service-building kit
assets.props.architecture.buildings.log_barn.log_barn_lowertownservicewroughtiron_normal,assets/props/architecture/buildings/log_barn/log_barn_LowerTownServiceWroughtIron_normal.jpg,project maintainer,Embedded in log_barn.glb; Godot 4.7 import extraction,Embedded normal extracted from log_barn.glb by Godot 4.7 import; texture SHA-256 71995917fa3794ab9994714ecdf623c77c6d010693d0a730ef93d34054049a4d,not applicable,AGPL-3.0-or-later (project author),Derived 512 px normal map; regenerate only by rebuilding and importing log_barn.glb.,approved - derived from task-authorized Lower Town 1343 service-building kit
assets.props.architecture.buildings.public_bath.public_bath,assets/props/architecture/buildings/public_bath/public_bath.glb,project maintainer,tools/generate_lower_town_service_buildings.py with Blender 5.2 LTS,Deterministic worn Reval 1343 Lower Town 1343 service building exterior (public_bath); generator evidence SHA-256 3c47b7080f69a1ccc6d084124d202c8d971de774288c5895e9b60aab81b3d85a,not applicable,AGPL-3.0-or-later (project author),Procedurally modeled worn 1343 public_bath exterior (storeys=1); 8024 triangles; embedded 512 px albedo and normal maps.,approved - task-authorized Lower Town 1343 service-building kit
assets.props.architecture.buildings.public_bath.public_bath_lowertownserviceboards_albedo,assets/props/architecture/buildings/public_bath/public_bath_LowerTownServiceBoards_albedo.jpg,project maintainer,Embedded in public_bath.glb; Godot 4.7 import extraction,Embedded albedo extracted from public_bath.glb by Godot 4.7 import; texture SHA-256 274a37281d5729acb69170461edf4b09bcc60c113fe182689ce4c84940bbf799,not applicable,AGPL-3.0-or-later (project author),Derived 512 px albedo map; regenerate only by rebuilding and importing public_bath.glb.,approved - derived from task-authorized Lower Town 1343 service-building kit
assets.props.architecture.buildings.public_bath.public_bath_lowertownserviceboards_normal,assets/props/architecture/buildings/public_bath/public_bath_LowerTownServiceBoards_normal.jpg,project maintainer,Embedded in public_bath.glb; Godot 4.7 import extraction,Embedded normal extracted from public_bath.glb by Godot 4.7 import; texture SHA-256 d8918bd6d00c070b0c3312e5f32b5f04d15e4cc7614068ad915030671c5c833d,not applicable,AGPL-3.0-or-later (project author),Derived 512 px normal map; regenerate only by rebuilding and importing public_bath.glb.,approved - derived from task-authorized Lower Town 1343 service-building kit
assets.props.architecture.buildings.public_bath.public_bath_lowertownservicelimestoneplinth_albedo,assets/props/architecture/buildings/public_bath/public_bath_LowerTownServiceLimestonePlinth_albedo.jpg,project maintainer,Embedded in public_bath.glb; Godot 4.7 import extraction,Embedded albedo extracted from public_bath.glb by Godot 4.7 import; texture SHA-256 dd0a0466570ac0e4e7bc9f90a41dff34cdc9cd064d951b2d21a5e4397be8b8e5,not applicable,AGPL-3.0-or-later (project author),Derived 512 px albedo map; regenerate only by rebuilding and importing public_bath.glb.,approved - derived from task-authorized Lower Town 1343 service-building kit
assets.props.architecture.buildings.public_bath.public_bath_lowertownservicelimestoneplinth_normal,assets/props/architecture/buildings/public_bath/public_bath_LowerTownServiceLimestonePlinth_normal.jpg,project maintainer,Embedded in public_bath.glb; Godot 4.7 import extraction,Embedded normal extracted from public_bath.glb by Godot 4.7 import; texture SHA-256 d8fb5f341e1f579d144b44ba461bd4c2a5595e475dd4c15b6e75bfe3eed9ccb9,not applicable,AGPL-3.0-or-later (project author),Derived 512 px normal map; regenerate only by rebuilding and importing public_bath.glb.,approved - derived from task-authorized Lower Town 1343 service-building kit
assets.props.architecture.buildings.public_bath.public_bath_lowertownservicelog_albedo,assets/props/architecture/buildings/public_bath/public_bath_LowerTownServiceLog_albedo.jpg,project maintainer,Embedded in public_bath.glb; Godot 4.7 import extraction,Embedded albedo extracted from public_bath.glb by Godot 4.7 import; texture SHA-256 881881af7f0b8b209cbb4b3fdf18030f237551acd412528040cd7d6300f564a5,not applicable,AGPL-3.0-or-later (project author),Derived 512 px albedo map; regenerate only by rebuilding and importing public_bath.glb.,approved - derived from task-authorized Lower Town 1343 service-building kit
assets.props.architecture.buildings.public_bath.public_bath_lowertownservicelog_normal,assets/props/architecture/buildings/public_bath/public_bath_LowerTownServiceLog_normal.jpg,project maintainer,Embedded in public_bath.glb; Godot 4.7 import extraction,Embedded normal extracted from public_bath.glb by Godot 4.7 import; texture SHA-256 c4fd2c6c011d85af4f25ebb6666ccf2ee12b92b255df4e825519bdbd7e77c206,not applicable,AGPL-3.0-or-later (project author),Derived 512 px normal map; regenerate only by rebuilding and importing public_bath.glb.,approved - derived from task-authorized Lower Town 1343 service-building kit
assets.props.architecture.buildings.public_bath.public_bath_lowertownservicemosscaulk_albedo,assets/props/architecture/buildings/public_bath/public_bath_LowerTownServiceMossCaulk_albedo.jpg,project maintainer,Embedded in public_bath.glb; Godot 4.7 import extraction,Embedded albedo extracted from public_bath.glb by Godot 4.7 import; texture SHA-256 bc578899d248a5f55c96517aa2787b92a98fcd803aa079d3388d467a330916ae,not applicable,AGPL-3.0-or-later (project author),Derived 512 px albedo map; regenerate only by rebuilding and importing public_bath.glb.,approved - derived from task-authorized Lower Town 1343 service-building kit
assets.props.architecture.buildings.public_bath.public_bath_lowertownservicemosscaulk_normal,assets/props/architecture/buildings/public_bath/public_bath_LowerTownServiceMossCaulk_normal.jpg,project maintainer,Embedded in public_bath.glb; Godot 4.7 import extraction,Embedded normal extracted from public_bath.glb by Godot 4.7 import; texture SHA-256 20eb1e4416fd71c980a0214c25f3a8a67bb69132ba657ef8edc10ecaab68549e,not applicable,AGPL-3.0-or-later (project author),Derived 512 px normal map; regenerate only by rebuilding and importing public_bath.glb.,approved - derived from task-authorized Lower Town 1343 service-building kit
assets.props.architecture.buildings.public_bath.public_bath_lowertownserviceoakplank_albedo,assets/props/architecture/buildings/public_bath/public_bath_LowerTownServiceOakPlank_albedo.jpg,project maintainer,Embedded in public_bath.glb; Godot 4.7 import extraction,Embedded albedo extracted from public_bath.glb by Godot 4.7 import; texture SHA-256 e9df706a9cd50dbbe57a6433edd44181d6673426dfb73e41c67bef71b987da2d,not applicable,AGPL-3.0-or-later (project author),Derived 512 px albedo map; regenerate only by rebuilding and importing public_bath.glb.,approved - derived from task-authorized Lower Town 1343 service-building kit
assets.props.architecture.buildings.public_bath.public_bath_lowertownserviceoakplank_normal,assets/props/architecture/buildings/public_bath/public_bath_LowerTownServiceOakPlank_normal.jpg,project maintainer,Embedded in public_bath.glb; Godot 4.7 import extraction,Embedded normal extracted from public_bath.glb by Godot 4.7 import; texture SHA-256 d60b34fc5d3564a67457cc0fec40af52125f7b97cf1ddef652dc5d5bfee97eb7,not applicable,AGPL-3.0-or-later (project author),Derived 512 px normal map; regenerate only by rebuilding and importing public_bath.glb.,approved - derived from task-authorized Lower Town 1343 service-building kit
assets.props.architecture.buildings.public_bath.public_bath_lowertownserviceoakweathered_albedo,assets/props/architecture/buildings/public_bath/public_bath_LowerTownServiceOakWeathered_albedo.jpg,project maintainer,Embedded in public_bath.glb; Godot 4.7 import extraction,Embedded albedo extracted from public_bath.glb by Godot 4.7 import; texture SHA-256 7b7c97b6d4b81e14913293542a64c8b66e64c85c5a95282fc3f9629e1bb88926,not applicable,AGPL-3.0-or-later (project author),Derived 512 px albedo map; regenerate only by rebuilding and importing public_bath.glb.,approved - derived from task-authorized Lower Town 1343 service-building kit
assets.props.architecture.buildings.public_bath.public_bath_lowertownserviceoakweathered_normal,assets/props/architecture/buildings/public_bath/public_bath_LowerTownServiceOakWeathered_normal.jpg,project maintainer,Embedded in public_bath.glb; Godot 4.7 import extraction,Embedded normal extracted from public_bath.glb by Godot 4.7 import; texture SHA-256 995f82bb2f11696917052afe8d2e8026f68b0d51ab1ffe5b4f527a92abfc1053,not applicable,AGPL-3.0-or-later (project author),Derived 512 px normal map; regenerate only by rebuilding and importing public_bath.glb.,approved - derived from task-authorized Lower Town 1343 service-building kit
assets.props.architecture.buildings.public_bath.public_bath_lowertownservicerecess_albedo,assets/props/architecture/buildings/public_bath/public_bath_LowerTownServiceRecess_albedo.jpg,project maintainer,Embedded in public_bath.glb; Godot 4.7 import extraction,Embedded albedo extracted from public_bath.glb by Godot 4.7 import; texture SHA-256 e03f1e316e49e22cea12b9dcd1ae985c127ccd6682e3767378867b10f6ff9292,not applicable,AGPL-3.0-or-later (project author),Derived 512 px albedo map; regenerate only by rebuilding and importing public_bath.glb.,approved - derived from task-authorized Lower Town 1343 service-building kit
assets.props.architecture.buildings.public_bath.public_bath_lowertownservicewoodshingle_albedo,assets/props/architecture/buildings/public_bath/public_bath_LowerTownServiceWoodShingle_albedo.jpg,project maintainer,Embedded in public_bath.glb; Godot 4.7 import extraction,Embedded albedo extracted from public_bath.glb by Godot 4.7 import; texture SHA-256 31a5b143045582c6be2f4038747e98d73d79f361481c554a1dc2ef79d0b35b24,not applicable,AGPL-3.0-or-later (project author),Derived 512 px albedo map; regenerate only by rebuilding and importing public_bath.glb.,approved - derived from task-authorized Lower Town 1343 service-building kit
assets.props.architecture.buildings.public_bath.public_bath_lowertownservicewoodshingle_normal,assets/props/architecture/buildings/public_bath/public_bath_LowerTownServiceWoodShingle_normal.jpg,project maintainer,Embedded in public_bath.glb; Godot 4.7 import extraction,Embedded normal extracted from public_bath.glb by Godot 4.7 import; texture SHA-256 c436fe33dffb030c08eb70c4bddde2cede3e53e1cb1ba5b8661861016d17d6db,not applicable,AGPL-3.0-or-later (project author),Derived 512 px normal map; regenerate only by rebuilding and importing public_bath.glb.,approved - derived from task-authorized Lower Town 1343 service-building kit
assets.props.architecture.buildings.public_bath.public_bath_lowertownservicewroughtiron_albedo,assets/props/architecture/buildings/public_bath/public_bath_LowerTownServiceWroughtIron_albedo.jpg,project maintainer,Embedded in public_bath.glb; Godot 4.7 import extraction,Embedded albedo extracted from public_bath.glb by Godot 4.7 import; texture SHA-256 abf61ffbd5eb1655442ef4e6d1983cfc0fcffc55bf946f8674681d812fad6444,not applicable,AGPL-3.0-or-later (project author),Derived 512 px albedo map; regenerate only by rebuilding and importing public_bath.glb.,approved - derived from task-authorized Lower Town 1343 service-building kit
assets.props.architecture.buildings.public_bath.public_bath_lowertownservicewroughtiron_normal,assets/props/architecture/buildings/public_bath/public_bath_LowerTownServiceWroughtIron_normal.jpg,project maintainer,Embedded in public_bath.glb; Godot 4.7 import extraction,Embedded normal extracted from public_bath.glb by Godot 4.7 import; texture SHA-256 71995917fa3794ab9994714ecdf623c77c6d010693d0a730ef93d34054049a4d,not applicable,AGPL-3.0-or-later (project author),Derived 512 px normal map; regenerate only by rebuilding and importing public_bath.glb.,approved - derived from task-authorized Lower Town 1343 service-building kit
assets.props.architecture.buildings.stone_storehouse.stone_storehouse,assets/props/architecture/buildings/stone_storehouse/stone_storehouse.glb,project maintainer,tools/generate_lower_town_service_buildings.py with Blender 5.2 LTS,Deterministic worn Reval 1343 Lower Town 1343 service building exterior (stone_storehouse); generator evidence SHA-256 fd848279c806cb164a250fcedc794aab412749550749a6f277258b6638d9e679,not applicable,AGPL-3.0-or-later (project author),Procedurally modeled worn 1343 stone_storehouse exterior (storeys=3); 11816 triangles; embedded 512 px albedo and normal maps.,approved - task-authorized Lower Town 1343 service-building kit
assets.props.architecture.buildings.stone_storehouse.stone_storehouse_lowertownserviceclaytile_albedo,assets/props/architecture/buildings/stone_storehouse/stone_storehouse_LowerTownServiceClayTile_albedo.jpg,project maintainer,Embedded in stone_storehouse.glb; Godot 4.7 import extraction,Embedded albedo extracted from stone_storehouse.glb by Godot 4.7 import; texture SHA-256 da6a77a13c38faa7872b6daf44d5156ea052ec4591a2e5ee7c076fc2857cff1c,not applicable,AGPL-3.0-or-later (project author),Derived 512 px albedo map; regenerate only by rebuilding and importing stone_storehouse.glb.,approved - derived from task-authorized Lower Town 1343 service-building kit
assets.props.architecture.buildings.stone_storehouse.stone_storehouse_lowertownserviceclaytile_normal,assets/props/architecture/buildings/stone_storehouse/stone_storehouse_LowerTownServiceClayTile_normal.jpg,project maintainer,Embedded in stone_storehouse.glb; Godot 4.7 import extraction,Embedded normal extracted from stone_storehouse.glb by Godot 4.7 import; texture SHA-256 f336ce1020290481eeafe4064697701228ae9c65661b49ba92e7ad13aa963976,not applicable,AGPL-3.0-or-later (project author),Derived 512 px normal map; regenerate only by rebuilding and importing stone_storehouse.glb.,approved - derived from task-authorized Lower Town 1343 service-building kit
assets.props.architecture.buildings.stone_storehouse.stone_storehouse_lowertownservicelimestonedressed_albedo,assets/props/architecture/buildings/stone_storehouse/stone_storehouse_LowerTownServiceLimestoneDressed_albedo.jpg,project maintainer,Embedded in stone_storehouse.glb; Godot 4.7 import extraction,Embedded albedo extracted from stone_storehouse.glb by Godot 4.7 import; texture SHA-256 6aab814d4f89c163b8e943e4db77464bf96c750e368e3b6a4893edc096f75ae1,not applicable,AGPL-3.0-or-later (project author),Derived 512 px albedo map; regenerate only by rebuilding and importing stone_storehouse.glb.,approved - derived from task-authorized Lower Town 1343 service-building kit
assets.props.architecture.buildings.stone_storehouse.stone_storehouse_lowertownservicelimestonedressed_normal,assets/props/architecture/buildings/stone_storehouse/stone_storehouse_LowerTownServiceLimestoneDressed_normal.jpg,project maintainer,Embedded in stone_storehouse.glb; Godot 4.7 import extraction,Embedded normal extracted from stone_storehouse.glb by Godot 4.7 import; texture SHA-256 d1223c36371e8965ca7f0f1e11ea0501999d992b3d58f8157356d1625b911882,not applicable,AGPL-3.0-or-later (project author),Derived 512 px normal map; regenerate only by rebuilding and importing stone_storehouse.glb.,approved - derived from task-authorized Lower Town 1343 service-building kit
assets.props.architecture.buildings.stone_storehouse.stone_storehouse_lowertownservicelimestoneplinth_albedo,assets/props/architecture/buildings/stone_storehouse/stone_storehouse_LowerTownServiceLimestonePlinth_albedo.jpg,project maintainer,Embedded in stone_storehouse.glb; Godot 4.7 import extraction,Embedded albedo extracted from stone_storehouse.glb by Godot 4.7 import; texture SHA-256 dd0a0466570ac0e4e7bc9f90a41dff34cdc9cd064d951b2d21a5e4397be8b8e5,not applicable,AGPL-3.0-or-later (project author),Derived 512 px albedo map; regenerate only by rebuilding and importing stone_storehouse.glb.,approved - derived from task-authorized Lower Town 1343 service-building kit
assets.props.architecture.buildings.stone_storehouse.stone_storehouse_lowertownservicelimestoneplinth_normal,assets/props/architecture/buildings/stone_storehouse/stone_storehouse_LowerTownServiceLimestonePlinth_normal.jpg,project maintainer,Embedded in stone_storehouse.glb; Godot 4.7 import extraction,Embedded normal extracted from stone_storehouse.glb by Godot 4.7 import; texture SHA-256 d8fb5f341e1f579d144b44ba461bd4c2a5595e475dd4c15b6e75bfe3eed9ccb9,not applicable,AGPL-3.0-or-later (project author),Derived 512 px normal map; regenerate only by rebuilding and importing stone_storehouse.glb.,approved - derived from task-authorized Lower Town 1343 service-building kit
assets.props.architecture.buildings.stone_storehouse.stone_storehouse_lowertownservicelimestonerubble_albedo,assets/props/architecture/buildings/stone_storehouse/stone_storehouse_LowerTownServiceLimestoneRubble_albedo.jpg,project maintainer,Embedded in stone_storehouse.glb; Godot 4.7 import extraction,Embedded albedo extracted from stone_storehouse.glb by Godot 4.7 import; texture SHA-256 4ec9450b17ac4a1d7b415b9e4c81dceca4705e53331910d0977e23c9f4da229c,not applicable,AGPL-3.0-or-later (project author),Derived 512 px albedo map; regenerate only by rebuilding and importing stone_storehouse.glb.,approved - derived from task-authorized Lower Town 1343 service-building kit
assets.props.architecture.buildings.stone_storehouse.stone_storehouse_lowertownservicelimestonerubble_normal,assets/props/architecture/buildings/stone_storehouse/stone_storehouse_LowerTownServiceLimestoneRubble_normal.jpg,project maintainer,Embedded in stone_storehouse.glb; Godot 4.7 import extraction,Embedded normal extracted from stone_storehouse.glb by Godot 4.7 import; texture SHA-256 909b128e95a3889babfac94d1a2fcb531e902db15ea73444396f441270e195d2,not applicable,AGPL-3.0-or-later (project author),Derived 512 px normal map; regenerate only by rebuilding and importing stone_storehouse.glb.,approved - derived from task-authorized Lower Town 1343 service-building kit
assets.props.architecture.buildings.stone_storehouse.stone_storehouse_lowertownserviceoakplank_albedo,assets/props/architecture/buildings/stone_storehouse/stone_storehouse_LowerTownServiceOakPlank_albedo.jpg,project maintainer,Embedded in stone_storehouse.glb; Godot 4.7 import extraction,Embedded albedo extracted from stone_storehouse.glb by Godot 4.7 import; texture SHA-256 e9df706a9cd50dbbe57a6433edd44181d6673426dfb73e41c67bef71b987da2d,not applicable,AGPL-3.0-or-later (project author),Derived 512 px albedo map; regenerate only by rebuilding and importing stone_storehouse.glb.,approved - derived from task-authorized Lower Town 1343 service-building kit
assets.props.architecture.buildings.stone_storehouse.stone_storehouse_lowertownserviceoakplank_normal,assets/props/architecture/buildings/stone_storehouse/stone_storehouse_LowerTownServiceOakPlank_normal.jpg,project maintainer,Embedded in stone_storehouse.glb; Godot 4.7 import extraction,Embedded normal extracted from stone_storehouse.glb by Godot 4.7 import; texture SHA-256 d60b34fc5d3564a67457cc0fec40af52125f7b97cf1ddef652dc5d5bfee97eb7,not applicable,AGPL-3.0-or-later (project author),Derived 512 px normal map; regenerate only by rebuilding and importing stone_storehouse.glb.,approved - derived from task-authorized Lower Town 1343 service-building kit
assets.props.architecture.buildings.stone_storehouse.stone_storehouse_lowertownserviceoakweathered_albedo,assets/props/architecture/buildings/stone_storehouse/stone_storehouse_LowerTownServiceOakWeathered_albedo.jpg,project maintainer,Embedded in stone_storehouse.glb; Godot 4.7 import extraction,Embedded albedo extracted from stone_storehouse.glb by Godot 4.7 import; texture SHA-256 7b7c97b6d4b81e14913293542a64c8b66e64c85c5a95282fc3f9629e1bb88926,not applicable,AGPL-3.0-or-later (project author),Derived 512 px albedo map; regenerate only by rebuilding and importing stone_storehouse.glb.,approved - derived from task-authorized Lower Town 1343 service-building kit
assets.props.architecture.buildings.stone_storehouse.stone_storehouse_lowertownserviceoakweathered_normal,assets/props/architecture/buildings/stone_storehouse/stone_storehouse_LowerTownServiceOakWeathered_normal.jpg,project maintainer,Embedded in stone_storehouse.glb; Godot 4.7 import extraction,Embedded normal extracted from stone_storehouse.glb by Godot 4.7 import; texture SHA-256 995f82bb2f11696917052afe8d2e8026f68b0d51ab1ffe5b4f527a92abfc1053,not applicable,AGPL-3.0-or-later (project author),Derived 512 px normal map; regenerate only by rebuilding and importing stone_storehouse.glb.,approved - derived from task-authorized Lower Town 1343 service-building kit
assets.props.architecture.buildings.stone_storehouse.stone_storehouse_lowertownservicerecess_albedo,assets/props/architecture/buildings/stone_storehouse/stone_storehouse_LowerTownServiceRecess_albedo.jpg,project maintainer,Embedded in stone_storehouse.glb; Godot 4.7 import extraction,Embedded albedo extracted from stone_storehouse.glb by Godot 4.7 import; texture SHA-256 e03f1e316e49e22cea12b9dcd1ae985c127ccd6682e3767378867b10f6ff9292,not applicable,AGPL-3.0-or-later (project author),Derived 512 px albedo map; regenerate only by rebuilding and importing stone_storehouse.glb.,approved - derived from task-authorized Lower Town 1343 service-building kit
assets.props.architecture.buildings.stone_storehouse.stone_storehouse_lowertownservicerope_albedo,assets/props/architecture/buildings/stone_storehouse/stone_storehouse_LowerTownServiceRope_albedo.jpg,project maintainer,Embedded in stone_storehouse.glb; Godot 4.7 import extraction,Embedded albedo extracted from stone_storehouse.glb by Godot 4.7 import; texture SHA-256 e170f07e3aa8fe25adb923c9a8777b52145c507e227574cce569f925d00299a6,not applicable,AGPL-3.0-or-later (project author),Derived 512 px albedo map; regenerate only by rebuilding and importing stone_storehouse.glb.,approved - derived from task-authorized Lower Town 1343 service-building kit
assets.props.architecture.buildings.stone_storehouse.stone_storehouse_lowertownservicerope_normal,assets/props/architecture/buildings/stone_storehouse/stone_storehouse_LowerTownServiceRope_normal.jpg,project maintainer,Embedded in stone_storehouse.glb; Godot 4.7 import extraction,Embedded normal extracted from stone_storehouse.glb by Godot 4.7 import; texture SHA-256 f894d742f8d4df1175041b9bb061ac15da15a53bf521dcc58d945d84d3047fe2,not applicable,AGPL-3.0-or-later (project author),Derived 512 px normal map; regenerate only by rebuilding and importing stone_storehouse.glb.,approved - derived from task-authorized Lower Town 1343 service-building kit
assets.props.architecture.buildings.stone_storehouse.stone_storehouse_lowertownservicewroughtiron_albedo,assets/props/architecture/buildings/stone_storehouse/stone_storehouse_LowerTownServiceWroughtIron_albedo.jpg,project maintainer,Embedded in stone_storehouse.glb; Godot 4.7 import extraction,Embedded albedo extracted from stone_storehouse.glb by Godot 4.7 import; texture SHA-256 abf61ffbd5eb1655442ef4e6d1983cfc0fcffc55bf946f8674681d812fad6444,not applicable,AGPL-3.0-or-later (project author),Derived 512 px albedo map; regenerate only by rebuilding and importing stone_storehouse.glb.,approved - derived from task-authorized Lower Town 1343 service-building kit
assets.props.architecture.buildings.stone_storehouse.stone_storehouse_lowertownservicewroughtiron_normal,assets/props/architecture/buildings/stone_storehouse/stone_storehouse_LowerTownServiceWroughtIron_normal.jpg,project maintainer,Embedded in stone_storehouse.glb; Godot 4.7 import extraction,Embedded normal extracted from stone_storehouse.glb by Godot 4.7 import; texture SHA-256 71995917fa3794ab9994714ecdf623c77c6d010693d0a730ef93d34054049a4d,not applicable,AGPL-3.0-or-later (project author),Derived 512 px normal map; regenerate only by rebuilding and importing stone_storehouse.glb.,approved - derived from task-authorized Lower Town 1343 service-building kit
assets.props.architecture.houses.craft_boda.craft_boda,assets/props/architecture/houses/craft_boda/craft_boda.glb,project maintainer,tools/generate_burgher_house_craft_boda.py with Blender 5.2 LTS,Deterministic worn Reval 1343 P2-065 craft_boda exterior (log_thatch); generator evidence SHA-256 3dcf910a906c103a9e2f13f92d0f8dc6356f0da07703082ed58ddaddc7cf74fa,not applicable,AGPL-3.0-or-later (project author),Procedurally modeled worn 1343 log_thatch exterior (wall_finish=moss_caulked_logs; roof=water_reed_thatch; storeys=1); 9268 triangles; embedded 512 px albedo and normal maps.,approved - task-authorized P2-065 craft_boda production kit
assets.props.architecture.houses.craft_boda.craft_boda_craftbodaboards_albedo,assets/props/architecture/houses/craft_boda/craft_boda_CraftBodaBoards_albedo.jpg,project maintainer,Embedded in craft_boda.glb; Godot 4.7 import extraction,Embedded albedo extracted from craft_boda.glb by Godot 4.7 import; texture SHA-256 59ece4b92895d5293d888deadd9d41317d22a74756ccbf788d189baa47ac7e4b,not applicable,AGPL-3.0-or-later (project author),Derived 512 px albedo map; regenerate only by rebuilding and importing craft_boda.glb.,approved - derived from task-authorized P2-065 craft_boda production kit
assets.props.architecture.houses.craft_boda.craft_boda_craftbodaboards_normal,assets/props/architecture/houses/craft_boda/craft_boda_CraftBodaBoards_normal.jpg,project maintainer,Embedded in craft_boda.glb; Godot 4.7 import extraction,Embedded normal extracted from craft_boda.glb by Godot 4.7 import; texture SHA-256 2484d01e19f4b299be8ac5d26926cff6d17fc4c6f18e0e2fc38402b0b6fd7ca8,not applicable,AGPL-3.0-or-later (project author),Derived 512 px normal map; regenerate only by rebuilding and importing craft_boda.glb.,approved - derived from task-authorized P2-065 craft_boda production kit
assets.props.architecture.houses.craft_boda.craft_boda_craftbodalimestoneplinth_albedo,assets/props/architecture/houses/craft_boda/craft_boda_CraftBodaLimestonePlinth_albedo.jpg,project maintainer,Embedded in craft_boda.glb; Godot 4.7 import extraction,Embedded albedo extracted from craft_boda.glb by Godot 4.7 import; texture SHA-256 c9fb73fd6a6260f3a56a993e274cb366a12e34993f862b3770ea3bea225bbb25,not applicable,AGPL-3.0-or-later (project author),Derived 512 px albedo map; regenerate only by rebuilding and importing craft_boda.glb.,approved - derived from task-authorized P2-065 craft_boda production kit
assets.props.architecture.houses.craft_boda.craft_boda_craftbodalimestoneplinth_normal,assets/props/architecture/houses/craft_boda/craft_boda_CraftBodaLimestonePlinth_normal.jpg,project maintainer,Embedded in craft_boda.glb; Godot 4.7 import extraction,Embedded normal extracted from craft_boda.glb by Godot 4.7 import; texture SHA-256 a0a1b5a294915e03c5cdde6def93d8f0c045907c987e64234cb32201ea01f796,not applicable,AGPL-3.0-or-later (project author),Derived 512 px normal map; regenerate only by rebuilding and importing craft_boda.glb.,approved - derived from task-authorized P2-065 craft_boda production kit
assets.props.architecture.houses.craft_boda.craft_boda_craftbodalog_albedo,assets/props/architecture/houses/craft_boda/craft_boda_CraftBodaLog_albedo.jpg,project maintainer,Embedded in craft_boda.glb; Godot 4.7 import extraction,Embedded albedo extracted from craft_boda.glb by Godot 4.7 import; texture SHA-256 566964a87c4e2d75729d8597e8cdb841e7492fd4fe3c4169f2053737ebbc50e4,not applicable,AGPL-3.0-or-later (project author),Derived 512 px albedo map; regenerate only by rebuilding and importing craft_boda.glb.,approved - derived from task-authorized P2-065 craft_boda production kit
assets.props.architecture.houses.craft_boda.craft_boda_craftbodalog_normal,assets/props/architecture/houses/craft_boda/craft_boda_CraftBodaLog_normal.jpg,project maintainer,Embedded in craft_boda.glb; Godot 4.7 import extraction,Embedded normal extracted from craft_boda.glb by Godot 4.7 import; texture SHA-256 594a2bc0695ca38d14d707b96f5fb22981b234c0bc1b5ad83f366fd80997505b,not applicable,AGPL-3.0-or-later (project author),Derived 512 px normal map; regenerate only by rebuilding and importing craft_boda.glb.,approved - derived from task-authorized P2-065 craft_boda production kit
assets.props.architecture.houses.craft_boda.craft_boda_craftbodamosscaulk_albedo,assets/props/architecture/houses/craft_boda/craft_boda_CraftBodaMossCaulk_albedo.jpg,project maintainer,Embedded in craft_boda.glb; Godot 4.7 import extraction,Embedded albedo extracted from craft_boda.glb by Godot 4.7 import; texture SHA-256 fede9a626c57e4653a1581a92a73c45a53c3f572b7eb7444ad0f8d68604d90e4,not applicable,AGPL-3.0-or-later (project author),Derived 512 px albedo map; regenerate only by rebuilding and importing craft_boda.glb.,approved - derived from task-authorized P2-065 craft_boda production kit
assets.props.architecture.houses.craft_boda.craft_boda_craftbodamosscaulk_normal,assets/props/architecture/houses/craft_boda/craft_boda_CraftBodaMossCaulk_normal.jpg,project maintainer,Embedded in craft_boda.glb; Godot 4.7 import extraction,Embedded normal extracted from craft_boda.glb by Godot 4.7 import; texture SHA-256 9cff1a7888709a4059bbe2a8e82e1bee1a08e569e4885ed9a67c4e1f0c864014,not applicable,AGPL-3.0-or-later (project author),Derived 512 px normal map; regenerate only by rebuilding and importing craft_boda.glb.,approved - derived from task-authorized P2-065 craft_boda production kit
assets.props.architecture.houses.craft_boda.craft_boda_craftbodaoakplank_albedo,assets/props/architecture/houses/craft_boda/craft_boda_CraftBodaOakPlank_albedo.jpg,project maintainer,Embedded in craft_boda.glb; Godot 4.7 import extraction,Embedded albedo extracted from craft_boda.glb by Godot 4.7 import; texture SHA-256 b06af4081003f42ea74f3efc8df5f5fd4337dbfdc66e8a772976f69bcf9afc56,not applicable,AGPL-3.0-or-later (project author),Derived 512 px albedo map; regenerate only by rebuilding and importing craft_boda.glb.,approved - derived from task-authorized P2-065 craft_boda production kit
assets.props.architecture.houses.craft_boda.craft_boda_craftbodaoakplank_normal,assets/props/architecture/houses/craft_boda/craft_boda_CraftBodaOakPlank_normal.jpg,project maintainer,Embedded in craft_boda.glb; Godot 4.7 import extraction,Embedded normal extracted from craft_boda.glb by Godot 4.7 import; texture SHA-256 49c17095ba2022d54c90b61e4e035d7682dcc5521dc01c834f677ac9add0889f,not applicable,AGPL-3.0-or-later (project author),Derived 512 px normal map; regenerate only by rebuilding and importing craft_boda.glb.,approved - derived from task-authorized P2-065 craft_boda production kit
assets.props.architecture.houses.craft_boda.craft_boda_craftbodaoakweathered_albedo,assets/props/architecture/houses/craft_boda/craft_boda_CraftBodaOakWeathered_albedo.jpg,project maintainer,Embedded in craft_boda.glb; Godot 4.7 import extraction,Embedded albedo extracted from craft_boda.glb by Godot 4.7 import; texture SHA-256 2a6e0a3c26fdc85627a19cac4711351ef8224f48718a658f83a1d1d597e7516b,not applicable,AGPL-3.0-or-later (project author),Derived 512 px albedo map; regenerate only by rebuilding and importing craft_boda.glb.,approved - derived from task-authorized P2-065 craft_boda production kit
assets.props.architecture.houses.craft_boda.craft_boda_craftbodaoakweathered_normal,assets/props/architecture/houses/craft_boda/craft_boda_CraftBodaOakWeathered_normal.jpg,project maintainer,Embedded in craft_boda.glb; Godot 4.7 import extraction,Embedded normal extracted from craft_boda.glb by Godot 4.7 import; texture SHA-256 131b27945bee71939be19879c786779b2ebc2f8eb49278336221309d26b72466,not applicable,AGPL-3.0-or-later (project author),Derived 512 px normal map; regenerate only by rebuilding and importing craft_boda.glb.,approved - derived from task-authorized P2-065 craft_boda production kit
assets.props.architecture.houses.craft_boda.craft_boda_craftbodarecess_albedo,assets/props/architecture/houses/craft_boda/craft_boda_CraftBodaRecess_albedo.jpg,project maintainer,Embedded in craft_boda.glb; Godot 4.7 import extraction,Embedded albedo extracted from craft_boda.glb by Godot 4.7 import; texture SHA-256 c3fcbd3142fe891960a69526508c22cc61af275b6c6e2c2575b2556cf8338fb5,not applicable,AGPL-3.0-or-later (project author),Derived 512 px albedo map; regenerate only by rebuilding and importing craft_boda.glb.,approved - derived from task-authorized P2-065 craft_boda production kit
assets.props.architecture.houses.craft_boda.craft_boda_craftbodareedthatch_albedo,assets/props/architecture/houses/craft_boda/craft_boda_CraftBodaReedThatch_albedo.jpg,project maintainer,Embedded in craft_boda.glb; Godot 4.7 import extraction,Embedded albedo extracted from craft_boda.glb by Godot 4.7 import; texture SHA-256 f9ef8aad0d8be3bc466488f8f38fbe3d30737286960bf8e39ebe4af3780ccf3f,not applicable,AGPL-3.0-or-later (project author),Derived 512 px albedo map; regenerate only by rebuilding and importing craft_boda.glb.,approved - derived from task-authorized P2-065 craft_boda production kit
assets.props.architecture.houses.craft_boda.craft_boda_craftbodareedthatch_normal,assets/props/architecture/houses/craft_boda/craft_boda_CraftBodaReedThatch_normal.jpg,project maintainer,Embedded in craft_boda.glb; Godot 4.7 import extraction,Embedded normal extracted from craft_boda.glb by Godot 4.7 import; texture SHA-256 7a37b0f16eefdce7350f9981e6f2420406de1d74523366b3bb56394e3f59acfa,not applicable,AGPL-3.0-or-later (project author),Derived 512 px normal map; regenerate only by rebuilding and importing craft_boda.glb.,approved - derived from task-authorized P2-065 craft_boda production kit
assets.props.architecture.houses.craft_boda.craft_boda_craftbodawroughtiron_albedo,assets/props/architecture/houses/craft_boda/craft_boda_CraftBodaWroughtIron_albedo.jpg,project maintainer,Embedded in craft_boda.glb; Godot 4.7 import extraction,Embedded albedo extracted from craft_boda.glb by Godot 4.7 import; texture SHA-256 599c0ed3de8274b094cfe46d852fa749577c7210d92311e91d900a455eb60dac,not applicable,AGPL-3.0-or-later (project author),Derived 512 px albedo map; regenerate only by rebuilding and importing craft_boda.glb.,approved - derived from task-authorized P2-065 craft_boda production kit
assets.props.architecture.houses.craft_boda.craft_boda_craftbodawroughtiron_normal,assets/props/architecture/houses/craft_boda/craft_boda_CraftBodaWroughtIron_normal.jpg,project maintainer,Embedded in craft_boda.glb; Godot 4.7 import extraction,Embedded normal extracted from craft_boda.glb by Godot 4.7 import; texture SHA-256 8fdd4e13a0c32cc9f309885555dd395b6c74a47804b5441cb8d97bbdaab009f1,not applicable,AGPL-3.0-or-later (project author),Derived 512 px normal map; regenerate only by rebuilding and importing craft_boda.glb.,approved - derived from task-authorized P2-065 craft_boda production kit
assets.props.architecture.houses.craft_boda.craft_boda_pentice,assets/props/architecture/houses/craft_boda/craft_boda_pentice.glb,project maintainer,tools/generate_burgher_house_craft_boda.py with Blender 5.2 LTS,Deterministic worn Reval 1343 P2-065 craft_boda exterior (log_shingle_pentice); generator evidence SHA-256 b74c63cc4bb459b474515a86bd7c1c699e3a7b9500ee52ec3906184a57c278d4,not applicable,AGPL-3.0-or-later (project author),Procedurally modeled worn 1343 log_shingle_pentice exterior (wall_finish=moss_caulked_logs; roof=split_shingle; storeys=1); 10364 triangles; embedded 512 px albedo and normal maps.,approved - task-authorized P2-065 craft_boda production kit
assets.props.architecture.houses.craft_boda.craft_boda_pentice_craftbodaboards_albedo,assets/props/architecture/houses/craft_boda/craft_boda_pentice_CraftBodaBoards_albedo.jpg,project maintainer,Embedded in craft_boda_pentice.glb; Godot 4.7 import extraction,Embedded albedo extracted from craft_boda_pentice.glb by Godot 4.7 import; texture SHA-256 59ece4b92895d5293d888deadd9d41317d22a74756ccbf788d189baa47ac7e4b,not applicable,AGPL-3.0-or-later (project author),Derived 512 px albedo map; regenerate only by rebuilding and importing craft_boda_pentice.glb.,approved - derived from task-authorized P2-065 craft_boda production kit
assets.props.architecture.houses.craft_boda.craft_boda_pentice_craftbodaboards_normal,assets/props/architecture/houses/craft_boda/craft_boda_pentice_CraftBodaBoards_normal.jpg,project maintainer,Embedded in craft_boda_pentice.glb; Godot 4.7 import extraction,Embedded normal extracted from craft_boda_pentice.glb by Godot 4.7 import; texture SHA-256 2484d01e19f4b299be8ac5d26926cff6d17fc4c6f18e0e2fc38402b0b6fd7ca8,not applicable,AGPL-3.0-or-later (project author),Derived 512 px normal map; regenerate only by rebuilding and importing craft_boda_pentice.glb.,approved - derived from task-authorized P2-065 craft_boda production kit
assets.props.architecture.houses.craft_boda.craft_boda_pentice_craftbodalimestonedressed_albedo,assets/props/architecture/houses/craft_boda/craft_boda_pentice_CraftBodaLimestoneDressed_albedo.jpg,project maintainer,Embedded in craft_boda_pentice.glb; Godot 4.7 import extraction,Embedded albedo extracted from craft_boda_pentice.glb by Godot 4.7 import; texture SHA-256 3ca6adf4d5866c9f714a2a3ffd586e33621bba2f031327a803ef36ad47f43888,not applicable,AGPL-3.0-or-later (project author),Derived 512 px albedo map; regenerate only by rebuilding and importing craft_boda_pentice.glb.,approved - derived from task-authorized P2-065 craft_boda production kit
assets.props.architecture.houses.craft_boda.craft_boda_pentice_craftbodalimestonedressed_normal,assets/props/architecture/houses/craft_boda/craft_boda_pentice_CraftBodaLimestoneDressed_normal.jpg,project maintainer,Embedded in craft_boda_pentice.glb; Godot 4.7 import extraction,Embedded normal extracted from craft_boda_pentice.glb by Godot 4.7 import; texture SHA-256 7027a1130986618c0c09ae815e74127c76cf069f65a162cb21b3f7ed10675561,not applicable,AGPL-3.0-or-later (project author),Derived 512 px normal map; regenerate only by rebuilding and importing craft_boda_pentice.glb.,approved - derived from task-authorized P2-065 craft_boda production kit
assets.props.architecture.houses.craft_boda.craft_boda_pentice_craftbodalimestoneplinth_albedo,assets/props/architecture/houses/craft_boda/craft_boda_pentice_CraftBodaLimestonePlinth_albedo.jpg,project maintainer,Embedded in craft_boda_pentice.glb; Godot 4.7 import extraction,Embedded albedo extracted from craft_boda_pentice.glb by Godot 4.7 import; texture SHA-256 c9fb73fd6a6260f3a56a993e274cb366a12e34993f862b3770ea3bea225bbb25,not applicable,AGPL-3.0-or-later (project author),Derived 512 px albedo map; regenerate only by rebuilding and importing craft_boda_pentice.glb.,approved - derived from task-authorized P2-065 craft_boda production kit
assets.props.architecture.houses.craft_boda.craft_boda_pentice_craftbodalimestoneplinth_normal,assets/props/architecture/houses/craft_boda/craft_boda_pentice_CraftBodaLimestonePlinth_normal.jpg,project maintainer,Embedded in craft_boda_pentice.glb; Godot 4.7 import extraction,Embedded normal extracted from craft_boda_pentice.glb by Godot 4.7 import; texture SHA-256 a0a1b5a294915e03c5cdde6def93d8f0c045907c987e64234cb32201ea01f796,not applicable,AGPL-3.0-or-later (project author),Derived 512 px normal map; regenerate only by rebuilding and importing craft_boda_pentice.glb.,approved - derived from task-authorized P2-065 craft_boda production kit
assets.props.architecture.houses.craft_boda.craft_boda_pentice_craftbodalimestonerubble_albedo,assets/props/architecture/houses/craft_boda/craft_boda_pentice_CraftBodaLimestoneRubble_albedo.jpg,project maintainer,Embedded in craft_boda_pentice.glb; Godot 4.7 import extraction,Embedded albedo extracted from craft_boda_pentice.glb by Godot 4.7 import; texture SHA-256 c0d0b6bb5e00a44bb384ccebf720a9abc45039e979e991e2d5c6a5be23e4dfa0,not applicable,AGPL-3.0-or-later (project author),Derived 512 px albedo map; regenerate only by rebuilding and importing craft_boda_pentice.glb.,approved - derived from task-authorized P2-065 craft_boda production kit
assets.props.architecture.houses.craft_boda.craft_boda_pentice_craftbodalimestonerubble_normal,assets/props/architecture/houses/craft_boda/craft_boda_pentice_CraftBodaLimestoneRubble_normal.jpg,project maintainer,Embedded in craft_boda_pentice.glb; Godot 4.7 import extraction,Embedded normal extracted from craft_boda_pentice.glb by Godot 4.7 import; texture SHA-256 4687b7c8649c66b02c5c2f5359e88e1b3b299eb8ab679825f8f639a47676ba61,not applicable,AGPL-3.0-or-later (project author),Derived 512 px normal map; regenerate only by rebuilding and importing craft_boda_pentice.glb.,approved - derived from task-authorized P2-065 craft_boda production kit
assets.props.architecture.houses.craft_boda.craft_boda_pentice_craftbodalog_albedo,assets/props/architecture/houses/craft_boda/craft_boda_pentice_CraftBodaLog_albedo.jpg,project maintainer,Embedded in craft_boda_pentice.glb; Godot 4.7 import extraction,Embedded albedo extracted from craft_boda_pentice.glb by Godot 4.7 import; texture SHA-256 566964a87c4e2d75729d8597e8cdb841e7492fd4fe3c4169f2053737ebbc50e4,not applicable,AGPL-3.0-or-later (project author),Derived 512 px albedo map; regenerate only by rebuilding and importing craft_boda_pentice.glb.,approved - derived from task-authorized P2-065 craft_boda production kit
assets.props.architecture.houses.craft_boda.craft_boda_pentice_craftbodalog_normal,assets/props/architecture/houses/craft_boda/craft_boda_pentice_CraftBodaLog_normal.jpg,project maintainer,Embedded in craft_boda_pentice.glb; Godot 4.7 import extraction,Embedded normal extracted from craft_boda_pentice.glb by Godot 4.7 import; texture SHA-256 594a2bc0695ca38d14d707b96f5fb22981b234c0bc1b5ad83f366fd80997505b,not applicable,AGPL-3.0-or-later (project author),Derived 512 px normal map; regenerate only by rebuilding and importing craft_boda_pentice.glb.,approved - derived from task-authorized P2-065 craft_boda production kit
assets.props.architecture.houses.craft_boda.craft_boda_pentice_craftbodamosscaulk_albedo,assets/props/architecture/houses/craft_boda/craft_boda_pentice_CraftBodaMossCaulk_albedo.jpg,project maintainer,Embedded in craft_boda_pentice.glb; Godot 4.7 import extraction,Embedded albedo extracted from craft_boda_pentice.glb by Godot 4.7 import; texture SHA-256 fede9a626c57e4653a1581a92a73c45a53c3f572b7eb7444ad0f8d68604d90e4,not applicable,AGPL-3.0-or-later (project author),Derived 512 px albedo map; regenerate only by rebuilding and importing craft_boda_pentice.glb.,approved - derived from task-authorized P2-065 craft_boda production kit
assets.props.architecture.houses.craft_boda.craft_boda_pentice_craftbodamosscaulk_normal,assets/props/architecture/houses/craft_boda/craft_boda_pentice_CraftBodaMossCaulk_normal.jpg,project maintainer,Embedded in craft_boda_pentice.glb; Godot 4.7 import extraction,Embedded normal extracted from craft_boda_pentice.glb by Godot 4.7 import; texture SHA-256 9cff1a7888709a4059bbe2a8e82e1bee1a08e569e4885ed9a67c4e1f0c864014,not applicable,AGPL-3.0-or-later (project author),Derived 512 px normal map; regenerate only by rebuilding and importing craft_boda_pentice.glb.,approved - derived from task-authorized P2-065 craft_boda production kit
assets.props.architecture.houses.craft_boda.craft_boda_pentice_craftbodaoakplank_albedo,assets/props/architecture/houses/craft_boda/craft_boda_pentice_CraftBodaOakPlank_albedo.jpg,project maintainer,Embedded in craft_boda_pentice.glb; Godot 4.7 import extraction,Embedded albedo extracted from craft_boda_pentice.glb by Godot 4.7 import; texture SHA-256 b06af4081003f42ea74f3efc8df5f5fd4337dbfdc66e8a772976f69bcf9afc56,not applicable,AGPL-3.0-or-later (project author),Derived 512 px albedo map; regenerate only by rebuilding and importing craft_boda_pentice.glb.,approved - derived from task-authorized P2-065 craft_boda production kit
assets.props.architecture.houses.craft_boda.craft_boda_pentice_craftbodaoakplank_normal,assets/props/architecture/houses/craft_boda/craft_boda_pentice_CraftBodaOakPlank_normal.jpg,project maintainer,Embedded in craft_boda_pentice.glb; Godot 4.7 import extraction,Embedded normal extracted from craft_boda_pentice.glb by Godot 4.7 import; texture SHA-256 49c17095ba2022d54c90b61e4e035d7682dcc5521dc01c834f677ac9add0889f,not applicable,AGPL-3.0-or-later (project author),Derived 512 px normal map; regenerate only by rebuilding and importing craft_boda_pentice.glb.,approved - derived from task-authorized P2-065 craft_boda production kit
assets.props.architecture.houses.craft_boda.craft_boda_pentice_craftbodaoakweathered_albedo,assets/props/architecture/houses/craft_boda/craft_boda_pentice_CraftBodaOakWeathered_albedo.jpg,project maintainer,Embedded in craft_boda_pentice.glb; Godot 4.7 import extraction,Embedded albedo extracted from craft_boda_pentice.glb by Godot 4.7 import; texture SHA-256 2a6e0a3c26fdc85627a19cac4711351ef8224f48718a658f83a1d1d597e7516b,not applicable,AGPL-3.0-or-later (project author),Derived 512 px albedo map; regenerate only by rebuilding and importing craft_boda_pentice.glb.,approved - derived from task-authorized P2-065 craft_boda production kit
assets.props.architecture.houses.craft_boda.craft_boda_pentice_craftbodaoakweathered_normal,assets/props/architecture/houses/craft_boda/craft_boda_pentice_CraftBodaOakWeathered_normal.jpg,project maintainer,Embedded in craft_boda_pentice.glb; Godot 4.7 import extraction,Embedded normal extracted from craft_boda_pentice.glb by Godot 4.7 import; texture SHA-256 131b27945bee71939be19879c786779b2ebc2f8eb49278336221309d26b72466,not applicable,AGPL-3.0-or-later (project author),Derived 512 px normal map; regenerate only by rebuilding and importing craft_boda_pentice.glb.,approved - derived from task-authorized P2-065 craft_boda production kit
assets.props.architecture.houses.craft_boda.craft_boda_pentice_craftbodarecess_albedo,assets/props/architecture/houses/craft_boda/craft_boda_pentice_CraftBodaRecess_albedo.jpg,project maintainer,Embedded in craft_boda_pentice.glb; Godot 4.7 import extraction,Embedded albedo extracted from craft_boda_pentice.glb by Godot 4.7 import; texture SHA-256 c3fcbd3142fe891960a69526508c22cc61af275b6c6e2c2575b2556cf8338fb5,not applicable,AGPL-3.0-or-later (project author),Derived 512 px albedo map; regenerate only by rebuilding and importing craft_boda_pentice.glb.,approved - derived from task-authorized P2-065 craft_boda production kit
assets.props.architecture.houses.craft_boda.craft_boda_pentice_craftbodawoodshingle_albedo,assets/props/architecture/houses/craft_boda/craft_boda_pentice_CraftBodaWoodShingle_albedo.jpg,project maintainer,Embedded in craft_boda_pentice.glb; Godot 4.7 import extraction,Embedded albedo extracted from craft_boda_pentice.glb by Godot 4.7 import; texture SHA-256 eb0a1881be18aed6feb01760f33bc3e0f3480a403e5c37cd8c956b82d6ab7218,not applicable,AGPL-3.0-or-later (project author),Derived 512 px albedo map; regenerate only by rebuilding and importing craft_boda_pentice.glb.,approved - derived from task-authorized P2-065 craft_boda production kit
assets.props.architecture.houses.craft_boda.craft_boda_pentice_craftbodawoodshingle_normal,assets/props/architecture/houses/craft_boda/craft_boda_pentice_CraftBodaWoodShingle_normal.jpg,project maintainer,Embedded in craft_boda_pentice.glb; Godot 4.7 import extraction,Embedded normal extracted from craft_boda_pentice.glb by Godot 4.7 import; texture SHA-256 72a9bc968ef2ecd6e199da89df21528a30c499f9ccdd710f7c9065b3e5242fd7,not applicable,AGPL-3.0-or-later (project author),Derived 512 px normal map; regenerate only by rebuilding and importing craft_boda_pentice.glb.,approved - derived from task-authorized P2-065 craft_boda production kit
assets.props.architecture.houses.craft_boda.craft_boda_pentice_craftbodawroughtiron_albedo,assets/props/architecture/houses/craft_boda/craft_boda_pentice_CraftBodaWroughtIron_albedo.jpg,project maintainer,Embedded in craft_boda_pentice.glb; Godot 4.7 import extraction,Embedded albedo extracted from craft_boda_pentice.glb by Godot 4.7 import; texture SHA-256 599c0ed3de8274b094cfe46d852fa749577c7210d92311e91d900a455eb60dac,not applicable,AGPL-3.0-or-later (project author),Derived 512 px albedo map; regenerate only by rebuilding and importing craft_boda_pentice.glb.,approved - derived from task-authorized P2-065 craft_boda production kit
assets.props.architecture.houses.craft_boda.craft_boda_pentice_craftbodawroughtiron_normal,assets/props/architecture/houses/craft_boda/craft_boda_pentice_CraftBodaWroughtIron_normal.jpg,project maintainer,Embedded in craft_boda_pentice.glb; Godot 4.7 import extraction,Embedded normal extracted from craft_boda_pentice.glb by Godot 4.7 import; texture SHA-256 8fdd4e13a0c32cc9f309885555dd395b6c74a47804b5441cb8d97bbdaab009f1,not applicable,AGPL-3.0-or-later (project author),Derived 512 px normal map; regenerate only by rebuilding and importing craft_boda_pentice.glb.,approved - derived from task-authorized P2-065 craft_boda production kit
assets.props.architecture.houses.merchant_stone.merchant_stone,assets/props/architecture/houses/merchant_stone/merchant_stone.glb,project maintainer,tools/generate_burgher_house_merchant_stone.py with Blender 5.2 LTS,Deterministic worn Reval 1343 P2-063 merchant_stone exterior (coursed_rubble); generator evidence SHA-256 e0c961b2b11bb19ae6a896067d00b82ac9331f94bc24588be7410ec5d8ee7fb7,not applicable,AGPL-3.0-or-later (project author),Procedurally modeled worn 1343 coursed_rubble exterior (wall_finish=rubble; roof=monk_and_nun_tile; storeys=3); 12532 triangles; embedded 512 px albedo and normal maps.,approved - task-authorized P2-063 merchant_stone production kit
assets.props.architecture.houses.merchant_stone.merchant_stone_merchantstoneclaytile_albedo,assets/props/architecture/houses/merchant_stone/merchant_stone_MerchantStoneClayTile_albedo.jpg,project maintainer,Embedded in merchant_stone.glb; Godot 4.7 import extraction,Embedded albedo extracted from merchant_stone.glb by Godot 4.7 import; texture SHA-256 09ca937167ff181d04a996e8888fa1ae48727d7d33b05721e52fd9c50d11e242,not applicable,AGPL-3.0-or-later (project author),Derived 512 px albedo map; regenerate only by rebuilding and importing merchant_stone.glb.,approved - derived from task-authorized P2-063 merchant_stone production kit
assets.props.architecture.houses.merchant_stone.merchant_stone_merchantstoneclaytile_normal,assets/props/architecture/houses/merchant_stone/merchant_stone_MerchantStoneClayTile_normal.jpg,project maintainer,Embedded in merchant_stone.glb; Godot 4.7 import extraction,Embedded normal extracted from merchant_stone.glb by Godot 4.7 import; texture SHA-256 cd4ff9c6c0e76f5838fa592c9424f2b95ffcc05f5d85aed81cc30296103b2346,not applicable,AGPL-3.0-or-later (project author),Derived 512 px normal map; regenerate only by rebuilding and importing merchant_stone.glb.,approved - derived from task-authorized P2-063 merchant_stone production kit
assets.props.architecture.houses.merchant_stone.merchant_stone_merchantstonelimestonedressed_albedo,assets/props/architecture/houses/merchant_stone/merchant_stone_MerchantStoneLimestoneDressed_albedo.jpg,project maintainer,Embedded in merchant_stone.glb; Godot 4.7 import extraction,Embedded albedo extracted from merchant_stone.glb by Godot 4.7 import; texture SHA-256 3880c20d24970a277da4a60748d75b155966bb7bb094b368d8af3536cec6b000,not applicable,AGPL-3.0-or-later (project author),Derived 512 px albedo map; regenerate only by rebuilding and importing merchant_stone.glb.,approved - derived from task-authorized P2-063 merchant_stone production kit
assets.props.architecture.houses.merchant_stone.merchant_stone_merchantstonelimestonedressed_normal,assets/props/architecture/houses/merchant_stone/merchant_stone_MerchantStoneLimestoneDressed_normal.jpg,project maintainer,Embedded in merchant_stone.glb; Godot 4.7 import extraction,Embedded normal extracted from merchant_stone.glb by Godot 4.7 import; texture SHA-256 8522c9f044a07d507cf2f59121ceaa704cedcabe1b41b82ebe27d81310b371f9,not applicable,AGPL-3.0-or-later (project author),Derived 512 px normal map; regenerate only by rebuilding and importing merchant_stone.glb.,approved - derived from task-authorized P2-063 merchant_stone production kit
assets.props.architecture.houses.merchant_stone.merchant_stone_merchantstonelimestoneplinth_albedo,assets/props/architecture/houses/merchant_stone/merchant_stone_MerchantStoneLimestonePlinth_albedo.jpg,project maintainer,Embedded in merchant_stone.glb; Godot 4.7 import extraction,Embedded albedo extracted from merchant_stone.glb by Godot 4.7 import; texture SHA-256 2837715c0778e3b7a43c20a2a7eee71397a9265175cd33dc93ebdbf16fde894f,not applicable,AGPL-3.0-or-later (project author),Derived 512 px albedo map; regenerate only by rebuilding and importing merchant_stone.glb.,approved - derived from task-authorized P2-063 merchant_stone production kit
assets.props.architecture.houses.merchant_stone.merchant_stone_merchantstonelimestoneplinth_normal,assets/props/architecture/houses/merchant_stone/merchant_stone_MerchantStoneLimestonePlinth_normal.jpg,project maintainer,Embedded in merchant_stone.glb; Godot 4.7 import extraction,Embedded normal extracted from merchant_stone.glb by Godot 4.7 import; texture SHA-256 89f43508115e10e7d3fe3a9b7ebdb73beb55faa2ec12b2b70bb876358402806e,not applicable,AGPL-3.0-or-later (project author),Derived 512 px normal map; regenerate only by rebuilding and importing merchant_stone.glb.,approved - derived from task-authorized P2-063 merchant_stone production kit
assets.props.architecture.houses.merchant_stone.merchant_stone_merchantstonelimestonerubble_albedo,assets/props/architecture/houses/merchant_stone/merchant_stone_MerchantStoneLimestoneRubble_albedo.jpg,project maintainer,Embedded in merchant_stone.glb; Godot 4.7 import extraction,Embedded albedo extracted from merchant_stone.glb by Godot 4.7 import; texture SHA-256 8156339de0ec7d5dcc956dcf05e47e47f65ac3419ea01f302ff975afc4f04724,not applicable,AGPL-3.0-or-later (project author),Derived 512 px albedo map; regenerate only by rebuilding and importing merchant_stone.glb.,approved - derived from task-authorized P2-063 merchant_stone production kit
assets.props.architecture.houses.merchant_stone.merchant_stone_merchantstonelimestonerubble_normal,assets/props/architecture/houses/merchant_stone/merchant_stone_MerchantStoneLimestoneRubble_normal.jpg,project maintainer,Embedded in merchant_stone.glb; Godot 4.7 import extraction,Embedded normal extracted from merchant_stone.glb by Godot 4.7 import; texture SHA-256 66a10bd9246177792cee585e0361f159c10978205847dd5d38542b66d88e3c2c,not applicable,AGPL-3.0-or-later (project author),Derived 512 px normal map; regenerate only by rebuilding and importing merchant_stone.glb.,approved - derived from task-authorized P2-063 merchant_stone production kit
assets.props.architecture.houses.merchant_stone.merchant_stone_merchantstoneoakplank_albedo,assets/props/architecture/houses/merchant_stone/merchant_stone_MerchantStoneOakPlank_albedo.jpg,project maintainer,Embedded in merchant_stone.glb; Godot 4.7 import extraction,Embedded albedo extracted from merchant_stone.glb by Godot 4.7 import; texture SHA-256 76e7b3d39404813771ded5ed74b82bfda5c05c69c7f79aca3166e7e666747004,not applicable,AGPL-3.0-or-later (project author),Derived 512 px albedo map; regenerate only by rebuilding and importing merchant_stone.glb.,approved - derived from task-authorized P2-063 merchant_stone production kit
assets.props.architecture.houses.merchant_stone.merchant_stone_merchantstoneoakplank_normal,assets/props/architecture/houses/merchant_stone/merchant_stone_MerchantStoneOakPlank_normal.jpg,project maintainer,Embedded in merchant_stone.glb; Godot 4.7 import extraction,Embedded normal extracted from merchant_stone.glb by Godot 4.7 import; texture SHA-256 736159bb48c13fe8883964fd9e73957b740fa0cca545b766f5fa1a69735cb3be,not applicable,AGPL-3.0-or-later (project author),Derived 512 px normal map; regenerate only by rebuilding and importing merchant_stone.glb.,approved - derived from task-authorized P2-063 merchant_stone production kit
assets.props.architecture.houses.merchant_stone.merchant_stone_merchantstoneoakweathered_albedo,assets/props/architecture/houses/merchant_stone/merchant_stone_MerchantStoneOakWeathered_albedo.jpg,project maintainer,Embedded in merchant_stone.glb; Godot 4.7 import extraction,Embedded albedo extracted from merchant_stone.glb by Godot 4.7 import; texture SHA-256 1562dec5bee7a754dc4de60feeab7d3de6926f5502882d5566ecf10e63b47991,not applicable,AGPL-3.0-or-later (project author),Derived 512 px albedo map; regenerate only by rebuilding and importing merchant_stone.glb.,approved - derived from task-authorized P2-063 merchant_stone production kit
assets.props.architecture.houses.merchant_stone.merchant_stone_merchantstoneoakweathered_normal,assets/props/architecture/houses/merchant_stone/merchant_stone_MerchantStoneOakWeathered_normal.jpg,project maintainer,Embedded in merchant_stone.glb; Godot 4.7 import extraction,Embedded normal extracted from merchant_stone.glb by Godot 4.7 import; texture SHA-256 8247e320bd1a5cda96ea33f978da7bebc69b39cb8b5f5fa9ba3ce214892eaa98,not applicable,AGPL-3.0-or-later (project author),Derived 512 px normal map; regenerate only by rebuilding and importing merchant_stone.glb.,approved - derived from task-authorized P2-063 merchant_stone production kit
assets.props.architecture.houses.merchant_stone.merchant_stone_merchantstonerecess_albedo,assets/props/architecture/houses/merchant_stone/merchant_stone_MerchantStoneRecess_albedo.jpg,project maintainer,Embedded in merchant_stone.glb; Godot 4.7 import extraction,Embedded albedo extracted from merchant_stone.glb by Godot 4.7 import; texture SHA-256 bb76b4f7de3f8375b5eb1d81c769a0b7e1eb39e924825b5ac5ea17965249c1ef,not applicable,AGPL-3.0-or-later (project author),Derived 512 px albedo map; regenerate only by rebuilding and importing merchant_stone.glb.,approved - derived from task-authorized P2-063 merchant_stone production kit
assets.props.architecture.houses.merchant_stone.merchant_stone_merchantstonerope_albedo,assets/props/architecture/houses/merchant_stone/merchant_stone_MerchantStoneRope_albedo.jpg,project maintainer,Embedded in merchant_stone.glb; Godot 4.7 import extraction,Embedded albedo extracted from merchant_stone.glb by Godot 4.7 import; texture SHA-256 fa7395f71df75a4d19ceac1410826e6fc78688e9984e6b3cdc85dd1536d37486,not applicable,AGPL-3.0-or-later (project author),Derived 512 px albedo map; regenerate only by rebuilding and importing merchant_stone.glb.,approved - derived from task-authorized P2-063 merchant_stone production kit
assets.props.architecture.houses.merchant_stone.merchant_stone_merchantstonerope_normal,assets/props/architecture/houses/merchant_stone/merchant_stone_MerchantStoneRope_normal.jpg,project maintainer,Embedded in merchant_stone.glb; Godot 4.7 import extraction,Embedded normal extracted from merchant_stone.glb by Godot 4.7 import; texture SHA-256 f894d742f8d4df1175041b9bb061ac15da15a53bf521dcc58d945d84d3047fe2,not applicable,AGPL-3.0-or-later (project author),Derived 512 px normal map; regenerate only by rebuilding and importing merchant_stone.glb.,approved - derived from task-authorized P2-063 merchant_stone production kit
assets.props.architecture.houses.merchant_stone.merchant_stone_merchantstonewroughtiron_albedo,assets/props/architecture/houses/merchant_stone/merchant_stone_MerchantStoneWroughtIron_albedo.jpg,project maintainer,Embedded in merchant_stone.glb; Godot 4.7 import extraction,Embedded albedo extracted from merchant_stone.glb by Godot 4.7 import; texture SHA-256 09c738dd00bb40f08f119d2863d54a920035f78feb9757588217ff7847b4bc84,not applicable,AGPL-3.0-or-later (project author),Derived 512 px albedo map; regenerate only by rebuilding and importing merchant_stone.glb.,approved - derived from task-authorized P2-063 merchant_stone production kit
assets.props.architecture.houses.merchant_stone.merchant_stone_merchantstonewroughtiron_normal,assets/props/architecture/houses/merchant_stone/merchant_stone_MerchantStoneWroughtIron_normal.jpg,project maintainer,Embedded in merchant_stone.glb; Godot 4.7 import extraction,Embedded normal extracted from merchant_stone.glb by Godot 4.7 import; texture SHA-256 82df173eb23e1ac18913d5cae9ceae0ffee468c46c172e2d5a8832d344bb5f11,not applicable,AGPL-3.0-or-later (project author),Derived 512 px normal map; regenerate only by rebuilding and importing merchant_stone.glb.,approved - derived from task-authorized P2-063 merchant_stone production kit
assets.props.architecture.houses.merchant_stone.merchant_stone_rendered,assets/props/architecture/houses/merchant_stone/merchant_stone_rendered.glb,project maintainer,tools/generate_burgher_house_merchant_stone.py with Blender 5.2 LTS,Deterministic worn Reval 1343 P2-063 merchant_stone exterior (lime_rendered_wide); generator evidence SHA-256 c9af54e3d4daf1e700192d3aaad673b1ec67ac9230e932d1323803ef284ae13c,not applicable,AGPL-3.0-or-later (project author),Procedurally modeled worn 1343 lime_rendered_wide exterior (wall_finish=render; roof=monk_and_nun_tile; storeys=2); 12112 triangles; embedded 512 px albedo and normal maps.,approved - task-authorized P2-063 merchant_stone production kit
assets.props.architecture.houses.merchant_stone.merchant_stone_rendered_merchantstoneclaytile_albedo,assets/props/architecture/houses/merchant_stone/merchant_stone_rendered_MerchantStoneClayTile_albedo.jpg,project maintainer,Embedded in merchant_stone_rendered.glb; Godot 4.7 import extraction,Embedded albedo extracted from merchant_stone_rendered.glb by Godot 4.7 import; texture SHA-256 09ca937167ff181d04a996e8888fa1ae48727d7d33b05721e52fd9c50d11e242,not applicable,AGPL-3.0-or-later (project author),Derived 512 px albedo map; regenerate only by rebuilding and importing merchant_stone_rendered.glb.,approved - derived from task-authorized P2-063 merchant_stone production kit
assets.props.architecture.houses.merchant_stone.merchant_stone_rendered_merchantstoneclaytile_normal,assets/props/architecture/houses/merchant_stone/merchant_stone_rendered_MerchantStoneClayTile_normal.jpg,project maintainer,Embedded in merchant_stone_rendered.glb; Godot 4.7 import extraction,Embedded normal extracted from merchant_stone_rendered.glb by Godot 4.7 import; texture SHA-256 cd4ff9c6c0e76f5838fa592c9424f2b95ffcc05f5d85aed81cc30296103b2346,not applicable,AGPL-3.0-or-later (project author),Derived 512 px normal map; regenerate only by rebuilding and importing merchant_stone_rendered.glb.,approved - derived from task-authorized P2-063 merchant_stone production kit
assets.props.architecture.houses.merchant_stone.merchant_stone_rendered_merchantstonelimerender_albedo,assets/props/architecture/houses/merchant_stone/merchant_stone_rendered_MerchantStoneLimeRender_albedo.jpg,project maintainer,Embedded in merchant_stone_rendered.glb; Godot 4.7 import extraction,Embedded albedo extracted from merchant_stone_rendered.glb by Godot 4.7 import; texture SHA-256 30d870bb80ae0be3fc183680cc8ae61410c6b6303b8347f38b40f852a6416d1d,not applicable,AGPL-3.0-or-later (project author),Derived 512 px albedo map; regenerate only by rebuilding and importing merchant_stone_rendered.glb.,approved - derived from task-authorized P2-063 merchant_stone production kit
assets.props.architecture.houses.merchant_stone.merchant_stone_rendered_merchantstonelimerender_normal,assets/props/architecture/houses/merchant_stone/merchant_stone_rendered_MerchantStoneLimeRender_normal.jpg,project maintainer,Embedded in merchant_stone_rendered.glb; Godot 4.7 import extraction,Embedded normal extracted from merchant_stone_rendered.glb by Godot 4.7 import; texture SHA-256 07f04c39af0241a6dd7b2ea68f18c8586688911e9a77720e7c05107b924c8853,not applicable,AGPL-3.0-or-later (project author),Derived 512 px normal map; regenerate only by rebuilding and importing merchant_stone_rendered.glb.,approved - derived from task-authorized P2-063 merchant_stone production kit
assets.props.architecture.houses.merchant_stone.merchant_stone_rendered_merchantstonelimestonedressed_albedo,assets/props/architecture/houses/merchant_stone/merchant_stone_rendered_MerchantStoneLimestoneDressed_albedo.jpg,project maintainer,Embedded in merchant_stone_rendered.glb; Godot 4.7 import extraction,Embedded albedo extracted from merchant_stone_rendered.glb by Godot 4.7 import; texture SHA-256 3880c20d24970a277da4a60748d75b155966bb7bb094b368d8af3536cec6b000,not applicable,AGPL-3.0-or-later (project author),Derived 512 px albedo map; regenerate only by rebuilding and importing merchant_stone_rendered.glb.,approved - derived from task-authorized P2-063 merchant_stone production kit
assets.props.architecture.houses.merchant_stone.merchant_stone_rendered_merchantstonelimestonedressed_normal,assets/props/architecture/houses/merchant_stone/merchant_stone_rendered_MerchantStoneLimestoneDressed_normal.jpg,project maintainer,Embedded in merchant_stone_rendered.glb; Godot 4.7 import extraction,Embedded normal extracted from merchant_stone_rendered.glb by Godot 4.7 import; texture SHA-256 8522c9f044a07d507cf2f59121ceaa704cedcabe1b41b82ebe27d81310b371f9,not applicable,AGPL-3.0-or-later (project author),Derived 512 px normal map; regenerate only by rebuilding and importing merchant_stone_rendered.glb.,approved - derived from task-authorized P2-063 merchant_stone production kit
assets.props.architecture.houses.merchant_stone.merchant_stone_rendered_merchantstonelimestoneplinth_albedo,assets/props/architecture/houses/merchant_stone/merchant_stone_rendered_MerchantStoneLimestonePlinth_albedo.jpg,project maintainer,Embedded in merchant_stone_rendered.glb; Godot 4.7 import extraction,Embedded albedo extracted from merchant_stone_rendered.glb by Godot 4.7 import; texture SHA-256 2837715c0778e3b7a43c20a2a7eee71397a9265175cd33dc93ebdbf16fde894f,not applicable,AGPL-3.0-or-later (project author),Derived 512 px albedo map; regenerate only by rebuilding and importing merchant_stone_rendered.glb.,approved - derived from task-authorized P2-063 merchant_stone production kit
assets.props.architecture.houses.merchant_stone.merchant_stone_rendered_merchantstonelimestoneplinth_normal,assets/props/architecture/houses/merchant_stone/merchant_stone_rendered_MerchantStoneLimestonePlinth_normal.jpg,project maintainer,Embedded in merchant_stone_rendered.glb; Godot 4.7 import extraction,Embedded normal extracted from merchant_stone_rendered.glb by Godot 4.7 import; texture SHA-256 89f43508115e10e7d3fe3a9b7ebdb73beb55faa2ec12b2b70bb876358402806e,not applicable,AGPL-3.0-or-later (project author),Derived 512 px normal map; regenerate only by rebuilding and importing merchant_stone_rendered.glb.,approved - derived from task-authorized P2-063 merchant_stone production kit
assets.props.architecture.houses.merchant_stone.merchant_stone_rendered_merchantstonelimestonerubble_albedo,assets/props/architecture/houses/merchant_stone/merchant_stone_rendered_MerchantStoneLimestoneRubble_albedo.jpg,project maintainer,Embedded in merchant_stone_rendered.glb; Godot 4.7 import extraction,Embedded albedo extracted from merchant_stone_rendered.glb by Godot 4.7 import; texture SHA-256 8156339de0ec7d5dcc956dcf05e47e47f65ac3419ea01f302ff975afc4f04724,not applicable,AGPL-3.0-or-later (project author),Derived 512 px albedo map; regenerate only by rebuilding and importing merchant_stone_rendered.glb.,approved - derived from task-authorized P2-063 merchant_stone production kit
assets.props.architecture.houses.merchant_stone.merchant_stone_rendered_merchantstonelimestonerubble_normal,assets/props/architecture/houses/merchant_stone/merchant_stone_rendered_MerchantStoneLimestoneRubble_normal.jpg,project maintainer,Embedded in merchant_stone_rendered.glb; Godot 4.7 import extraction,Embedded normal extracted from merchant_stone_rendered.glb by Godot 4.7 import; texture SHA-256 66a10bd9246177792cee585e0361f159c10978205847dd5d38542b66d88e3c2c,not applicable,AGPL-3.0-or-later (project author),Derived 512 px normal map; regenerate only by rebuilding and importing merchant_stone_rendered.glb.,approved - derived from task-authorized P2-063 merchant_stone production kit
assets.props.architecture.houses.merchant_stone.merchant_stone_rendered_merchantstoneoakplank_albedo,assets/props/architecture/houses/merchant_stone/merchant_stone_rendered_MerchantStoneOakPlank_albedo.jpg,project maintainer,Embedded in merchant_stone_rendered.glb; Godot 4.7 import extraction,Embedded albedo extracted from merchant_stone_rendered.glb by Godot 4.7 import; texture SHA-256 76e7b3d39404813771ded5ed74b82bfda5c05c69c7f79aca3166e7e666747004,not applicable,AGPL-3.0-or-later (project author),Derived 512 px albedo map; regenerate only by rebuilding and importing merchant_stone_rendered.glb.,approved - derived from task-authorized P2-063 merchant_stone production kit
assets.props.architecture.houses.merchant_stone.merchant_stone_rendered_merchantstoneoakplank_normal,assets/props/architecture/houses/merchant_stone/merchant_stone_rendered_MerchantStoneOakPlank_normal.jpg,project maintainer,Embedded in merchant_stone_rendered.glb; Godot 4.7 import extraction,Embedded normal extracted from merchant_stone_rendered.glb by Godot 4.7 import; texture SHA-256 736159bb48c13fe8883964fd9e73957b740fa0cca545b766f5fa1a69735cb3be,not applicable,AGPL-3.0-or-later (project author),Derived 512 px normal map; regenerate only by rebuilding and importing merchant_stone_rendered.glb.,approved - derived from task-authorized P2-063 merchant_stone production kit
assets.props.architecture.houses.merchant_stone.merchant_stone_rendered_merchantstoneoakweathered_albedo,assets/props/architecture/houses/merchant_stone/merchant_stone_rendered_MerchantStoneOakWeathered_albedo.jpg,project maintainer,Embedded in merchant_stone_rendered.glb; Godot 4.7 import extraction,Embedded albedo extracted from merchant_stone_rendered.glb by Godot 4.7 import; texture SHA-256 1562dec5bee7a754dc4de60feeab7d3de6926f5502882d5566ecf10e63b47991,not applicable,AGPL-3.0-or-later (project author),Derived 512 px albedo map; regenerate only by rebuilding and importing merchant_stone_rendered.glb.,approved - derived from task-authorized P2-063 merchant_stone production kit
assets.props.architecture.houses.merchant_stone.merchant_stone_rendered_merchantstoneoakweathered_normal,assets/props/architecture/houses/merchant_stone/merchant_stone_rendered_MerchantStoneOakWeathered_normal.jpg,project maintainer,Embedded in merchant_stone_rendered.glb; Godot 4.7 import extraction,Embedded normal extracted from merchant_stone_rendered.glb by Godot 4.7 import; texture SHA-256 8247e320bd1a5cda96ea33f978da7bebc69b39cb8b5f5fa9ba3ce214892eaa98,not applicable,AGPL-3.0-or-later (project author),Derived 512 px normal map; regenerate only by rebuilding and importing merchant_stone_rendered.glb.,approved - derived from task-authorized P2-063 merchant_stone production kit
assets.props.architecture.houses.merchant_stone.merchant_stone_rendered_merchantstonerecess_albedo,assets/props/architecture/houses/merchant_stone/merchant_stone_rendered_MerchantStoneRecess_albedo.jpg,project maintainer,Embedded in merchant_stone_rendered.glb; Godot 4.7 import extraction,Embedded albedo extracted from merchant_stone_rendered.glb by Godot 4.7 import; texture SHA-256 bb76b4f7de3f8375b5eb1d81c769a0b7e1eb39e924825b5ac5ea17965249c1ef,not applicable,AGPL-3.0-or-later (project author),Derived 512 px albedo map; regenerate only by rebuilding and importing merchant_stone_rendered.glb.,approved - derived from task-authorized P2-063 merchant_stone production kit
assets.props.architecture.houses.merchant_stone.merchant_stone_rendered_merchantstonerope_albedo,assets/props/architecture/houses/merchant_stone/merchant_stone_rendered_MerchantStoneRope_albedo.jpg,project maintainer,Embedded in merchant_stone_rendered.glb; Godot 4.7 import extraction,Embedded albedo extracted from merchant_stone_rendered.glb by Godot 4.7 import; texture SHA-256 fa7395f71df75a4d19ceac1410826e6fc78688e9984e6b3cdc85dd1536d37486,not applicable,AGPL-3.0-or-later (project author),Derived 512 px albedo map; regenerate only by rebuilding and importing merchant_stone_rendered.glb.,approved - derived from task-authorized P2-063 merchant_stone production kit
assets.props.architecture.houses.merchant_stone.merchant_stone_rendered_merchantstonerope_normal,assets/props/architecture/houses/merchant_stone/merchant_stone_rendered_MerchantStoneRope_normal.jpg,project maintainer,Embedded in merchant_stone_rendered.glb; Godot 4.7 import extraction,Embedded normal extracted from merchant_stone_rendered.glb by Godot 4.7 import; texture SHA-256 f894d742f8d4df1175041b9bb061ac15da15a53bf521dcc58d945d84d3047fe2,not applicable,AGPL-3.0-or-later (project author),Derived 512 px normal map; regenerate only by rebuilding and importing merchant_stone_rendered.glb.,approved - derived from task-authorized P2-063 merchant_stone production kit
assets.props.architecture.houses.merchant_stone.merchant_stone_rendered_merchantstonewroughtiron_albedo,assets/props/architecture/houses/merchant_stone/merchant_stone_rendered_MerchantStoneWroughtIron_albedo.jpg,project maintainer,Embedded in merchant_stone_rendered.glb; Godot 4.7 import extraction,Embedded albedo extracted from merchant_stone_rendered.glb by Godot 4.7 import; texture SHA-256 09c738dd00bb40f08f119d2863d54a920035f78feb9757588217ff7847b4bc84,not applicable,AGPL-3.0-or-later (project author),Derived 512 px albedo map; regenerate only by rebuilding and importing merchant_stone_rendered.glb.,approved - derived from task-authorized P2-063 merchant_stone production kit
assets.props.architecture.houses.merchant_stone.merchant_stone_rendered_merchantstonewroughtiron_normal,assets/props/architecture/houses/merchant_stone/merchant_stone_rendered_MerchantStoneWroughtIron_normal.jpg,project maintainer,Embedded in merchant_stone_rendered.glb; Godot 4.7 import extraction,Embedded normal extracted from merchant_stone_rendered.glb by Godot 4.7 import; texture SHA-256 82df173eb23e1ac18913d5cae9ceae0ffee468c46c172e2d5a8832d344bb5f11,not applicable,AGPL-3.0-or-later (project author),Derived 512 px normal map; regenerate only by rebuilding and importing merchant_stone_rendered.glb.,approved - derived from task-authorized P2-063 merchant_stone production kit
assets.props.architecture.houses.merchant_timber.merchant_timber,assets/props/architecture/houses/merchant_timber/merchant_timber.glb,project maintainer,tools/generate_burgher_house_merchant_timber.py with Blender 5.2 LTS,Deterministic worn Reval 1343 P2-064 merchant_timber exterior (timber_frame); generator evidence SHA-256 0363140f84f0d0a81328ca1e119fbcc1cef274a6a84594db6ca0c39057a1c21a,not applicable,AGPL-3.0-or-later (project author),Procedurally modeled worn 1343 timber_frame exterior (wall_finish=limewashed_wattle_and_daub; roof=split_shingle; storeys=2); 12876 triangles; embedded 512 px albedo and normal maps.,approved - task-authorized P2-064 merchant_timber production kit
assets.props.architecture.houses.merchant_timber.merchant_timber_log,assets/props/architecture/houses/merchant_timber/merchant_timber_log.glb,project maintainer,tools/generate_burgher_house_merchant_timber.py with Blender 5.2 LTS,Deterministic worn Reval 1343 P2-064 merchant_timber exterior (horizontal_log); generator evidence SHA-256 744aa1a5d222da93079ac33756356cfc94a28224025167c892e2b5c400da7bc5,not applicable,AGPL-3.0-or-later (project author),Procedurally modeled worn 1343 horizontal_log exterior (wall_finish=moss_caulked_logs; roof=split_shingle; storeys=2); 15656 triangles; embedded 512 px albedo and normal maps.,approved - task-authorized P2-064 merchant_timber production kit
assets.props.architecture.houses.merchant_timber.merchant_timber_log_merchanttimberboards_albedo,assets/props/architecture/houses/merchant_timber/merchant_timber_log_MerchantTimberBoards_albedo.jpg,project maintainer,Embedded in merchant_timber_log.glb; Godot 4.7 import extraction,Embedded albedo extracted from merchant_timber_log.glb by Godot 4.7 import; texture SHA-256 8db35809d12f6a9519f783bf0cfaf45cb62d207e983532bf58e29e48efd8e1cc,not applicable,AGPL-3.0-or-later (project author),Derived 512 px albedo map; regenerate only by rebuilding and importing merchant_timber_log.glb.,approved - derived from task-authorized P2-064 merchant_timber production kit
assets.props.architecture.houses.merchant_timber.merchant_timber_log_merchanttimberboards_normal,assets/props/architecture/houses/merchant_timber/merchant_timber_log_MerchantTimberBoards_normal.jpg,project maintainer,Embedded in merchant_timber_log.glb; Godot 4.7 import extraction,Embedded normal extracted from merchant_timber_log.glb by Godot 4.7 import; texture SHA-256 42faa8529c046c236b6a4f6c48bb87efc4bcc3ee62a563e6e21636f47bf1d593,not applicable,AGPL-3.0-or-later (project author),Derived 512 px normal map; regenerate only by rebuilding and importing merchant_timber_log.glb.,approved - derived from task-authorized P2-064 merchant_timber production kit
assets.props.architecture.houses.merchant_timber.merchant_timber_log_merchanttimberlimestonedressed_albedo,assets/props/architecture/houses/merchant_timber/merchant_timber_log_MerchantTimberLimestoneDressed_albedo.jpg,project maintainer,Embedded in merchant_timber_log.glb; Godot 4.7 import extraction,Embedded albedo extracted from merchant_timber_log.glb by Godot 4.7 import; texture SHA-256 14019e76b3847f2c8ff2d04ce39dd9d0eba5c04f2a23209955623ae5d66fdd98,not applicable,AGPL-3.0-or-later (project author),Derived 512 px albedo map; regenerate only by rebuilding and importing merchant_timber_log.glb.,approved - derived from task-authorized P2-064 merchant_timber production kit
assets.props.architecture.houses.merchant_timber.merchant_timber_log_merchanttimberlimestonedressed_normal,assets/props/architecture/houses/merchant_timber/merchant_timber_log_MerchantTimberLimestoneDressed_normal.jpg,project maintainer,Embedded in merchant_timber_log.glb; Godot 4.7 import extraction,Embedded normal extracted from merchant_timber_log.glb by Godot 4.7 import; texture SHA-256 99ea30706d47b490d9eae8a1221162f260c2a4afacefb163fc58f39ca4225a70,not applicable,AGPL-3.0-or-later (project author),Derived 512 px normal map; regenerate only by rebuilding and importing merchant_timber_log.glb.,approved - derived from task-authorized P2-064 merchant_timber production kit
assets.props.architecture.houses.merchant_timber.merchant_timber_log_merchanttimberlimestoneplinth_albedo,assets/props/architecture/houses/merchant_timber/merchant_timber_log_MerchantTimberLimestonePlinth_albedo.jpg,project maintainer,Embedded in merchant_timber_log.glb; Godot 4.7 import extraction,Embedded albedo extracted from merchant_timber_log.glb by Godot 4.7 import; texture SHA-256 c76d15e9ad1124157dbb5db1ec523dc3186bd6fcb91eb3fc54a8bb46f38a2f93,not applicable,AGPL-3.0-or-later (project author),Derived 512 px albedo map; regenerate only by rebuilding and importing merchant_timber_log.glb.,approved - derived from task-authorized P2-064 merchant_timber production kit
assets.props.architecture.houses.merchant_timber.merchant_timber_log_merchanttimberlimestoneplinth_normal,assets/props/architecture/houses/merchant_timber/merchant_timber_log_MerchantTimberLimestonePlinth_normal.jpg,project maintainer,Embedded in merchant_timber_log.glb; Godot 4.7 import extraction,Embedded normal extracted from merchant_timber_log.glb by Godot 4.7 import; texture SHA-256 713700edfdcad2d4d479b60bcd26f7ffa4402fa7e0e9382e8e4d8d0da3b7e6c6,not applicable,AGPL-3.0-or-later (project author),Derived 512 px normal map; regenerate only by rebuilding and importing merchant_timber_log.glb.,approved - derived from task-authorized P2-064 merchant_timber production kit
assets.props.architecture.houses.merchant_timber.merchant_timber_log_merchanttimberlimestonerubble_albedo,assets/props/architecture/houses/merchant_timber/merchant_timber_log_MerchantTimberLimestoneRubble_albedo.jpg,project maintainer,Embedded in merchant_timber_log.glb; Godot 4.7 import extraction,Embedded albedo extracted from merchant_timber_log.glb by Godot 4.7 import; texture SHA-256 cfa793ed566a9b5efb92b7c2c7b8f9fef5d00ab53a8334565d5a6abda4a10238,not applicable,AGPL-3.0-or-later (project author),Derived 512 px albedo map; regenerate only by rebuilding and importing merchant_timber_log.glb.,approved - derived from task-authorized P2-064 merchant_timber production kit
assets.props.architecture.houses.merchant_timber.merchant_timber_log_merchanttimberlimestonerubble_normal,assets/props/architecture/houses/merchant_timber/merchant_timber_log_MerchantTimberLimestoneRubble_normal.jpg,project maintainer,Embedded in merchant_timber_log.glb; Godot 4.7 import extraction,Embedded normal extracted from merchant_timber_log.glb by Godot 4.7 import; texture SHA-256 e2aa1c12075b3b45d4c821931349199c440357f5ba4a57f91ada638b52321899,not applicable,AGPL-3.0-or-later (project author),Derived 512 px normal map; regenerate only by rebuilding and importing merchant_timber_log.glb.,approved - derived from task-authorized P2-064 merchant_timber production kit
assets.props.architecture.houses.merchant_timber.merchant_timber_log_merchanttimberlog_albedo,assets/props/architecture/houses/merchant_timber/merchant_timber_log_MerchantTimberLog_albedo.jpg,project maintainer,Embedded in merchant_timber_log.glb; Godot 4.7 import extraction,Embedded albedo extracted from merchant_timber_log.glb by Godot 4.7 import; texture SHA-256 8e603ea2226cb6d72e2b20a5b4ec427952efa514aeabbd83c413dc25bf5857e3,not applicable,AGPL-3.0-or-later (project author),Derived 512 px albedo map; regenerate only by rebuilding and importing merchant_timber_log.glb.,approved - derived from task-authorized P2-064 merchant_timber production kit
assets.props.architecture.houses.merchant_timber.merchant_timber_log_merchanttimberlog_normal,assets/props/architecture/houses/merchant_timber/merchant_timber_log_MerchantTimberLog_normal.jpg,project maintainer,Embedded in merchant_timber_log.glb; Godot 4.7 import extraction,Embedded normal extracted from merchant_timber_log.glb by Godot 4.7 import; texture SHA-256 1dae0981d34d348c85bff21c69c71ef3359e52b453b0215a6dd56a8516fbd2ed,not applicable,AGPL-3.0-or-later (project author),Derived 512 px normal map; regenerate only by rebuilding and importing merchant_timber_log.glb.,approved - derived from task-authorized P2-064 merchant_timber production kit
assets.props.architecture.houses.merchant_timber.merchant_timber_log_merchanttimbermosscaulk_albedo,assets/props/architecture/houses/merchant_timber/merchant_timber_log_MerchantTimberMossCaulk_albedo.jpg,project maintainer,Embedded in merchant_timber_log.glb; Godot 4.7 import extraction,Embedded albedo extracted from merchant_timber_log.glb by Godot 4.7 import; texture SHA-256 ade723b2ced154ed5d88490e43f9118f1add7ea1c7e190e1f2130acf4a655889,not applicable,AGPL-3.0-or-later (project author),Derived 512 px albedo map; regenerate only by rebuilding and importing merchant_timber_log.glb.,approved - derived from task-authorized P2-064 merchant_timber production kit
assets.props.architecture.houses.merchant_timber.merchant_timber_log_merchanttimbermosscaulk_normal,assets/props/architecture/houses/merchant_timber/merchant_timber_log_MerchantTimberMossCaulk_normal.jpg,project maintainer,Embedded in merchant_timber_log.glb; Godot 4.7 import extraction,Embedded normal extracted from merchant_timber_log.glb by Godot 4.7 import; texture SHA-256 fe4efa6de4b48c38fcf2a54fe0cf149c748a52450520f3b5a646fe41f5a7bbb8,not applicable,AGPL-3.0-or-later (project author),Derived 512 px normal map; regenerate only by rebuilding and importing merchant_timber_log.glb.,approved - derived from task-authorized P2-064 merchant_timber production kit
assets.props.architecture.houses.merchant_timber.merchant_timber_log_merchanttimberoakplank_albedo,assets/props/architecture/houses/merchant_timber/merchant_timber_log_MerchantTimberOakPlank_albedo.jpg,project maintainer,Embedded in merchant_timber_log.glb; Godot 4.7 import extraction,Embedded albedo extracted from merchant_timber_log.glb by Godot 4.7 import; texture SHA-256 0efe9c5a237c3abc0f6a598add24a2339ff28b936a5e0d6ccdf4d62c3947c795,not applicable,AGPL-3.0-or-later (project author),Derived 512 px albedo map; regenerate only by rebuilding and importing merchant_timber_log.glb.,approved - derived from task-authorized P2-064 merchant_timber production kit
assets.props.architecture.houses.merchant_timber.merchant_timber_log_merchanttimberoakplank_normal,assets/props/architecture/houses/merchant_timber/merchant_timber_log_MerchantTimberOakPlank_normal.jpg,project maintainer,Embedded in merchant_timber_log.glb; Godot 4.7 import extraction,Embedded normal extracted from merchant_timber_log.glb by Godot 4.7 import; texture SHA-256 7aa7044f49995140f0890ab7f0e4078fd95612aff838bcc88b9f4b11772d4bb3,not applicable,AGPL-3.0-or-later (project author),Derived 512 px normal map; regenerate only by rebuilding and importing merchant_timber_log.glb.,approved - derived from task-authorized P2-064 merchant_timber production kit
assets.props.architecture.houses.merchant_timber.merchant_timber_log_merchanttimberoakweathered_albedo,assets/props/architecture/houses/merchant_timber/merchant_timber_log_MerchantTimberOakWeathered_albedo.jpg,project maintainer,Embedded in merchant_timber_log.glb; Godot 4.7 import extraction,Embedded albedo extracted from merchant_timber_log.glb by Godot 4.7 import; texture SHA-256 b518f4e239c3b99e02abf3034fe632834d65ea757e11d589d4efb719de689fdf,not applicable,AGPL-3.0-or-later (project author),Derived 512 px albedo map; regenerate only by rebuilding and importing merchant_timber_log.glb.,approved - derived from task-authorized P2-064 merchant_timber production kit
assets.props.architecture.houses.merchant_timber.merchant_timber_log_merchanttimberoakweathered_normal,assets/props/architecture/houses/merchant_timber/merchant_timber_log_MerchantTimberOakWeathered_normal.jpg,project maintainer,Embedded in merchant_timber_log.glb; Godot 4.7 import extraction,Embedded normal extracted from merchant_timber_log.glb by Godot 4.7 import; texture SHA-256 a792d01cc6df788cd6837d431a5ca3e045be84902215e91cb20c253b68cbc7c0,not applicable,AGPL-3.0-or-later (project author),Derived 512 px normal map; regenerate only by rebuilding and importing merchant_timber_log.glb.,approved - derived from task-authorized P2-064 merchant_timber production kit
assets.props.architecture.houses.merchant_timber.merchant_timber_log_merchanttimberrecess_albedo,assets/props/architecture/houses/merchant_timber/merchant_timber_log_MerchantTimberRecess_albedo.jpg,project maintainer,Embedded in merchant_timber_log.glb; Godot 4.7 import extraction,Embedded albedo extracted from merchant_timber_log.glb by Godot 4.7 import; texture SHA-256 a4dc4c9cef007473e819789b3919bc88a64900061d26d75eb7502c810ede7932,not applicable,AGPL-3.0-or-later (project author),Derived 512 px albedo map; regenerate only by rebuilding and importing merchant_timber_log.glb.,approved - derived from task-authorized P2-064 merchant_timber production kit
assets.props.architecture.houses.merchant_timber.merchant_timber_log_merchanttimberwoodshingle_albedo,assets/props/architecture/houses/merchant_timber/merchant_timber_log_MerchantTimberWoodShingle_albedo.jpg,project maintainer,Embedded in merchant_timber_log.glb; Godot 4.7 import extraction,Embedded albedo extracted from merchant_timber_log.glb by Godot 4.7 import; texture SHA-256 fb1062067b2d74d9a6f850ef7a4b82e33e58ebfd1ed23cc8531048e2dee5c938,not applicable,AGPL-3.0-or-later (project author),Derived 512 px albedo map; regenerate only by rebuilding and importing merchant_timber_log.glb.,approved - derived from task-authorized P2-064 merchant_timber production kit
assets.props.architecture.houses.merchant_timber.merchant_timber_log_merchanttimberwoodshingle_normal,assets/props/architecture/houses/merchant_timber/merchant_timber_log_MerchantTimberWoodShingle_normal.jpg,project maintainer,Embedded in merchant_timber_log.glb; Godot 4.7 import extraction,Embedded normal extracted from merchant_timber_log.glb by Godot 4.7 import; texture SHA-256 cff2f0021ace7f099f7ead8cdc97c5dd45c5e836731b8ae7a5beb6a32a00e6ad,not applicable,AGPL-3.0-or-later (project author),Derived 512 px normal map; regenerate only by rebuilding and importing merchant_timber_log.glb.,approved - derived from task-authorized P2-064 merchant_timber production kit
assets.props.architecture.houses.merchant_timber.merchant_timber_log_merchanttimberwroughtiron_albedo,assets/props/architecture/houses/merchant_timber/merchant_timber_log_MerchantTimberWroughtIron_albedo.jpg,project maintainer,Embedded in merchant_timber_log.glb; Godot 4.7 import extraction,Embedded albedo extracted from merchant_timber_log.glb by Godot 4.7 import; texture SHA-256 4deb87f517c8b0eee2a16d79840121aa3e5725c7edb56ca0a750df3769f9d3c0,not applicable,AGPL-3.0-or-later (project author),Derived 512 px albedo map; regenerate only by rebuilding and importing merchant_timber_log.glb.,approved - derived from task-authorized P2-064 merchant_timber production kit
assets.props.architecture.houses.merchant_timber.merchant_timber_log_merchanttimberwroughtiron_normal,assets/props/architecture/houses/merchant_timber/merchant_timber_log_MerchantTimberWroughtIron_normal.jpg,project maintainer,Embedded in merchant_timber_log.glb; Godot 4.7 import extraction,Embedded normal extracted from merchant_timber_log.glb by Godot 4.7 import; texture SHA-256 7180b4347d973456f700ab7a3b5cf26753fe43aae0bf9ce3216530487ceb1dad,not applicable,AGPL-3.0-or-later (project author),Derived 512 px normal map; regenerate only by rebuilding and importing merchant_timber_log.glb.,approved - derived from task-authorized P2-064 merchant_timber production kit
assets.props.architecture.houses.merchant_timber.merchant_timber_merchanttimberboards_albedo,assets/props/architecture/houses/merchant_timber/merchant_timber_MerchantTimberBoards_albedo.jpg,project maintainer,Embedded in merchant_timber.glb; Godot 4.7 import extraction,Embedded albedo extracted from merchant_timber.glb by Godot 4.7 import; texture SHA-256 8db35809d12f6a9519f783bf0cfaf45cb62d207e983532bf58e29e48efd8e1cc,not applicable,AGPL-3.0-or-later (project author),Derived 512 px albedo map; regenerate only by rebuilding and importing merchant_timber.glb.,approved - derived from task-authorized P2-064 merchant_timber production kit
assets.props.architecture.houses.merchant_timber.merchant_timber_merchanttimberboards_normal,assets/props/architecture/houses/merchant_timber/merchant_timber_MerchantTimberBoards_normal.jpg,project maintainer,Embedded in merchant_timber.glb; Godot 4.7 import extraction,Embedded normal extracted from merchant_timber.glb by Godot 4.7 import; texture SHA-256 42faa8529c046c236b6a4f6c48bb87efc4bcc3ee62a563e6e21636f47bf1d593,not applicable,AGPL-3.0-or-later (project author),Derived 512 px normal map; regenerate only by rebuilding and importing merchant_timber.glb.,approved - derived from task-authorized P2-064 merchant_timber production kit
assets.props.architecture.houses.merchant_timber.merchant_timber_merchanttimberlimestonedressed_albedo,assets/props/architecture/houses/merchant_timber/merchant_timber_MerchantTimberLimestoneDressed_albedo.jpg,project maintainer,Embedded in merchant_timber.glb; Godot 4.7 import extraction,Embedded albedo extracted from merchant_timber.glb by Godot 4.7 import; texture SHA-256 14019e76b3847f2c8ff2d04ce39dd9d0eba5c04f2a23209955623ae5d66fdd98,not applicable,AGPL-3.0-or-later (project author),Derived 512 px albedo map; regenerate only by rebuilding and importing merchant_timber.glb.,approved - derived from task-authorized P2-064 merchant_timber production kit
assets.props.architecture.houses.merchant_timber.merchant_timber_merchanttimberlimestonedressed_normal,assets/props/architecture/houses/merchant_timber/merchant_timber_MerchantTimberLimestoneDressed_normal.jpg,project maintainer,Embedded in merchant_timber.glb; Godot 4.7 import extraction,Embedded normal extracted from merchant_timber.glb by Godot 4.7 import; texture SHA-256 99ea30706d47b490d9eae8a1221162f260c2a4afacefb163fc58f39ca4225a70,not applicable,AGPL-3.0-or-later (project author),Derived 512 px normal map; regenerate only by rebuilding and importing merchant_timber.glb.,approved - derived from task-authorized P2-064 merchant_timber production kit
assets.props.architecture.houses.merchant_timber.merchant_timber_merchanttimberlimestoneplinth_albedo,assets/props/architecture/houses/merchant_timber/merchant_timber_MerchantTimberLimestonePlinth_albedo.jpg,project maintainer,Embedded in merchant_timber.glb; Godot 4.7 import extraction,Embedded albedo extracted from merchant_timber.glb by Godot 4.7 import; texture SHA-256 c76d15e9ad1124157dbb5db1ec523dc3186bd6fcb91eb3fc54a8bb46f38a2f93,not applicable,AGPL-3.0-or-later (project author),Derived 512 px albedo map; regenerate only by rebuilding and importing merchant_timber.glb.,approved - derived from task-authorized P2-064 merchant_timber production kit
assets.props.architecture.houses.merchant_timber.merchant_timber_merchanttimberlimestoneplinth_normal,assets/props/architecture/houses/merchant_timber/merchant_timber_MerchantTimberLimestonePlinth_normal.jpg,project maintainer,Embedded in merchant_timber.glb; Godot 4.7 import extraction,Embedded normal extracted from merchant_timber.glb by Godot 4.7 import; texture SHA-256 713700edfdcad2d4d479b60bcd26f7ffa4402fa7e0e9382e8e4d8d0da3b7e6c6,not applicable,AGPL-3.0-or-later (project author),Derived 512 px normal map; regenerate only by rebuilding and importing merchant_timber.glb.,approved - derived from task-authorized P2-064 merchant_timber production kit
assets.props.architecture.houses.merchant_timber.merchant_timber_merchanttimberlimestonerubble_albedo,assets/props/architecture/houses/merchant_timber/merchant_timber_MerchantTimberLimestoneRubble_albedo.jpg,project maintainer,Embedded in merchant_timber.glb; Godot 4.7 import extraction,Embedded albedo extracted from merchant_timber.glb by Godot 4.7 import; texture SHA-256 cfa793ed566a9b5efb92b7c2c7b8f9fef5d00ab53a8334565d5a6abda4a10238,not applicable,AGPL-3.0-or-later (project author),Derived 512 px albedo map; regenerate only by rebuilding and importing merchant_timber.glb.,approved - derived from task-authorized P2-064 merchant_timber production kit
assets.props.architecture.houses.merchant_timber.merchant_timber_merchanttimberlimestonerubble_normal,assets/props/architecture/houses/merchant_timber/merchant_timber_MerchantTimberLimestoneRubble_normal.jpg,project maintainer,Embedded in merchant_timber.glb; Godot 4.7 import extraction,Embedded normal extracted from merchant_timber.glb by Godot 4.7 import; texture SHA-256 e2aa1c12075b3b45d4c821931349199c440357f5ba4a57f91ada638b52321899,not applicable,AGPL-3.0-or-later (project author),Derived 512 px normal map; regenerate only by rebuilding and importing merchant_timber.glb.,approved - derived from task-authorized P2-064 merchant_timber production kit
assets.props.architecture.houses.merchant_timber.merchant_timber_merchanttimberlimewash_albedo,assets/props/architecture/houses/merchant_timber/merchant_timber_MerchantTimberLimewash_albedo.jpg,project maintainer,Embedded in merchant_timber.glb; Godot 4.7 import extraction,Embedded albedo extracted from merchant_timber.glb by Godot 4.7 import; texture SHA-256 b0f4a722ff4905f6098a11ef231d2298216fa24fe580e924b6aa94ad2cc2fa33,not applicable,AGPL-3.0-or-later (project author),Derived 512 px albedo map; regenerate only by rebuilding and importing merchant_timber.glb.,approved - derived from task-authorized P2-064 merchant_timber production kit
assets.props.architecture.houses.merchant_timber.merchant_timber_merchanttimberlimewash_normal,assets/props/architecture/houses/merchant_timber/merchant_timber_MerchantTimberLimewash_normal.jpg,project maintainer,Embedded in merchant_timber.glb; Godot 4.7 import extraction,Embedded normal extracted from merchant_timber.glb by Godot 4.7 import; texture SHA-256 4cf83e4b06be4d3fe7abed863143da353b9ac0420cf18c06230d9d0dd2333815,not applicable,AGPL-3.0-or-later (project author),Derived 512 px normal map; regenerate only by rebuilding and importing merchant_timber.glb.,approved - derived from task-authorized P2-064 merchant_timber production kit
assets.props.architecture.houses.merchant_timber.merchant_timber_merchanttimberoakplank_albedo,assets/props/architecture/houses/merchant_timber/merchant_timber_MerchantTimberOakPlank_albedo.jpg,project maintainer,Embedded in merchant_timber.glb; Godot 4.7 import extraction,Embedded albedo extracted from merchant_timber.glb by Godot 4.7 import; texture SHA-256 0efe9c5a237c3abc0f6a598add24a2339ff28b936a5e0d6ccdf4d62c3947c795,not applicable,AGPL-3.0-or-later (project author),Derived 512 px albedo map; regenerate only by rebuilding and importing merchant_timber.glb.,approved - derived from task-authorized P2-064 merchant_timber production kit
assets.props.architecture.houses.merchant_timber.merchant_timber_merchanttimberoakplank_normal,assets/props/architecture/houses/merchant_timber/merchant_timber_MerchantTimberOakPlank_normal.jpg,project maintainer,Embedded in merchant_timber.glb; Godot 4.7 import extraction,Embedded normal extracted from merchant_timber.glb by Godot 4.7 import; texture SHA-256 7aa7044f49995140f0890ab7f0e4078fd95612aff838bcc88b9f4b11772d4bb3,not applicable,AGPL-3.0-or-later (project author),Derived 512 px normal map; regenerate only by rebuilding and importing merchant_timber.glb.,approved - derived from task-authorized P2-064 merchant_timber production kit
assets.props.architecture.houses.merchant_timber.merchant_timber_merchanttimberoakweathered_albedo,assets/props/architecture/houses/merchant_timber/merchant_timber_MerchantTimberOakWeathered_albedo.jpg,project maintainer,Embedded in merchant_timber.glb; Godot 4.7 import extraction,Embedded albedo extracted from merchant_timber.glb by Godot 4.7 import; texture SHA-256 b518f4e239c3b99e02abf3034fe632834d65ea757e11d589d4efb719de689fdf,not applicable,AGPL-3.0-or-later (project author),Derived 512 px albedo map; regenerate only by rebuilding and importing merchant_timber.glb.,approved - derived from task-authorized P2-064 merchant_timber production kit
assets.props.architecture.houses.merchant_timber.merchant_timber_merchanttimberoakweathered_normal,assets/props/architecture/houses/merchant_timber/merchant_timber_MerchantTimberOakWeathered_normal.jpg,project maintainer,Embedded in merchant_timber.glb; Godot 4.7 import extraction,Embedded normal extracted from merchant_timber.glb by Godot 4.7 import; texture SHA-256 a792d01cc6df788cd6837d431a5ca3e045be84902215e91cb20c253b68cbc7c0,not applicable,AGPL-3.0-or-later (project author),Derived 512 px normal map; regenerate only by rebuilding and importing merchant_timber.glb.,approved - derived from task-authorized P2-064 merchant_timber production kit
assets.props.architecture.houses.merchant_timber.merchant_timber_merchanttimberrecess_albedo,assets/props/architecture/houses/merchant_timber/merchant_timber_MerchantTimberRecess_albedo.jpg,project maintainer,Embedded in merchant_timber.glb; Godot 4.7 import extraction,Embedded albedo extracted from merchant_timber.glb by Godot 4.7 import; texture SHA-256 a4dc4c9cef007473e819789b3919bc88a64900061d26d75eb7502c810ede7932,not applicable,AGPL-3.0-or-later (project author),Derived 512 px albedo map; regenerate only by rebuilding and importing merchant_timber.glb.,approved - derived from task-authorized P2-064 merchant_timber production kit
assets.props.architecture.houses.merchant_timber.merchant_timber_merchanttimberwattle_albedo,assets/props/architecture/houses/merchant_timber/merchant_timber_MerchantTimberWattle_albedo.jpg,project maintainer,Embedded in merchant_timber.glb; Godot 4.7 import extraction,Embedded albedo extracted from merchant_timber.glb by Godot 4.7 import; texture SHA-256 0a1a9d3dde187f07a6a0abff80c349637255d3116f526b725909910507467921,not applicable,AGPL-3.0-or-later (project author),Derived 512 px albedo map; regenerate only by rebuilding and importing merchant_timber.glb.,approved - derived from task-authorized P2-064 merchant_timber production kit
assets.props.architecture.houses.merchant_timber.merchant_timber_merchanttimberwattle_normal,assets/props/architecture/houses/merchant_timber/merchant_timber_MerchantTimberWattle_normal.jpg,project maintainer,Embedded in merchant_timber.glb; Godot 4.7 import extraction,Embedded normal extracted from merchant_timber.glb by Godot 4.7 import; texture SHA-256 bbf1c039c34e73cdc10d62e16708591ae6b10d13a1976b78f8dbf51d3d7e7866,not applicable,AGPL-3.0-or-later (project author),Derived 512 px normal map; regenerate only by rebuilding and importing merchant_timber.glb.,approved - derived from task-authorized P2-064 merchant_timber production kit
assets.props.architecture.houses.merchant_timber.merchant_timber_merchanttimberwoodshingle_albedo,assets/props/architecture/houses/merchant_timber/merchant_timber_MerchantTimberWoodShingle_albedo.jpg,project maintainer,Embedded in merchant_timber.glb; Godot 4.7 import extraction,Embedded albedo extracted from merchant_timber.glb by Godot 4.7 import; texture SHA-256 fb1062067b2d74d9a6f850ef7a4b82e33e58ebfd1ed23cc8531048e2dee5c938,not applicable,AGPL-3.0-or-later (project author),Derived 512 px albedo map; regenerate only by rebuilding and importing merchant_timber.glb.,approved - derived from task-authorized P2-064 merchant_timber production kit
assets.props.architecture.houses.merchant_timber.merchant_timber_merchanttimberwoodshingle_normal,assets/props/architecture/houses/merchant_timber/merchant_timber_MerchantTimberWoodShingle_normal.jpg,project maintainer,Embedded in merchant_timber.glb; Godot 4.7 import extraction,Embedded normal extracted from merchant_timber.glb by Godot 4.7 import; texture SHA-256 cff2f0021ace7f099f7ead8cdc97c5dd45c5e836731b8ae7a5beb6a32a00e6ad,not applicable,AGPL-3.0-or-later (project author),Derived 512 px normal map; regenerate only by rebuilding and importing merchant_timber.glb.,approved - derived from task-authorized P2-064 merchant_timber production kit
assets.props.architecture.houses.merchant_timber.merchant_timber_merchanttimberwroughtiron_albedo,assets/props/architecture/houses/merchant_timber/merchant_timber_MerchantTimberWroughtIron_albedo.jpg,project maintainer,Embedded in merchant_timber.glb; Godot 4.7 import extraction,Embedded albedo extracted from merchant_timber.glb by Godot 4.7 import; texture SHA-256 4deb87f517c8b0eee2a16d79840121aa3e5725c7edb56ca0a750df3769f9d3c0,not applicable,AGPL-3.0-or-later (project author),Derived 512 px albedo map; regenerate only by rebuilding and importing merchant_timber.glb.,approved - derived from task-authorized P2-064 merchant_timber production kit
assets.props.architecture.houses.merchant_timber.merchant_timber_merchanttimberwroughtiron_normal,assets/props/architecture/houses/merchant_timber/merchant_timber_MerchantTimberWroughtIron_normal.jpg,project maintainer,Embedded in merchant_timber.glb; Godot 4.7 import extraction,Embedded normal extracted from merchant_timber.glb by Godot 4.7 import; texture SHA-256 7180b4347d973456f700ab7a3b5cf26753fe43aae0bf9ce3216530487ceb1dad,not applicable,AGPL-3.0-or-later (project author),Derived 512 px normal map; regenerate only by rebuilding and importing merchant_timber.glb.,approved - derived from task-authorized P2-064 merchant_timber production kit
assets.characters.shared.aita,assets/characters/shared/aita.glb,project maintainer,tools/build_heroic_humanoid_glb.py + tools/generate_hero_body.py (Blender 5.2 headless),Generated in-repo from the aita Tier-0 spec in tools/character_specs.py; shared animation source recorded by the rig provenance,not applicable,original work; CC0-1.0 animation data see assets/characters/shared/KAYKIT_CC0_LICENSE.txt,"Named Tier-0 body with authored proportions, face, clothing silhouette, PBR materials, and 76 shared-rig clips.",approved - maintainer-directed P0-199 modular human model improvement
assets.characters.shared.kaja,assets/characters/shared/kaja.glb,project maintainer,tools/build_heroic_humanoid_glb.py + tools/generate_hero_body.py (Blender 5.2 headless),Generated in-repo from the kaja Tier-0 spec in tools/character_specs.py; shared animation source recorded by the rig provenance,not applicable,original work; CC0-1.0 animation data see assets/characters/shared/KAYKIT_CC0_LICENSE.txt,"Named Tier-0 body with authored proportions, face, clothing silhouette, PBR materials, and 76 shared-rig clips.",approved - maintainer-directed P0-199 modular human model improvement
assets.characters.shared.jurgen,assets/characters/shared/jurgen.glb,project maintainer,tools/build_heroic_humanoid_glb.py + tools/generate_hero_body.py (Blender 5.2 headless),Generated in-repo from the jurgen Tier-0 spec in tools/character_specs.py; shared animation source recorded by the rig provenance,not applicable,original work; CC0-1.0 animation data see assets/characters/shared/KAYKIT_CC0_LICENSE.txt,"Named Tier-0 body with authored proportions, face, clothing silhouette, PBR materials, and 76 shared-rig clips.",approved - maintainer-directed P0-199 modular human model improvement
assets.characters.shared.ellen,assets/characters/shared/ellen.glb,project maintainer,tools/build_heroic_humanoid_glb.py + tools/generate_hero_body.py (Blender 5.2 headless),Generated in-repo from the ellen Tier-0 spec in tools/character_specs.py; shared animation source recorded by the rig provenance,not applicable,original work; CC0-1.0 animation data see assets/characters/shared/KAYKIT_CC0_LICENSE.txt,"Named Tier-0 body with authored proportions, face, clothing silhouette, PBR materials, and 76 shared-rig clips.",approved - maintainer-directed P0-199 modular human model improvement
assets.characters.shared.mart_lod1,assets/characters/shared/mart_lod1.glb,project maintainer,tools/generate_character_lods.py with Blender 5.2 LTS,Deterministic skinned LOD1 export from mart.glb; ratio recorded in assets/characters/shared/character_lod_manifest.json,not applicable,AGPL-3.0-or-later (project author),"Decimated distance mesh retaining the parent Tier-0 PBR materials, UVs, skin weights and shared skeleton bone names.",approved - maintainer-directed P0-199 modular human model improvement
assets.characters.shared.mart_lod2,assets/characters/shared/mart_lod2.glb,project maintainer,tools/generate_character_lods.py with Blender 5.2 LTS,Deterministic skinned LOD2 export from mart.glb; ratio recorded in assets/characters/shared/character_lod_manifest.json,not applicable,AGPL-3.0-or-later (project author),"Decimated distance mesh retaining the parent Tier-0 PBR materials, UVs, skin weights and shared skeleton bone names.",approved - maintainer-directed P0-199 modular human model improvement
assets.characters.shared.aita_lod1,assets/characters/shared/aita_lod1.glb,project maintainer,tools/generate_character_lods.py with Blender 5.2 LTS,Deterministic skinned LOD1 export from aita.glb; ratio recorded in assets/characters/shared/character_lod_manifest.json,not applicable,AGPL-3.0-or-later (project author),"Decimated distance mesh retaining the parent Tier-0 PBR materials, UVs, skin weights and shared skeleton bone names.",approved - maintainer-directed P0-199 modular human model improvement
assets.characters.shared.aita_lod2,assets/characters/shared/aita_lod2.glb,project maintainer,tools/generate_character_lods.py with Blender 5.2 LTS,Deterministic skinned LOD2 export from aita.glb; ratio recorded in assets/characters/shared/character_lod_manifest.json,not applicable,AGPL-3.0-or-later (project author),"Decimated distance mesh retaining the parent Tier-0 PBR materials, UVs, skin weights and shared skeleton bone names.",approved - maintainer-directed P0-199 modular human model improvement
assets.characters.shared.kaja_lod1,assets/characters/shared/kaja_lod1.glb,project maintainer,tools/generate_character_lods.py with Blender 5.2 LTS,Deterministic skinned LOD1 export from kaja.glb; ratio recorded in assets/characters/shared/character_lod_manifest.json,not applicable,AGPL-3.0-or-later (project author),"Decimated distance mesh retaining the parent Tier-0 PBR materials, UVs, skin weights and shared skeleton bone names.",approved - maintainer-directed P0-199 modular human model improvement
assets.characters.shared.kaja_lod2,assets/characters/shared/kaja_lod2.glb,project maintainer,tools/generate_character_lods.py with Blender 5.2 LTS,Deterministic skinned LOD2 export from kaja.glb; ratio recorded in assets/characters/shared/character_lod_manifest.json,not applicable,AGPL-3.0-or-later (project author),"Decimated distance mesh retaining the parent Tier-0 PBR materials, UVs, skin weights and shared skeleton bone names.",approved - maintainer-directed P0-199 modular human model improvement
assets.characters.shared.henning_lod1,assets/characters/shared/henning_lod1.glb,project maintainer,tools/generate_character_lods.py with Blender 5.2 LTS,Deterministic skinned LOD1 export from henning.glb; ratio recorded in assets/characters/shared/character_lod_manifest.json,not applicable,AGPL-3.0-or-later (project author),"Decimated distance mesh retaining the parent Tier-0 PBR materials, UVs, skin weights and shared skeleton bone names.",approved - maintainer-directed P0-199 modular human model improvement
assets.characters.shared.henning_lod2,assets/characters/shared/henning_lod2.glb,project maintainer,tools/generate_character_lods.py with Blender 5.2 LTS,Deterministic skinned LOD2 export from henning.glb; ratio recorded in assets/characters/shared/character_lod_manifest.json,not applicable,AGPL-3.0-or-later (project author),"Decimated distance mesh retaining the parent Tier-0 PBR materials, UVs, skin weights and shared skeleton bone names.",approved - maintainer-directed P0-199 modular human model improvement
assets.characters.shared.jurgen_lod1,assets/characters/shared/jurgen_lod1.glb,project maintainer,tools/generate_character_lods.py with Blender 5.2 LTS,Deterministic skinned LOD1 export from jurgen.glb; ratio recorded in assets/characters/shared/character_lod_manifest.json,not applicable,AGPL-3.0-or-later (project author),"Decimated distance mesh retaining the parent Tier-0 PBR materials, UVs, skin weights and shared skeleton bone names.",approved - maintainer-directed P0-199 modular human model improvement
assets.characters.shared.jurgen_lod2,assets/characters/shared/jurgen_lod2.glb,project maintainer,tools/generate_character_lods.py with Blender 5.2 LTS,Deterministic skinned LOD2 export from jurgen.glb; ratio recorded in assets/characters/shared/character_lod_manifest.json,not applicable,AGPL-3.0-or-later (project author),"Decimated distance mesh retaining the parent Tier-0 PBR materials, UVs, skin weights and shared skeleton bone names.",approved - maintainer-directed P0-199 modular human model improvement
assets.characters.shared.ellen_lod1,assets/characters/shared/ellen_lod1.glb,project maintainer,tools/generate_character_lods.py with Blender 5.2 LTS,Deterministic skinned LOD1 export from ellen.glb; ratio recorded in assets/characters/shared/character_lod_manifest.json,not applicable,AGPL-3.0-or-later (project author),"Decimated distance mesh retaining the parent Tier-0 PBR materials, UVs, skin weights and shared skeleton bone names.",approved - maintainer-directed P0-199 modular human model improvement
assets.characters.shared.ellen_lod2,assets/characters/shared/ellen_lod2.glb,project maintainer,tools/generate_character_lods.py with Blender 5.2 LTS,Deterministic skinned LOD2 export from ellen.glb; ratio recorded in assets/characters/shared/character_lod_manifest.json,not applicable,AGPL-3.0-or-later (project author),"Decimated distance mesh retaining the parent Tier-0 PBR materials, UVs, skin weights and shared skeleton bone names.",approved - maintainer-directed P0-199 modular human model improvement
assets.characters.portraits.aita,assets/characters/portraits/aita.png,project maintainer,not retained,source record not retained,not applicable,not recorded,Downscaled from 512x512 to 384x384 with Pillow LANCZOS; no crop or aspect-ratio change; SHA-256 bfef6fba4e6d484ff2cd0a6b90803a80de00300f72dd95f8e62e00985c72ae20,candidate - R-642 portrait dimension/provenance repair pending art and rights review
assets.characters.portraits.henning,assets/characters/portraits/henning.png,project maintainer,not retained,source record not retained,not applicable,not recorded,Downscaled from 512x512 to 384x384 with Pillow LANCZOS; no crop or aspect-ratio change; SHA-256 e19a6961b4bad484155c3d91dc9056ec66dad13c5e1e11ff7788bc0fca9f2b15,candidate - R-642 portrait dimension/provenance repair pending art and rights review
assets.characters.portraits.jurgen,assets/characters/portraits/jurgen.png,project maintainer,not retained,source record not retained,not applicable,not recorded,Downscaled from 512x512 to 384x384 with Pillow LANCZOS; no crop or aspect-ratio change; SHA-256 d5919244f7be28d19715b66b4d865fc7af4e7a7eeb219a2f2f1bcbaceae6f4e2,candidate - R-642 portrait dimension/provenance repair pending art and rights review
assets.characters.portraits.kaja,assets/characters/portraits/kaja.png,project maintainer,not retained,source record not retained,not applicable,not recorded,Downscaled from 512x512 to 384x384 with Pillow LANCZOS; no crop or aspect-ratio change; SHA-256 8497a13e04db6a7c5a99f234718f540069b51a3cbe690dec49e210f9d2ce4637,candidate - R-642 portrait dimension/provenance repair pending art and rights review
assets.characters.portraits.kalev,assets/characters/portraits/kalev.png,project maintainer,not retained,source record not retained,not applicable,not recorded,Downscaled from 512x512 to 384x384 with Pillow LANCZOS; no crop or aspect-ratio change; SHA-256 75cd49d8e1d39ed9e9dfc0cb61984eca0626c5b55c5d89052ed2a77db36d4e66,candidate - R-642 portrait dimension/provenance repair pending art and rights review
assets.characters.portraits.mart,assets/characters/portraits/mart.png,project maintainer,not retained,source record not retained,not applicable,not recorded,Downscaled from 512x512 to 384x384 with Pillow LANCZOS; no crop or aspect-ratio change; SHA-256 020e77fb938c914134dd9f9b886dbb1ab3c4bcd3949470740f464ef9e0b2d788,candidate - R-642 portrait dimension/provenance repair pending art and rights review
assets.characters.shared.textures.hero_tex_cloth_albedo,assets/characters/shared/textures/hero_tex_cloth_albedo.png,project maintainer,tools/hero_body_textures.py (numpy) + tools/share_character_textures.py,Shared cloth albedo referenced by generated humanoid GLBs,not applicable,AGPL-3.0-or-later (project author),Deterministic 512 px procedural plain wool weave; regenerate by rebuilding any character body.,approved - shared family map
assets.characters.shared.textures.hero_tex_cloth_ao-hero_tex_cloth_roughness,assets/characters/shared/textures/hero_tex_cloth_ao-hero_tex_cloth_roughness.png,project maintainer,tools/hero_body_textures.py (numpy) + tools/share_character_textures.py,Shared cloth ao_roughness_orm referenced by generated humanoid GLBs,not applicable,AGPL-3.0-or-later (project author),Deterministic 512 px procedural plain wool weave; regenerate by rebuilding any character body.,approved - shared family map
assets.characters.shared.textures.hero_tex_cloth_normal,assets/characters/shared/textures/hero_tex_cloth_normal.png,project maintainer,tools/hero_body_textures.py (numpy) + tools/share_character_textures.py,Shared cloth normal referenced by generated humanoid GLBs,not applicable,AGPL-3.0-or-later (project author),Deterministic 512 px procedural plain wool weave; regenerate by rebuilding any character body.,approved - shared family map
assets.characters.shared.textures.hero_tex_hair_albedo,assets/characters/shared/textures/hero_tex_hair_albedo.png,project maintainer,tools/hero_body_textures.py (numpy) + tools/share_character_textures.py,Shared hair albedo referenced by generated humanoid GLBs,not applicable,AGPL-3.0-or-later (project author),Deterministic 512 px procedural hair strand streaks; regenerate by rebuilding any character body.,approved - shared family map
assets.characters.shared.textures.hero_tex_hair_ao-hero_tex_hair_roughness,assets/characters/shared/textures/hero_tex_hair_ao-hero_tex_hair_roughness.png,project maintainer,tools/hero_body_textures.py (numpy) + tools/share_character_textures.py,Shared hair ao_roughness_orm referenced by generated humanoid GLBs,not applicable,AGPL-3.0-or-later (project author),Deterministic 512 px procedural hair strand streaks; regenerate by rebuilding any character body.,approved - shared family map
assets.characters.shared.textures.hero_tex_hair_normal,assets/characters/shared/textures/hero_tex_hair_normal.png,project maintainer,tools/hero_body_textures.py (numpy) + tools/share_character_textures.py,Shared hair normal referenced by generated humanoid GLBs,not applicable,AGPL-3.0-or-later (project author),Deterministic 512 px procedural hair strand streaks; regenerate by rebuilding any character body.,approved - shared family map
assets.characters.shared.textures.hero_tex_leather_albedo,assets/characters/shared/textures/hero_tex_leather_albedo.png,project maintainer,tools/hero_body_textures.py (numpy) + tools/share_character_textures.py,Shared leather albedo referenced by generated humanoid GLBs,not applicable,AGPL-3.0-or-later (project author),Deterministic 512 px procedural tanned leather grain and pores; regenerate by rebuilding any character body.,approved - shared family map
assets.characters.shared.textures.hero_tex_leather_ao-hero_tex_leather_roughness,assets/characters/shared/textures/hero_tex_leather_ao-hero_tex_leather_roughness.png,project maintainer,tools/hero_body_textures.py (numpy) + tools/share_character_textures.py,Shared leather ao_roughness_orm referenced by generated humanoid GLBs,not applicable,AGPL-3.0-or-later (project author),Deterministic 512 px procedural tanned leather grain and pores; regenerate by rebuilding any character body.,approved - shared family map
assets.characters.shared.textures.hero_tex_leather_normal,assets/characters/shared/textures/hero_tex_leather_normal.png,project maintainer,tools/hero_body_textures.py (numpy) + tools/share_character_textures.py,Shared leather normal referenced by generated humanoid GLBs,not applicable,AGPL-3.0-or-later (project author),Deterministic 512 px procedural tanned leather grain and pores; regenerate by rebuilding any character body.,approved - shared family map
assets.characters.shared.textures.hero_tex_metal_albedo,assets/characters/shared/textures/hero_tex_metal_albedo.png,project maintainer,tools/hero_body_textures.py (numpy) + tools/share_character_textures.py,Shared metal albedo referenced by generated humanoid GLBs,not applicable,AGPL-3.0-or-later (project author),Deterministic 512 px procedural brushed metal streaks and dents; regenerate by rebuilding any character body.,approved - shared family map
assets.characters.shared.textures.hero_tex_metal_ao-hero_tex_metal_roughness,assets/characters/shared/textures/hero_tex_metal_ao-hero_tex_metal_roughness.png,project maintainer,tools/hero_body_textures.py (numpy) + tools/share_character_textures.py,Shared metal ao_roughness_orm referenced by generated humanoid GLBs,not applicable,AGPL-3.0-or-later (project author),Deterministic 512 px procedural brushed metal streaks and dents; regenerate by rebuilding any character body.,approved - shared family map
assets.characters.shared.textures.hero_tex_metal_normal,assets/characters/shared/textures/hero_tex_metal_normal.png,project maintainer,tools/hero_body_textures.py (numpy) + tools/share_character_textures.py,Shared metal normal referenced by generated humanoid GLBs,not applicable,AGPL-3.0-or-later (project author),Deterministic 512 px procedural brushed metal streaks and dents; regenerate by rebuilding any character body.,approved - shared family map
assets.characters.shared.textures.hero_tex_skin_albedo,assets/characters/shared/textures/hero_tex_skin_albedo.png,project maintainer,tools/hero_body_textures.py (numpy) + tools/share_character_textures.py,Shared skin albedo referenced by generated humanoid GLBs,not applicable,AGPL-3.0-or-later (project author),"Deterministic 512 px procedural skin blotch, pores and freckles; regenerate by rebuilding any character body.",approved - shared family map
assets.characters.shared.textures.hero_tex_skin_ao-hero_tex_skin_roughness,assets/characters/shared/textures/hero_tex_skin_ao-hero_tex_skin_roughness.png,project maintainer,tools/hero_body_textures.py (numpy) + tools/share_character_textures.py,Shared skin ao_roughness_orm referenced by generated humanoid GLBs,not applicable,AGPL-3.0-or-later (project author),"Deterministic 512 px procedural skin blotch, pores and freckles; regenerate by rebuilding any character body.",approved - shared family map
assets.characters.shared.textures.hero_tex_skin_normal,assets/characters/shared/textures/hero_tex_skin_normal.png,project maintainer,tools/hero_body_textures.py (numpy) + tools/share_character_textures.py,Shared skin normal referenced by generated humanoid GLBs,not applicable,AGPL-3.0-or-later (project author),"Deterministic 512 px procedural skin blotch, pores and freckles; regenerate by rebuilding any character body.",approved - shared family map
assets.props.architecture.houses.plot_dressing.plot_dressing_plotdressingiron_albedo,assets/props/architecture/houses/plot_dressing/plot_dressing_PlotDressingIron_albedo.png,project maintainer,tools/generate_burgher_plot_dressing.py with Blender 5.2 LTS,Embedded albedo extracted from plot_dressing.glb by Godot 4.7 import; texture SHA-256 e164b3a5250e7149dcf06be01956d5381f366def8964070520cad40796d58f74,not applicable,AGPL-3.0-or-later (project author),Derived 512 px albedo map; regenerate only by rebuilding and importing plot_dressing.glb.,approved - derived from task-authorized R-212 plot dressing kit
assets.props.architecture.houses.plot_dressing.plot_dressing_plotdressingoak_albedo,assets/props/architecture/houses/plot_dressing/plot_dressing_PlotDressingOak_albedo.png,project maintainer,tools/generate_burgher_plot_dressing.py with Blender 5.2 LTS,Embedded albedo extracted from plot_dressing.glb by Godot 4.7 import; texture SHA-256 54cc3c583d1ce120512dda818ecb779d187680d88836353a74cc1c3e05bfdc45,not applicable,AGPL-3.0-or-later (project author),Derived 512 px albedo map; regenerate only by rebuilding and importing plot_dressing.glb.,approved - derived from task-authorized R-212 plot dressing kit
assets.props.architecture.houses.plot_dressing.plot_dressing_plotdressingrope_albedo,assets/props/architecture/houses/plot_dressing/plot_dressing_PlotDressingRope_albedo.png,project maintainer,tools/generate_burgher_plot_dressing.py with Blender 5.2 LTS,Embedded albedo extracted from plot_dressing.glb by Godot 4.7 import; texture SHA-256 4a1a39d330e156040bf58b9410e89733c1279330b08746d312d4adca58b794c3,not applicable,AGPL-3.0-or-later (project author),Derived 512 px albedo map; regenerate only by rebuilding and importing plot_dressing.glb.,approved - derived from task-authorized R-212 plot dressing kit
assets.props.architecture.houses.plot_dressing.plot_dressing_plotdressingshingle_albedo,assets/props/architecture/houses/plot_dressing/plot_dressing_PlotDressingShingle_albedo.png,project maintainer,tools/generate_burgher_plot_dressing.py with Blender 5.2 LTS,Embedded albedo extracted from plot_dressing.glb by Godot 4.7 import; texture SHA-256 b8d6b911dd2669cc3f60a29c823e143fffd38b3c37d27ef5e9d13f85431cccba,not applicable,AGPL-3.0-or-later (project author),Derived 512 px albedo map; regenerate only by rebuilding and importing plot_dressing.glb.,approved - derived from task-authorized R-212 plot dressing kit
assets.props.architecture.houses.plot_dressing.plot_dressing_plotdressingstone_albedo,assets/props/architecture/houses/plot_dressing/plot_dressing_PlotDressingStone_albedo.png,project maintainer,tools/generate_burgher_plot_dressing.py with Blender 5.2 LTS,Embedded albedo extracted from plot_dressing.glb by Godot 4.7 import; texture SHA-256 de20d9ce753dfb04371d194acf2d51e154a38b122555f3a652bc7433c6e15037,not applicable,AGPL-3.0-or-later (project author),Derived 512 px albedo map; regenerate only by rebuilding and importing plot_dressing.glb.,approved - derived from task-authorized R-212 plot dressing kit
assets.props.architecture.houses.plot_dressing.plot_dressing_plotdressingstonedark_albedo,assets/props/architecture/houses/plot_dressing/plot_dressing_PlotDressingStoneDark_albedo.png,project maintainer,tools/generate_burgher_plot_dressing.py with Blender 5.2 LTS,Embedded albedo extracted from plot_dressing.glb by Godot 4.7 import; texture SHA-256 1c24958a2a9f1fcb95d1fa0b6e1c9244428db170a77dbf2d8c672bc5d3523fef,not applicable,AGPL-3.0-or-later (project author),Derived 512 px albedo map; regenerate only by rebuilding and importing plot_dressing.glb.,approved - derived from task-authorized R-212 plot dressing kit
assets.props.architecture.houses.plot_dressing.plot_dressing_plotdressingthatch_albedo,assets/props/architecture/houses/plot_dressing/plot_dressing_PlotDressingThatch_albedo.png,project maintainer,tools/generate_burgher_plot_dressing.py with Blender 5.2 LTS,Embedded albedo extracted from plot_dressing.glb by Godot 4.7 import; texture SHA-256 9fdcaa7f7e382511d63441b3eebd0d4b0e1dee48ed284aacacc5479b79b4422b,not applicable,AGPL-3.0-or-later (project author),Derived 512 px albedo map; regenerate only by rebuilding and importing plot_dressing.glb.,approved - derived from task-authorized R-212 plot dressing kit
assets.props.architecture.houses.plot_dressing.plot_dressing_plotdressingtimber_albedo,assets/props/architecture/houses/plot_dressing/plot_dressing_PlotDressingTimber_albedo.png,project maintainer,tools/generate_burgher_plot_dressing.py with Blender 5.2 LTS,Embedded albedo extracted from plot_dressing.glb by Godot 4.7 import; texture SHA-256 0ef6674725ebda62eb0ae978532c462e1a532297b17f55c5f94cd3b5109c4942,not applicable,AGPL-3.0-or-later (project author),Derived 512 px albedo map; regenerate only by rebuilding and importing plot_dressing.glb.,approved - derived from task-authorized R-212 plot dressing kit
assets.props.architecture.houses.plot_dressing.plot_dressing_plotdressingwattle_albedo,assets/props/architecture/houses/plot_dressing/plot_dressing_PlotDressingWattle_albedo.png,project maintainer,tools/generate_burgher_plot_dressing.py with Blender 5.2 LTS,Embedded albedo extracted from plot_dressing.glb by Godot 4.7 import; texture SHA-256 9e24a9ee74e5fc2081b6b140fde5ca6ee40920099dd80aec0dcd2de84ec5c6d3,not applicable,AGPL-3.0-or-later (project author),Derived 512 px albedo map; regenerate only by rebuilding and importing plot_dressing.glb.,approved - derived from task-authorized R-212 plot dressing kit
assets.props.architecture.houses.plot_dressing.plot_dressing_plotdressingwoodlight_albedo,assets/props/architecture/houses/plot_dressing/plot_dressing_PlotDressingWoodLight_albedo.png,project maintainer,tools/generate_burgher_plot_dressing.py with Blender 5.2 LTS,Embedded albedo extracted from plot_dressing.glb by Godot 4.7 import; texture SHA-256 3c276a001e611686925ceeba1bbb4326d2305b0cc23bd50dc7bc44042d63d4d9,not applicable,AGPL-3.0-or-later (project author),Derived 512 px albedo map; regenerate only by rebuilding and importing plot_dressing.glb.,approved - derived from task-authorized R-212 plot dressing kit
assets.props.trade.merchant_barrow_iron_albedo,assets/props/trade/merchant_barrow/merchant_barrow_iron_albedo.png,project maintainer,tools/generate_merchant_cart_kit.py with Blender 5.2 LTS,Embedded albedo extracted from merchant_barrow.glb by Godot 4.7 import; texture SHA-256 0bbb4035a65889cd88e40258a994fb5ca71537faa12f4a73b289a1f3fe16c876,not applicable,AGPL-3.0-or-later (project author),Derived 512 px albedo map; regenerate only by rebuilding and importing merchant_barrow.glb.,approved - derived from task-authorized R-068 merchant barrow kit
assets.props.trade.merchant_barrow_linen_albedo,assets/props/trade/merchant_barrow/merchant_barrow_linen_albedo.png,project maintainer,tools/generate_merchant_cart_kit.py with Blender 5.2 LTS,Embedded albedo extracted from merchant_barrow.glb by Godot 4.7 import; texture SHA-256 d47f5bec1ba20f885f7534eae8925c58d5928615f808b563b3d9d230c099c033,not applicable,AGPL-3.0-or-later (project author),Derived 512 px albedo map; regenerate only by rebuilding and importing merchant_barrow.glb.,approved - derived from task-authorized R-068 merchant barrow kit
assets.props.trade.merchant_barrow_oak_albedo,assets/props/trade/merchant_barrow/merchant_barrow_oak_albedo.png,project maintainer,tools/generate_merchant_cart_kit.py with Blender 5.2 LTS,Embedded albedo extracted from merchant_barrow.glb by Godot 4.7 import; texture SHA-256 c8c90eecbd1663311e3fbac2f308f9067f4bc828bcd56e5f926309c9e684a859,not applicable,AGPL-3.0-or-later (project author),Derived 512 px albedo map; regenerate only by rebuilding and importing merchant_barrow.glb.,approved - derived from task-authorized R-068 merchant barrow kit
assets.props.trade.merchant_barrow_timber_albedo,assets/props/trade/merchant_barrow/merchant_barrow_timber_albedo.png,project maintainer,tools/generate_merchant_cart_kit.py with Blender 5.2 LTS,Embedded albedo extracted from merchant_barrow.glb by Godot 4.7 import; texture SHA-256 1cd9466581ad9ee5d4fc50e59e58ab82710ba958c346438df146d578a93ad629,not applicable,AGPL-3.0-or-later (project author),Derived 512 px albedo map; regenerate only by rebuilding and importing merchant_barrow.glb.,approved - derived from task-authorized R-068 merchant barrow kit
assets.props.trade.merchant_wagon_4w_iron_albedo,assets/props/trade/merchant_wagon_4w/merchant_wagon_4w_iron_albedo.png,project maintainer,tools/generate_merchant_cart_kit.py with Blender 5.2 LTS,Embedded albedo extracted from merchant_wagon_4w.glb by Godot 4.7 import; texture SHA-256 0bbb4035a65889cd88e40258a994fb5ca71537faa12f4a73b289a1f3fe16c876,not applicable,AGPL-3.0-or-later (project author),Derived 512 px albedo map; regenerate only by rebuilding and importing merchant_wagon_4w.glb.,approved - derived from task-authorized R-068 merchant wagon kit
assets.props.trade.merchant_wagon_4w_oak_albedo,assets/props/trade/merchant_wagon_4w/merchant_wagon_4w_oak_albedo.png,project maintainer,tools/generate_merchant_cart_kit.py with Blender 5.2 LTS,Embedded albedo extracted from merchant_wagon_4w.glb by Godot 4.7 import; texture SHA-256 c8c90eecbd1663311e3fbac2f308f9067f4bc828bcd56e5f926309c9e684a859,not applicable,AGPL-3.0-or-later (project author),Derived 512 px albedo map; regenerate only by rebuilding and importing merchant_wagon_4w.glb.,approved - derived from task-authorized R-068 merchant wagon kit
assets.props.trade.merchant_wagon_4w_timber_albedo,assets/props/trade/merchant_wagon_4w/merchant_wagon_4w_timber_albedo.png,project maintainer,tools/generate_merchant_cart_kit.py with Blender 5.2 LTS,Embedded albedo extracted from merchant_wagon_4w.glb by Godot 4.7 import; texture SHA-256 1cd9466581ad9ee5d4fc50e59e58ab82710ba958c346438df146d578a93ad629,not applicable,AGPL-3.0-or-later (project author),Derived 512 px albedo map; regenerate only by rebuilding and importing merchant_wagon_4w.glb.,approved - derived from task-authorized R-068 merchant wagon kit
assets.characters.shared.hero_mail,assets/characters/shared/hero_mail.glb,project maintainer,tools/generate_hero_body.py (Blender 5.2 headless),Generated in-repo from hero body measurements; P0-199 fitted mail example; shared KayKit-derived skeleton,not applicable,original work; CC0-1.0 skeleton data see assets/characters/shared/KAYKIT_CC0_LICENSE.txt,900-triangle skinned torso and sleeves; fit and coverage declared in hero_mail.tres; no animation duplication.,approved - maintainer-directed P0-199 modular human model improvement
assets.storybook.aita,assets/storybook/aita/aita.glb,Codex; Blender; project tooling,grounded-live-v4; Blender 5.2,tools/assets/build_storybook_models.py; tools/assets/storybook_anatomy.py; tools/assets/storybook_equipment.py; maintainer realism revision 2026-09-10,deterministic,AGPL-3.0-or-later (project); KayKit CC0 1.0 rig/motion,Original adult-proportioned modular human; 76 retargeted clips,P0-206 live integration authorized by maintainer 2026-09-10; original grounded stylized models; no reference-game assets copied
assets.storybook.boar,assets/storybook/boar/boar.glb,iRahulRajput (rt699448); Blender adaptation,sculpted-mammals-v3; Blender 5.2,https://sketchfab.com/3d-models/bristled-wild-boar-3d-model-free-1c243598b9e54606a0bf1d8f5bf0a8b1; source SHA-256 3edfc616aee19387b740bdfcd1b406fa293742fc25cf652d8393da20b23a403e,not applicable,CC-BY-4.0,Scaled and oriented for runtime; UV and sculpted surfaces preserved; textures capped at 1024; rough dielectric materials; measured limb rig and six clips.,P0-209b maintainer-requested replacement; final visual acceptance pending
assets.storybook.dog,assets/storybook/dog/dog.glb,3Dima (Hdjusj); Blender adaptation,sculpted-mammals-v3; Blender 5.2,https://sketchfab.com/3d-models/realistic-terrier-dog-game-ready-asset-51f498df96c049cbb9e600b0a88c5838; source SHA-256 41d7213a7fb9d8891ee8b8f2a7479ff9d9115885c75f1d249fe8f7f05c558450,not applicable,CC-BY-4.0,Scaled and oriented for runtime; UV and sculpted surfaces preserved; textures capped at 1024; rough dielectric materials; KHR_materials_unlit removed so night lighting darkens the coat; measured limb rig and six clips.,P0-209b maintainer-requested replacement; final visual acceptance pending
assets.storybook.duck,assets/storybook/duck/duck.glb,Codex; Blender; project tooling,naturalistic-birds-v1; Blender 5.2,tools/assets/storybook_birds.py; tools/assets/build_storybook_models.py; maintainer bird realism request 2026-09-12,deterministic,AGPL-3.0-or-later (project),Original continuous species anatomy; asymmetric feather vanes and coverts; embedded 256x512 albedo/normal/roughness; nine-bone eight-clip skin; renderer-correct linear pigmentation,P0-207 maintainer-requested bird realism revision 2026-09-12; original art; no reference-game assets copied
assets.storybook.ellen,assets/storybook/ellen/ellen.glb,Codex; Blender; project tooling,grounded-live-v4; Blender 5.2,tools/assets/build_storybook_models.py; tools/assets/storybook_anatomy.py; tools/assets/storybook_equipment.py; maintainer realism revision 2026-09-10,deterministic,AGPL-3.0-or-later (project); KayKit CC0 1.0 rig/motion,Original adult-proportioned modular human; 76 retargeted clips,P0-206 live integration authorized by maintainer 2026-09-10; original grounded stylized models; no reference-game assets copied
assets.storybook.equipment.aita_cape,assets/storybook/equipment/aita_cape.glb,Codex; Blender; project tooling,grounded-live-v4; Blender 5.2,tools/assets/build_storybook_models.py; tools/assets/storybook_anatomy.py; tools/assets/storybook_equipment.py; maintainer realism revision 2026-09-10,deterministic,AGPL-3.0-or-later (project); KayKit CC0 1.0 rig/motion,Original fitted wearable or grip-origin prop; shared runtime wardrobe API,P0-206 live integration authorized by maintainer 2026-09-10; original grounded stylized models; no reference-game assets copied
assets.storybook.equipment.aita_helmet,assets/storybook/equipment/aita_helmet.glb,Codex; Blender; project tooling,grounded-live-v4; Blender 5.2,tools/assets/build_storybook_models.py; tools/assets/storybook_anatomy.py; tools/assets/storybook_equipment.py; maintainer realism revision 2026-09-10,deterministic,AGPL-3.0-or-later (project); KayKit CC0 1.0 rig/motion,Original fitted wearable or grip-origin prop; shared runtime wardrobe API,P0-206 live integration authorized by maintainer 2026-09-10; original grounded stylized models; no reference-game assets copied
assets.storybook.equipment.aita_mail,assets/storybook/equipment/aita_mail.glb,Codex; Blender; project tooling,grounded-live-v4; Blender 5.2,tools/assets/build_storybook_models.py; tools/assets/storybook_anatomy.py; tools/assets/storybook_equipment.py; maintainer realism revision 2026-09-10,deterministic,AGPL-3.0-or-later (project); KayKit CC0 1.0 rig/motion,Original fitted wearable or grip-origin prop; shared runtime wardrobe API,P0-206 live integration authorized by maintainer 2026-09-10; original grounded stylized models; no reference-game assets copied
assets.storybook.equipment.ellen_cape,assets/storybook/equipment/ellen_cape.glb,Codex; Blender; project tooling,grounded-live-v4; Blender 5.2,tools/assets/build_storybook_models.py; tools/assets/storybook_anatomy.py; tools/assets/storybook_equipment.py; maintainer realism revision 2026-09-10,deterministic,AGPL-3.0-or-later (project); KayKit CC0 1.0 rig/motion,Original fitted wearable or grip-origin prop; shared runtime wardrobe API,P0-206 live integration authorized by maintainer 2026-09-10; original grounded stylized models; no reference-game assets copied
assets.storybook.equipment.ellen_helmet,assets/storybook/equipment/ellen_helmet.glb,Codex; Blender; project tooling,grounded-live-v4; Blender 5.2,tools/assets/build_storybook_models.py; tools/assets/storybook_anatomy.py; tools/assets/storybook_equipment.py; maintainer realism revision 2026-09-10,deterministic,AGPL-3.0-or-later (project); KayKit CC0 1.0 rig/motion,Original fitted wearable or grip-origin prop; shared runtime wardrobe API,P0-206 live integration authorized by maintainer 2026-09-10; original grounded stylized models; no reference-game assets copied
assets.storybook.equipment.ellen_mail,assets/storybook/equipment/ellen_mail.glb,Codex; Blender; project tooling,grounded-live-v4; Blender 5.2,tools/assets/build_storybook_models.py; tools/assets/storybook_anatomy.py; tools/assets/storybook_equipment.py; maintainer realism revision 2026-09-10,deterministic,AGPL-3.0-or-later (project); KayKit CC0 1.0 rig/motion,Original fitted wearable or grip-origin prop; shared runtime wardrobe API,P0-206 live integration authorized by maintainer 2026-09-10; original grounded stylized models; no reference-game assets copied
assets.storybook.equipment.hammer,assets/storybook/equipment/hammer.glb,Codex; Blender; project tooling,grounded-live-v4; Blender 5.2,tools/assets/build_storybook_models.py; tools/assets/storybook_anatomy.py; tools/assets/storybook_equipment.py; maintainer realism revision 2026-09-10,deterministic,AGPL-3.0-or-later (project),Original fitted wearable or grip-origin prop; shared runtime wardrobe API,P0-206 live integration authorized by maintainer 2026-09-10; original grounded stylized models; no reference-game assets copied
assets.storybook.equipment.henning_cape,assets/storybook/equipment/henning_cape.glb,Codex; Blender; project tooling,grounded-live-v4; Blender 5.2,tools/assets/build_storybook_models.py; tools/assets/storybook_anatomy.py; tools/assets/storybook_equipment.py; maintainer realism revision 2026-09-10,deterministic,AGPL-3.0-or-later (project); KayKit CC0 1.0 rig/motion,Original fitted wearable or grip-origin prop; shared runtime wardrobe API,P0-206 live integration authorized by maintainer 2026-09-10; original grounded stylized models; no reference-game assets copied
assets.storybook.equipment.henning_helmet,assets/storybook/equipment/henning_helmet.glb,Codex; Blender; project tooling,grounded-live-v4; Blender 5.2,tools/assets/build_storybook_models.py; tools/assets/storybook_anatomy.py; tools/assets/storybook_equipment.py; maintainer realism revision 2026-09-10,deterministic,AGPL-3.0-or-later (project); KayKit CC0 1.0 rig/motion,Original fitted wearable or grip-origin prop; shared runtime wardrobe API,P0-206 live integration authorized by maintainer 2026-09-10; original grounded stylized models; no reference-game assets copied
assets.storybook.equipment.henning_mail,assets/storybook/equipment/henning_mail.glb,Codex; Blender; project tooling,grounded-live-v4; Blender 5.2,tools/assets/build_storybook_models.py; tools/assets/storybook_anatomy.py; tools/assets/storybook_equipment.py; maintainer realism revision 2026-09-10,deterministic,AGPL-3.0-or-later (project); KayKit CC0 1.0 rig/motion,Original fitted wearable or grip-origin prop; shared runtime wardrobe API,P0-206 live integration authorized by maintainer 2026-09-10; original grounded stylized models; no reference-game assets copied
assets.storybook.equipment.jurgen_cape,assets/storybook/equipment/jurgen_cape.glb,Codex; Blender; project tooling,grounded-live-v4; Blender 5.2,tools/assets/build_storybook_models.py; tools/assets/storybook_anatomy.py; tools/assets/storybook_equipment.py; maintainer realism revision 2026-09-10,deterministic,AGPL-3.0-or-later (project); KayKit CC0 1.0 rig/motion,Original fitted wearable or grip-origin prop; shared runtime wardrobe API,P0-206 live integration authorized by maintainer 2026-09-10; original grounded stylized models; no reference-game assets copied
assets.storybook.equipment.jurgen_helmet,assets/storybook/equipment/jurgen_helmet.glb,Codex; Blender; project tooling,grounded-live-v4; Blender 5.2,tools/assets/build_storybook_models.py; tools/assets/storybook_anatomy.py; tools/assets/storybook_equipment.py; maintainer realism revision 2026-09-10,deterministic,AGPL-3.0-or-later (project); KayKit CC0 1.0 rig/motion,Original fitted wearable or grip-origin prop; shared runtime wardrobe API,P0-206 live integration authorized by maintainer 2026-09-10; original grounded stylized models; no reference-game assets copied
assets.storybook.equipment.jurgen_mail,assets/storybook/equipment/jurgen_mail.glb,Codex; Blender; project tooling,grounded-live-v4; Blender 5.2,tools/assets/build_storybook_models.py; tools/assets/storybook_anatomy.py; tools/assets/storybook_equipment.py; maintainer realism revision 2026-09-10,deterministic,AGPL-3.0-or-later (project); KayKit CC0 1.0 rig/motion,Original fitted wearable or grip-origin prop; shared runtime wardrobe API,P0-206 live integration authorized by maintainer 2026-09-10; original grounded stylized models; no reference-game assets copied
assets.storybook.equipment.kaja_cape,assets/storybook/equipment/kaja_cape.glb,Codex; Blender; project tooling,grounded-live-v4; Blender 5.2,tools/assets/build_storybook_models.py; tools/assets/storybook_anatomy.py; tools/assets/storybook_equipment.py; maintainer realism revision 2026-09-10,deterministic,AGPL-3.0-or-later (project); KayKit CC0 1.0 rig/motion,Original fitted wearable or grip-origin prop; shared runtime wardrobe API,P0-206 live integration authorized by maintainer 2026-09-10; original grounded stylized models; no reference-game assets copied
assets.storybook.equipment.kaja_helmet,assets/storybook/equipment/kaja_helmet.glb,Codex; Blender; project tooling,grounded-live-v4; Blender 5.2,tools/assets/build_storybook_models.py; tools/assets/storybook_anatomy.py; tools/assets/storybook_equipment.py; maintainer realism revision 2026-09-10,deterministic,AGPL-3.0-or-later (project); KayKit CC0 1.0 rig/motion,Original fitted wearable or grip-origin prop; shared runtime wardrobe API,P0-206 live integration authorized by maintainer 2026-09-10; original grounded stylized models; no reference-game assets copied
assets.storybook.equipment.kaja_mail,assets/storybook/equipment/kaja_mail.glb,Codex; Blender; project tooling,grounded-live-v4; Blender 5.2,tools/assets/build_storybook_models.py; tools/assets/storybook_anatomy.py; tools/assets/storybook_equipment.py; maintainer realism revision 2026-09-10,deterministic,AGPL-3.0-or-later (project); KayKit CC0 1.0 rig/motion,Original fitted wearable or grip-origin prop; shared runtime wardrobe API,P0-206 live integration authorized by maintainer 2026-09-10; original grounded stylized models; no reference-game assets copied
assets.storybook.equipment.mart_cape,assets/storybook/equipment/mart_cape.glb,Codex; Blender; project tooling,grounded-live-v4; Blender 5.2,tools/assets/build_storybook_models.py; tools/assets/storybook_anatomy.py; tools/assets/storybook_equipment.py; maintainer realism revision 2026-09-10,deterministic,AGPL-3.0-or-later (project); KayKit CC0 1.0 rig/motion,Original fitted wearable or grip-origin prop; shared runtime wardrobe API,P0-206 live integration authorized by maintainer 2026-09-10; original grounded stylized models; no reference-game assets copied
assets.storybook.equipment.mart_helmet,assets/storybook/equipment/mart_helmet.glb,Codex; Blender; project tooling,grounded-live-v4; Blender 5.2,tools/assets/build_storybook_models.py; tools/assets/storybook_anatomy.py; tools/assets/storybook_equipment.py; maintainer realism revision 2026-09-10,deterministic,AGPL-3.0-or-later (project); KayKit CC0 1.0 rig/motion,Original fitted wearable or grip-origin prop; shared runtime wardrobe API,P0-206 live integration authorized by maintainer 2026-09-10; original grounded stylized models; no reference-game assets copied
assets.storybook.equipment.mart_mail,assets/storybook/equipment/mart_mail.glb,Codex; Blender; project tooling,grounded-live-v4; Blender 5.2,tools/assets/build_storybook_models.py; tools/assets/storybook_anatomy.py; tools/assets/storybook_equipment.py; maintainer realism revision 2026-09-10,deterministic,AGPL-3.0-or-later (project); KayKit CC0 1.0 rig/motion,Original fitted wearable or grip-origin prop; shared runtime wardrobe API,P0-206 live integration authorized by maintainer 2026-09-10; original grounded stylized models; no reference-game assets copied
assets.storybook.equipment.shield,assets/storybook/equipment/shield.glb,Codex; Blender; project tooling,grounded-live-v4; Blender 5.2,tools/assets/build_storybook_models.py; tools/assets/storybook_anatomy.py; tools/assets/storybook_equipment.py; maintainer realism revision 2026-09-10,deterministic,AGPL-3.0-or-later (project),Original fitted wearable or grip-origin prop; shared runtime wardrobe API,P0-206 live integration authorized by maintainer 2026-09-10; original grounded stylized models; no reference-game assets copied
assets.storybook.equipment.sword,assets/storybook/equipment/sword.glb,Codex; Blender; project tooling,grounded-live-v4; Blender 5.2,tools/assets/build_storybook_models.py; tools/assets/storybook_anatomy.py; tools/assets/storybook_equipment.py; maintainer realism revision 2026-09-10,deterministic,AGPL-3.0-or-later (project),Original fitted wearable or grip-origin prop; shared runtime wardrobe API,P0-206 live integration authorized by maintainer 2026-09-10; original grounded stylized models; no reference-game assets copied
assets.storybook.equipment.watchman_cape,assets/storybook/equipment/watchman_cape.glb,Codex; Blender; project tooling,grounded-live-v4; Blender 5.2,tools/assets/build_storybook_models.py; tools/assets/storybook_anatomy.py; tools/assets/storybook_equipment.py; maintainer realism revision 2026-09-10,deterministic,AGPL-3.0-or-later (project); KayKit CC0 1.0 rig/motion,Original fitted wearable or grip-origin prop; shared runtime wardrobe API,P0-206 live integration authorized by maintainer 2026-09-10; original grounded stylized models; no reference-game assets copied
assets.storybook.equipment.watchman_helmet,assets/storybook/equipment/watchman_helmet.glb,Codex; Blender; project tooling,grounded-live-v4; Blender 5.2,tools/assets/build_storybook_models.py; tools/assets/storybook_anatomy.py; tools/assets/storybook_equipment.py; maintainer realism revision 2026-09-10,deterministic,AGPL-3.0-or-later (project); KayKit CC0 1.0 rig/motion,Original fitted wearable or grip-origin prop; shared runtime wardrobe API,P0-206 live integration authorized by maintainer 2026-09-10; original grounded stylized models; no reference-game assets copied
assets.storybook.equipment.watchman_mail,assets/storybook/equipment/watchman_mail.glb,Codex; Blender; project tooling,grounded-live-v4; Blender 5.2,tools/assets/build_storybook_models.py; tools/assets/storybook_anatomy.py; tools/assets/storybook_equipment.py; maintainer realism revision 2026-09-10,deterministic,AGPL-3.0-or-later (project); KayKit CC0 1.0 rig/motion,Original fitted wearable or grip-origin prop; shared runtime wardrobe API,P0-206 live integration authorized by maintainer 2026-09-10; original grounded stylized models; no reference-game assets copied
assets.storybook.forge_cat,assets/storybook/forge_cat/forge_cat.glb,iRahulRajput (rt699448); Blender adaptation,sculpted-mammals-v3; Blender 5.2,https://sketchfab.com/3d-models/cat-in-motion-3d-model-free-baa1120483c844e6bce9744f3f868c63; source SHA-256 0007dee476db39757e2ede2f5b68422b35efac4b10a899612dde929e97b67a96,not applicable,CC-BY-4.0,Scaled and oriented for runtime; UV and sculpted surfaces preserved; textures capped at 1024; rough dielectric materials; measured limb rig and six clips.,P0-209b maintainer-requested replacement; final visual acceptance pending
assets.storybook.fox,assets/storybook/fox/fox.glb,Pigcraft (s8819296); Blender adaptation,sculpted-mammals-v3; Blender 5.2,https://sketchfab.com/3d-models/red-fox-standing-pose-realistic-3278bddb17024f3287aa374cc1e9f6f6; source SHA-256 5802c4bff0f483a3da2cd26f71ec3f689696e574b4ac402314e023d2281f80e4,not applicable,CC-BY-4.0,Scaled and oriented for runtime; UV and sculpted surfaces preserved; textures capped at 1024; rough dielectric materials; measured limb rig and six clips.,P0-209b maintainer-requested replacement; final visual acceptance pending
assets.storybook.goat,assets/storybook/goat/goat.glb,hendrikReyneke; Blender adaptation,sculpted-mammals-v3; Blender 5.2,https://sketchfab.com/3d-models/goat-2624ac2ce2364930ba2d5f70eb7aa1ea; source SHA-256 2a8632783137dc2f10a0b80644937c771d74e713d21bfdadddebb7440b5733cb,not applicable,CC-BY-4.0,Scaled and oriented for runtime; UV and sculpted surfaces preserved; textures capped at 1024; rough dielectric materials; measured limb rig and six clips.,P0-209b maintainer-requested replacement; final visual acceptance pending
assets.storybook.gull,assets/storybook/gull/gull.glb,Codex; Blender; project tooling,naturalistic-birds-v1; Blender 5.2,tools/assets/storybook_birds.py; tools/assets/build_storybook_models.py; maintainer bird realism request 2026-09-12,deterministic,AGPL-3.0-or-later (project),Original continuous species anatomy; asymmetric feather vanes and coverts; embedded 256x512 albedo/normal/roughness; nine-bone eight-clip skin; renderer-correct linear pigmentation,P0-207 maintainer-requested bird realism revision 2026-09-12; original art; no reference-game assets copied
assets.storybook.hare,assets/storybook/hare/hare.glb,Dakota.Hinkle; Blender adaptation,sculpted-mammals-v3; Blender 5.2,https://sketchfab.com/3d-models/rabbit-073eef14ae3c4d06808498c3ba895e67; source SHA-256 5c2e0fafd5dcd6ad678ebe573ba024ae1969e8ce503c4907d418f31fe5da5cf4,not applicable,CC-BY-4.0,Scaled and oriented for runtime; UV and sculpted surfaces preserved; textures capped at 1024; rough dielectric materials; measured limb rig and six clips.,P0-209b maintainer-requested replacement; final visual acceptance pending
assets.storybook.hen,assets/storybook/hen/hen.glb,hendrikReyneke (Sketchfab) + project maintainer,authored-birds-v1; Blender 5.2,https://sketchfab.com/3d-models/chicken-ce17aabc51ba47bfbc7342a963b095e9; source SHA-256 657adc065eda83691c5447f69145dbc3ada95b1bf99156369e85a74efe1873dc; runtime SHA-256 593cd0a4e3e5c2b460a0170810fcb25e361348124164ac83f0569077c96ba3ac,not applicable,CC BY 4.0 (source sculpt) + AGPL-3.0-or-later (project rig and animation),"Replaces the rejected procedural hen with the licensed authored chicken sculpt; topology, UVs and embedded albedo/normal/roughness preserved; scaled to 0.44 m standing height; added sixteen-bone Body/Neck/Head/Tail/Wing/leg-chain rig and the eight named clips with planted feet",approved - maintainer-requested authored bird replacement
assets.storybook.henning,assets/storybook/henning/henning.glb,Codex; Blender; project tooling,grounded-live-v4; Blender 5.2,tools/assets/build_storybook_models.py; tools/assets/storybook_anatomy.py; tools/assets/storybook_equipment.py; maintainer realism revision 2026-09-10,deterministic,AGPL-3.0-or-later (project); KayKit CC0 1.0 rig/motion,Original adult-proportioned modular human; 76 retargeted clips,P0-206 live integration authorized by maintainer 2026-09-10; original grounded stylized models; no reference-game assets copied
assets.storybook.hooded_crow,assets/storybook/hooded_crow/hooded_crow.glb,Codex; Blender; project tooling,naturalistic-birds-v1; Blender 5.2,tools/assets/storybook_birds.py; tools/assets/build_storybook_models.py; maintainer bird realism request 2026-09-12,deterministic,AGPL-3.0-or-later (project),Original continuous species anatomy; asymmetric feather vanes and coverts; embedded 256x512 albedo/normal/roughness; nine-bone eight-clip skin; renderer-correct linear pigmentation,P0-207 maintainer-requested bird realism revision 2026-09-12; original art; no reference-game assets copied
assets.storybook.jurgen,assets/storybook/jurgen/jurgen.glb,Codex; Blender; project tooling,grounded-live-v4; Blender 5.2,tools/assets/build_storybook_models.py; tools/assets/storybook_anatomy.py; tools/assets/storybook_equipment.py; maintainer realism revision 2026-09-10,deterministic,AGPL-3.0-or-later (project); KayKit CC0 1.0 rig/motion,Original adult-proportioned modular human; 76 retargeted clips,P0-206 live integration authorized by maintainer 2026-09-10; original grounded stylized models; no reference-game assets copied
assets.storybook.kaja,assets/storybook/kaja/kaja.glb,Codex; Blender; project tooling,grounded-live-v4; Blender 5.2,tools/assets/build_storybook_models.py; tools/assets/storybook_anatomy.py; tools/assets/storybook_equipment.py; maintainer realism revision 2026-09-10,deterministic,AGPL-3.0-or-later (project); KayKit CC0 1.0 rig/motion,Original adult-proportioned modular human; 76 retargeted clips,P0-206 live integration authorized by maintainer 2026-09-10; original grounded stylized models; no reference-game assets copied
assets.storybook.mart,assets/storybook/mart/mart.glb,Codex; Blender; project tooling,grounded-live-v4; Blender 5.2,tools/assets/build_storybook_models.py; tools/assets/storybook_anatomy.py; tools/assets/storybook_equipment.py; maintainer realism revision 2026-09-10,deterministic,AGPL-3.0-or-later (project); KayKit CC0 1.0 rig/motion,Original adult-proportioned modular human; 76 retargeted clips,P0-206 live integration authorized by maintainer 2026-09-10; original grounded stylized models; no reference-game assets copied
assets.storybook.pig,assets/storybook/pig/pig.glb,hendrikReyneke; Blender adaptation,sculpted-mammals-v3; Blender 5.2,https://sketchfab.com/3d-models/pig-041ea96fc6ae4839bf9ce16f8ea4ad68; source SHA-256 a029a0ec3f45a809f15b6f71a9a413c054cd3f0cb4d4137dc46f9504471cf9e5,not applicable,CC-BY-4.0,Scaled and oriented for runtime; UV and sculpted surfaces preserved; textures capped at 1024; rough dielectric materials; measured limb rig and six clips.,P0-209b maintainer-requested replacement; final visual acceptance pending
assets.storybook.rat,assets/storybook/rat/rat.glb,Nestaeric; Blender adaptation,sculpted-mammals-v3; Blender 5.2,https://sketchfab.com/3d-models/black-rat-free-download-3db3acb4140d4de8bd62a171212bad9c; source SHA-256 23b24f6e89c3f6dad517146d1950ac21b576be6758fb61b715548f4a362e28f2,not applicable,CC-BY-4.0,Original authored rig and six animation aliases; unused bones pruned; textures capped at1024; normal UV rebaked; scaled to0.42m; bind-pose import fixed.,P0-209b maintainer-requested replacement; final visual acceptance pending
assets.storybook.robin,assets/storybook/robin/robin.glb,Codex; Blender; project tooling,naturalistic-birds-v1; Blender 5.2,tools/assets/storybook_birds.py; tools/assets/build_storybook_models.py; maintainer bird realism request 2026-09-12,deterministic,AGPL-3.0-or-later (project),Original continuous species anatomy; asymmetric feather vanes and coverts; embedded 256x512 albedo/normal/roughness; nine-bone eight-clip skin; renderer-correct linear pigmentation,P0-207 maintainer-requested bird realism revision 2026-09-12; original art; no reference-game assets copied
assets.storybook.sheep,assets/storybook/sheep/sheep.glb,hendrikReyneke; Blender adaptation,sculpted-mammals-v3; Blender 5.2,https://sketchfab.com/3d-models/sheep-67abff7459f34afca11e3effab62c761; source SHA-256 d6a5caea71c63db6cae98472fcc9a34b531e19a77d3802358267e27113c20bf6,not applicable,CC-BY-4.0,Scaled and oriented for runtime; UV and sculpted surfaces preserved; textures capped at 1024; rough dielectric materials; measured limb rig and six clips.,P0-209b maintainer-requested replacement; final visual acceptance pending
assets.storybook.watchman,assets/storybook/watchman/watchman.glb,Codex; Blender; project tooling,grounded-live-v4; Blender 5.2,tools/assets/build_storybook_models.py; tools/assets/storybook_anatomy.py; tools/assets/storybook_equipment.py; maintainer realism revision 2026-09-10,deterministic,AGPL-3.0-or-later (project); KayKit CC0 1.0 rig/motion,Original adult-proportioned modular human; 76 retargeted clips,P0-206 live integration authorized by maintainer 2026-09-10; original grounded stylized models; no reference-game assets copied
assets.storybook.bird_plumage,assets/storybook/bird_plumage.gdshader,Codex; project tooling,naturalistic-birds-v1,tools/assets/bird_model_import.gd; renderer-correct bird PBR,deterministic,AGPL-3.0-or-later (project),Original PBR shader; linear glTF vertex color correction in GL Compatibility,P0-207 maintainer-requested bird realism revision 2026-09-12
assets.birds.catalog_plumage,assets/birds/catalog_plumage.gdshader,Codex / original Godot procedural art,P0-212,scripts/map/view3d/map_view_bird_anatomy.gd; docs/reports/bird_catalog_realism_2026-09-12.md,deterministic,AGPL-3.0-or-later (project author),Original feather barb detail and barred/spotted/streaked pigmentation; keratin and cornea roughness separation. P0-216 coarsens barbs so they survive gameplay distance; darkens vane edges; adds keratin ridges.,approved - maintainer-requested bird realism refinement; independent technical review
assets.storybook.goat.image.1,assets/storybook/goat/goat_Image_1.png,hendrikReyneke; Blender adaptation,sculpted-mammals-v3; Blender 5.2,https://sketchfab.com/3d-models/goat-2624ac2ce2364930ba2d5f70eb7aa1ea; source SHA-256 2a8632783137dc2f10a0b80644937c771d74e713d21bfdadddebb7440b5733cb,not applicable,CC-BY-4.0,Scaled and oriented for runtime; UV and sculpted surfaces preserved; textures capped at 1024; rough dielectric materials; measured limb rig and six clips.,P0-209b maintainer-requested replacement; final visual acceptance pending
assets.storybook.pig.image.1,assets/storybook/pig/pig_Image_1.png,hendrikReyneke; Blender adaptation,sculpted-mammals-v3; Blender 5.2,https://sketchfab.com/3d-models/pig-041ea96fc6ae4839bf9ce16f8ea4ad68; source SHA-256 a029a0ec3f45a809f15b6f71a9a413c054cd3f0cb4d4137dc46f9504471cf9e5,not applicable,CC-BY-4.0,Scaled and oriented for runtime; UV and sculpted surfaces preserved; textures capped at 1024; rough dielectric materials; measured limb rig and six clips.,P0-209b maintainer-requested replacement; final visual acceptance pending
assets.storybook.sheep.t.sheep.normal,assets/storybook/sheep/sheep_T_Sheep_Normal.png,hendrikReyneke; Blender adaptation,sculpted-mammals-v3; Blender 5.2,https://sketchfab.com/3d-models/sheep-67abff7459f34afca11e3effab62c761; source SHA-256 d6a5caea71c63db6cae98472fcc9a34b531e19a77d3802358267e27113c20bf6,not applicable,CC-BY-4.0,Scaled and oriented for runtime; UV and sculpted surfaces preserved; textures capped at 1024; rough dielectric materials; measured limb rig and six clips.,P0-209b maintainer-requested replacement; final visual acceptance pending
assets.storybook.boar.image.1,assets/storybook/boar/boar_Image_1.png,iRahulRajput (rt699448); Blender adaptation,sculpted-mammals-v3; Blender 5.2,https://sketchfab.com/3d-models/bristled-wild-boar-3d-model-free-1c243598b9e54606a0bf1d8f5bf0a8b1; source SHA-256 3edfc616aee19387b740bdfcd1b406fa293742fc25cf652d8393da20b23a403e,not applicable,CC-BY-4.0,Scaled and oriented for runtime; UV and sculpted surfaces preserved; textures capped at 1024; rough dielectric materials; measured limb rig and six clips.,P0-209b maintainer-requested replacement; final visual acceptance pending
assets.storybook.boar.image.3,assets/storybook/boar/boar_Image_3.png,iRahulRajput (rt699448); Blender adaptation,sculpted-mammals-v3; Blender 5.2,https://sketchfab.com/3d-models/bristled-wild-boar-3d-model-free-1c243598b9e54606a0bf1d8f5bf0a8b1; source SHA-256 3edfc616aee19387b740bdfcd1b406fa293742fc25cf652d8393da20b23a403e,not applicable,CC-BY-4.0,Scaled and oriented for runtime; UV and sculpted surfaces preserved; textures capped at 1024; rough dielectric materials; measured limb rig and six clips.,P0-209b maintainer-requested replacement; final visual acceptance pending
assets.storybook.fox.image.2,assets/storybook/fox/fox_Image_2.png,Pigcraft (s8819296); Blender adaptation,sculpted-mammals-v3; Blender 5.2,https://sketchfab.com/3d-models/red-fox-standing-pose-realistic-3278bddb17024f3287aa374cc1e9f6f6; source SHA-256 5802c4bff0f483a3da2cd26f71ec3f689696e574b4ac402314e023d2281f80e4,not applicable,CC-BY-4.0,Scaled and oriented for runtime; UV and sculpted surfaces preserved; textures capped at 1024; rough dielectric materials; measured limb rig and six clips.,P0-209b maintainer-requested replacement; final visual acceptance pending
assets.storybook.fox.fox.normal.primaryuv,assets/storybook/fox/fox_Fox_Normal_PrimaryUV.png,Pigcraft (s8819296); Blender adaptation,sculpted-mammals-v3; Blender 5.2,https://sketchfab.com/3d-models/red-fox-standing-pose-realistic-3278bddb17024f3287aa374cc1e9f6f6; source SHA-256 5802c4bff0f483a3da2cd26f71ec3f689696e574b4ac402314e023d2281f80e4,not applicable,CC-BY-4.0,Scaled and oriented for runtime; UV and sculpted surfaces preserved; textures capped at 1024; rough dielectric materials; measured limb rig and six clips.,P0-209b maintainer-requested replacement; final visual acceptance pending
assets.storybook.hare.image.0,assets/storybook/hare/hare_Image_0.png,Dakota.Hinkle; Blender adaptation,sculpted-mammals-v3; Blender 5.2,https://sketchfab.com/3d-models/rabbit-073eef14ae3c4d06808498c3ba895e67; source SHA-256 5c2e0fafd5dcd6ad678ebe573ba024ae1969e8ce503c4907d418f31fe5da5cf4,not applicable,CC-BY-4.0,Scaled and oriented for runtime; UV and sculpted surfaces preserved; textures capped at 1024; rough dielectric materials; measured limb rig and six clips.,P0-209b maintainer-requested replacement; final visual acceptance pending
assets.storybook.rat.rat.fur.normal.primaryuv,assets/storybook/rat/rat_Rat_Fur_Normal_PrimaryUV.png,Nestaeric; Blender adaptation,sculpted-mammals-v3; Blender 5.2,https://sketchfab.com/3d-models/black-rat-free-download-3db3acb4140d4de8bd62a171212bad9c; source SHA-256 23b24f6e89c3f6dad517146d1950ac21b576be6758fb61b715548f4a362e28f2,not applicable,CC-BY-4.0,Original authored rig and six animation aliases; unused bones pruned; textures capped at1024; normal UV rebaked; scaled to0.42m; bind-pose import fixed.,P0-209b maintainer-requested replacement; final visual acceptance pending
assets.storybook.rat.image.0,assets/storybook/rat/rat_Image_0.png,Nestaeric; Blender adaptation,sculpted-mammals-v3; Blender 5.2,https://sketchfab.com/3d-models/black-rat-free-download-3db3acb4140d4de8bd62a171212bad9c; source SHA-256 23b24f6e89c3f6dad517146d1950ac21b576be6758fb61b715548f4a362e28f2,not applicable,CC-BY-4.0,Original authored rig and six animation aliases; unused bones pruned; textures capped at1024; normal UV rebaked; scaled to0.42m; bind-pose import fixed.,P0-209b maintainer-requested replacement; final visual acceptance pending
assets.storybook.rat.image.5,assets/storybook/rat/rat_Image_5.png,Nestaeric; Blender adaptation,sculpted-mammals-v3; Blender 5.2,https://sketchfab.com/3d-models/black-rat-free-download-3db3acb4140d4de8bd62a171212bad9c; source SHA-256 23b24f6e89c3f6dad517146d1950ac21b576be6758fb61b715548f4a362e28f2,not applicable,CC-BY-4.0,Original authored rig and six animation aliases; unused bones pruned; textures capped at1024; normal UV rebaked; scaled to0.42m; bind-pose import fixed.,P0-209b maintainer-requested replacement; final visual acceptance pending
assets.storybook.rat.image.4,assets/storybook/rat/rat_Image_4.png,Nestaeric; Blender adaptation,sculpted-mammals-v3; Blender 5.2,https://sketchfab.com/3d-models/black-rat-free-download-3db3acb4140d4de8bd62a171212bad9c; source SHA-256 23b24f6e89c3f6dad517146d1950ac21b576be6758fb61b715548f4a362e28f2,not applicable,CC-BY-4.0,Original authored rig and six animation aliases; unused bones pruned; textures capped at1024; normal UV rebaked; scaled to0.42m; bind-pose import fixed.,P0-209b maintainer-requested replacement; final visual acceptance pending
docs.reports.animal.realism.candidate.walk.plate,docs/reports/images/animal_realism/candidate_walk_plate.png,Godot project capture,Godot 4.7.1,tools/capture_animal_realism.gd,not applicable,CC-BY-4.0 source models; project capture,Actual Godot visual evidence; source credits in assets/storybook/mammal_sources.json,P0-209b verification artifact; visual acceptance pending
docs.reports.animal.realism.candidate.goat.side.walk,docs/reports/images/animal_realism/candidate_goat_side_walk.png,Godot project capture,Godot 4.7.1,tools/capture_animal_realism.gd,not applicable,CC-BY-4.0 source models; project capture,Actual Godot visual evidence; source credits in assets/storybook/mammal_sources.json,P0-209b verification artifact; visual acceptance pending
docs.reports.animal.realism.legs.before.forge.cat.side,docs/reports/images/animal_realism/legs_before_forge_cat_side.png,Godot project capture,Godot 4.7.1,tools/capture_animal_realism.gd,not applicable,CC-BY-4.0 source models; project capture,Actual Godot visual evidence; source credits in assets/storybook/mammal_sources.json,P0-209b verification artifact; visual acceptance pending
docs.reports.animal.realism.candidate.forge.cat.side.walk,docs/reports/images/animal_realism/candidate_forge_cat_side_walk.png,Godot project capture,Godot 4.7.1,tools/capture_animal_realism.gd,not applicable,CC-BY-4.0 source models; project capture,Actual Godot visual evidence; source credits in assets/storybook/mammal_sources.json,P0-209b verification artifact; visual acceptance pending
docs.reports.animal.realism.legs.before.dog.side,docs/reports/images/animal_realism/legs_before_dog_side.png,Godot project capture,Godot 4.7.1,tools/capture_animal_realism.gd,not applicable,CC-BY-4.0 source models; project capture,Actual Godot visual evidence; source credits in assets/storybook/mammal_sources.json,P0-209b verification artifact; visual acceptance pending
docs.reports.animal.realism.after.forge.cat,docs/reports/images/animal_realism/after_forge_cat.png,Godot project capture,Godot 4.7.1,tools/capture_animal_realism.gd,not applicable,CC-BY-4.0 source models; project capture,Actual Godot visual evidence; source credits in assets/storybook/mammal_sources.json,P0-209b verification artifact; visual acceptance pending
docs.reports.animal.realism.after.hare.side.walk,docs/reports/images/animal_realism/after_hare_side_walk.png,Godot project capture,Godot 4.7.1,tools/capture_animal_realism.gd,not applicable,CC-BY-4.0 source models; project capture,Actual Godot visual evidence; source credits in assets/storybook/mammal_sources.json,P0-209b verification artifact; visual acceptance pending
docs.reports.animal.realism.candidate.sheep.side.walk,docs/reports/images/animal_realism/candidate_sheep_side_walk.png,Godot project capture,Godot 4.7.1,tools/capture_animal_realism.gd,not applicable,CC-BY-4.0 source models; project capture,Actual Godot visual evidence; source credits in assets/storybook/mammal_sources.json,P0-209b verification artifact; visual acceptance pending
docs.reports.animal.realism.after.boar.side.walk,docs/reports/images/animal_realism/after_boar_side_walk.png,Godot project capture,Godot 4.7.1,tools/capture_animal_realism.gd,not applicable,CC-BY-4.0 source models; project capture,Actual Godot visual evidence; source credits in assets/storybook/mammal_sources.json,P0-209b verification artifact; visual acceptance pending
docs.reports.animal.realism.before.plate,docs/reports/images/animal_realism/before_plate.png,Godot project capture,Godot 4.7.1,tools/capture_animal_realism.gd,not applicable,CC-BY-4.0 source models; project capture,Actual Godot visual evidence; source credits in assets/storybook/mammal_sources.json,P0-209b verification artifact; visual acceptance pending
docs.reports.animal.realism.before.fox,docs/reports/images/animal_realism/before_fox.png,Godot project capture,Godot 4.7.1,tools/capture_animal_realism.gd,not applicable,CC-BY-4.0 source models; project capture,Actual Godot visual evidence; source credits in assets/storybook/mammal_sources.json,P0-209b verification artifact; visual acceptance pending
docs.reports.animal.realism.after.sheep.side,docs/reports/images/animal_realism/after_sheep_side.png,Godot project capture,Godot 4.7.1,tools/capture_animal_realism.gd,not applicable,CC-BY-4.0 source models; project capture,Actual Godot visual evidence; source credits in assets/storybook/mammal_sources.json,P0-209b verification artifact; visual acceptance pending
docs.reports.animal.realism.candidate.goat.walk,docs/reports/images/animal_realism/candidate_goat_walk.png,Godot project capture,Godot 4.7.1,tools/capture_animal_realism.gd,not applicable,CC-BY-4.0 source models; project capture,Actual Godot visual evidence; source credits in assets/storybook/mammal_sources.json,P0-209b verification artifact; visual acceptance pending
docs.reports.animal.realism.after.hare.walk,docs/reports/images/animal_realism/after_hare_walk.png,Godot project capture,Godot 4.7.1,tools/capture_animal_realism.gd,not applicable,CC-BY-4.0 source models; project capture,Actual Godot visual evidence; source credits in assets/storybook/mammal_sources.json,P0-209b verification artifact; visual acceptance pending
docs.reports.animal.realism.after.hare.front,docs/reports/images/animal_realism/after_hare_front.png,Godot project capture,Godot 4.7.1,tools/capture_animal_realism.gd,not applicable,CC-BY-4.0 source models; project capture,Actual Godot visual evidence; source credits in assets/storybook/mammal_sources.json,P0-209b verification artifact; visual acceptance pending
docs.reports.animal.realism.after.boar.front,docs/reports/images/animal_realism/after_boar_front.png,Godot project capture,Godot 4.7.1,tools/capture_animal_realism.gd,not applicable,CC-BY-4.0 source models; project capture,Actual Godot visual evidence; source credits in assets/storybook/mammal_sources.json,P0-209b verification artifact; visual acceptance pending
docs.reports.animal.realism.candidate.rat.walk,docs/reports/images/animal_realism/candidate_rat_walk.png,Godot project capture,Godot 4.7.1,tools/capture_animal_realism.gd,not applicable,CC-BY-4.0 source models; project capture,Actual Godot visual evidence; source credits in assets/storybook/mammal_sources.json,P0-209b verification artifact; visual acceptance pending
docs.reports.animal.realism.after.rat,docs/reports/images/animal_realism/after_rat.png,Godot project capture,Godot 4.7.1,tools/capture_animal_realism.gd,not applicable,CC-BY-4.0 source models; project capture,Actual Godot visual evidence; source credits in assets/storybook/mammal_sources.json,P0-209b verification artifact; visual acceptance pending
docs.reports.animal.realism.after.dog.side.walk,docs/reports/images/animal_realism/after_dog_side_walk.png,Godot project capture,Godot 4.7.1,tools/capture_animal_realism.gd,not applicable,CC-BY-4.0 source models; project capture,Actual Godot visual evidence; source credits in assets/storybook/mammal_sources.json,P0-209b verification artifact; visual acceptance pending
docs.reports.animal.realism.after.dog.side,docs/reports/images/animal_realism/after_dog_side.png,Godot project capture,Godot 4.7.1,tools/capture_animal_realism.gd,not applicable,CC-BY-4.0 source models; project capture,Actual Godot visual evidence; source credits in assets/storybook/mammal_sources.json,P0-209b verification artifact; visual acceptance pending
docs.reports.animal.realism.before.pig,docs/reports/images/animal_realism/before_pig.png,Godot project capture,Godot 4.7.1,tools/capture_animal_realism.gd,not applicable,CC-BY-4.0 source models; project capture,Actual Godot visual evidence; source credits in assets/storybook/mammal_sources.json,P0-209b verification artifact; visual acceptance pending
docs.reports.animal.realism.candidate.sheep.walk,docs/reports/images/animal_realism/candidate_sheep_walk.png,Godot project capture,Godot 4.7.1,tools/capture_animal_realism.gd,not applicable,CC-BY-4.0 source models; project capture,Actual Godot visual evidence; source credits in assets/storybook/mammal_sources.json,P0-209b verification artifact; visual acceptance pending
docs.reports.animal.realism.after.forge.cat.side.walk,docs/reports/images/animal_realism/after_forge_cat_side_walk.png,Godot project capture,Godot 4.7.1,tools/capture_animal_realism.gd,not applicable,CC-BY-4.0 source models; project capture,Actual Godot visual evidence; source credits in assets/storybook/mammal_sources.json,P0-209b verification artifact; visual acceptance pending
docs.reports.animal.realism.candidate.rat,docs/reports/images/animal_realism/candidate_rat.png,Godot project capture,Godot 4.7.1,tools/capture_animal_realism.gd,not applicable,CC-BY-4.0 source models; project capture,Actual Godot visual evidence; source credits in assets/storybook/mammal_sources.json,P0-209b verification artifact; visual acceptance pending
docs.reports.animal.realism.candidate.dog.side.walk,docs/reports/images/animal_realism/candidate_dog_side_walk.png,Godot project capture,Godot 4.7.1,tools/capture_animal_realism.gd,not applicable,CC-BY-4.0 source models; project capture,Actual Godot visual evidence; source credits in assets/storybook/mammal_sources.json,P0-209b verification artifact; visual acceptance pending
docs.reports.animal.realism.after.sheep,docs/reports/images/animal_realism/after_sheep.png,Godot project capture,Godot 4.7.1,tools/capture_animal_realism.gd,not applicable,CC-BY-4.0 source models; project capture,Actual Godot visual evidence; source credits in assets/storybook/mammal_sources.json,P0-209b verification artifact; visual acceptance pending
docs.reports.animal.realism.after.boar,docs/reports/images/animal_realism/after_boar.png,Godot project capture,Godot 4.7.1,tools/capture_animal_realism.gd,not applicable,CC-BY-4.0 source models; project capture,Actual Godot visual evidence; source credits in assets/storybook/mammal_sources.json,P0-209b verification artifact; visual acceptance pending
docs.reports.animal.realism.after.boar.walk,docs/reports/images/animal_realism/after_boar_walk.png,Godot project capture,Godot 4.7.1,tools/capture_animal_realism.gd,not applicable,CC-BY-4.0 source models; project capture,Actual Godot visual evidence; source credits in assets/storybook/mammal_sources.json,P0-209b verification artifact; visual acceptance pending
docs.reports.animal.realism.legs.before.pig.side,docs/reports/images/animal_realism/legs_before_pig_side.png,Godot project capture,Godot 4.7.1,tools/capture_animal_realism.gd,not applicable,CC-BY-4.0 source models; project capture,Actual Godot visual evidence; source credits in assets/storybook/mammal_sources.json,P0-209b verification artifact; visual acceptance pending
docs.reports.animal.realism.after.sheep.front,docs/reports/images/animal_realism/after_sheep_front.png,Godot project capture,Godot 4.7.1,tools/capture_animal_realism.gd,not applicable,CC-BY-4.0 source models; project capture,Actual Godot visual evidence; source credits in assets/storybook/mammal_sources.json,P0-209b verification artifact; visual acceptance pending
docs.reports.animal.realism.after.rat.side.walk,docs/reports/images/animal_realism/after_rat_side_walk.png,Godot project capture,Godot 4.7.1,tools/capture_animal_realism.gd,not applicable,CC-BY-4.0 source models; project capture,Actual Godot visual evidence; source credits in assets/storybook/mammal_sources.json,P0-209b verification artifact; visual acceptance pending
docs.reports.animal.realism.before.goat,docs/reports/images/animal_realism/before_goat.png,Godot project capture,Godot 4.7.1,tools/capture_animal_realism.gd,not applicable,CC-BY-4.0 source models; project capture,Actual Godot visual evidence; source credits in assets/storybook/mammal_sources.json,P0-209b verification artifact; visual acceptance pending
docs.reports.animal.realism.after.pig.side,docs/reports/images/animal_realism/after_pig_side.png,Godot project capture,Godot 4.7.1,tools/capture_animal_realism.gd,not applicable,CC-BY-4.0 source models; project capture,Actual Godot visual evidence; source credits in assets/storybook/mammal_sources.json,P0-209b verification artifact; visual acceptance pending
docs.reports.animal.realism.candidate.boar,docs/reports/images/animal_realism/candidate_boar.png,Godot project capture,Godot 4.7.1,tools/capture_animal_realism.gd,not applicable,CC-BY-4.0 source models; project capture,Actual Godot visual evidence; source credits in assets/storybook/mammal_sources.json,P0-209b verification artifact; visual acceptance pending
docs.reports.animal.realism.after.dog,docs/reports/images/animal_realism/after_dog.png,Godot project capture,Godot 4.7.1,tools/capture_animal_realism.gd,not applicable,CC-BY-4.0 source models; project capture,Actual Godot visual evidence; source credits in assets/storybook/mammal_sources.json,P0-209b verification artifact; visual acceptance pending
docs.reports.animal.realism.after.pig.side.walk,docs/reports/images/animal_realism/after_pig_side_walk.png,Godot project capture,Godot 4.7.1,tools/capture_animal_realism.gd,not applicable,CC-BY-4.0 source models; project capture,Actual Godot visual evidence; source credits in assets/storybook/mammal_sources.json,P0-209b verification artifact; visual acceptance pending
docs.reports.animal.realism.candidate.plate,docs/reports/images/animal_realism/candidate_plate.png,Godot project capture,Godot 4.7.1,tools/capture_animal_realism.gd,not applicable,CC-BY-4.0 source models; project capture,Actual Godot visual evidence; source credits in assets/storybook/mammal_sources.json,P0-209b verification artifact; visual acceptance pending
docs.reports.animal.realism.after.side.plate,docs/reports/images/animal_realism/after_side_plate.png,Godot project capture,Godot 4.7.1,tools/capture_animal_realism.gd,not applicable,CC-BY-4.0 source models; project capture,Actual Godot visual evidence; source credits in assets/storybook/mammal_sources.json,P0-209b verification artifact; visual acceptance pending
docs.reports.animal.realism.after.pig.front,docs/reports/images/animal_realism/after_pig_front.png,Godot project capture,Godot 4.7.1,tools/capture_animal_realism.gd,not applicable,CC-BY-4.0 source models; project capture,Actual Godot visual evidence; source credits in assets/storybook/mammal_sources.json,P0-209b verification artifact; visual acceptance pending
docs.reports.animal.realism.after.dog.front,docs/reports/images/animal_realism/after_dog_front.png,Godot project capture,Godot 4.7.1,tools/capture_animal_realism.gd,not applicable,CC-BY-4.0 source models; project capture,Actual Godot visual evidence; source credits in assets/storybook/mammal_sources.json,P0-209b verification artifact; visual acceptance pending
docs.reports.animal.realism.before.hare,docs/reports/images/animal_realism/before_hare.png,Godot project capture,Godot 4.7.1,tools/capture_animal_realism.gd,not applicable,CC-BY-4.0 source models; project capture,Actual Godot visual evidence; source credits in assets/storybook/mammal_sources.json,P0-209b verification artifact; visual acceptance pending
docs.reports.animal.realism.after.rat.walk,docs/reports/images/animal_realism/after_rat_walk.png,Godot project capture,Godot 4.7.1,tools/capture_animal_realism.gd,not applicable,CC-BY-4.0 source models; project capture,Actual Godot visual evidence; source credits in assets/storybook/mammal_sources.json,P0-209b verification artifact; visual acceptance pending
docs.reports.animal.realism.after.goat.walk,docs/reports/images/animal_realism/after_goat_walk.png,Godot project capture,Godot 4.7.1,tools/capture_animal_realism.gd,not applicable,CC-BY-4.0 source models; project capture,Actual Godot visual evidence; source credits in assets/storybook/mammal_sources.json,P0-209b verification artifact; visual acceptance pending
docs.reports.animal.realism.after.fox.side,docs/reports/images/animal_realism/after_fox_side.png,Godot project capture,Godot 4.7.1,tools/capture_animal_realism.gd,not applicable,CC-BY-4.0 source models; project capture,Actual Godot visual evidence; source credits in assets/storybook/mammal_sources.json,P0-209b verification artifact; visual acceptance pending
docs.reports.animal.realism.candidate.dog,docs/reports/images/animal_realism/candidate_dog.png,Godot project capture,Godot 4.7.1,tools/capture_animal_realism.gd,not applicable,CC-BY-4.0 source models; project capture,Actual Godot visual evidence; source credits in assets/storybook/mammal_sources.json,P0-209b verification artifact; visual acceptance pending
docs.reports.animal.realism.candidate.forge.cat,docs/reports/images/animal_realism/candidate_forge_cat.png,Godot project capture,Godot 4.7.1,tools/capture_animal_realism.gd,not applicable,CC-BY-4.0 source models; project capture,Actual Godot visual evidence; source credits in assets/storybook/mammal_sources.json,P0-209b verification artifact; visual acceptance pending
docs.reports.animal.realism.after.forge.cat.walk,docs/reports/images/animal_realism/after_forge_cat_walk.png,Godot project capture,Godot 4.7.1,tools/capture_animal_realism.gd,not applicable,CC-BY-4.0 source models; project capture,Actual Godot visual evidence; source credits in assets/storybook/mammal_sources.json,P0-209b verification artifact; visual acceptance pending
docs.reports.animal.realism.candidate.pig.side.walk,docs/reports/images/animal_realism/candidate_pig_side_walk.png,Godot project capture,Godot 4.7.1,tools/capture_animal_realism.gd,not applicable,CC-BY-4.0 source models; project capture,Actual Godot visual evidence; source credits in assets/storybook/mammal_sources.json,P0-209b verification artifact; visual acceptance pending
docs.reports.animal.realism.after.sheep.side.walk,docs/reports/images/animal_realism/after_sheep_side_walk.png,Godot project capture,Godot 4.7.1,tools/capture_animal_realism.gd,not applicable,CC-BY-4.0 source models; project capture,Actual Godot visual evidence; source credits in assets/storybook/mammal_sources.json,P0-209b verification artifact; visual acceptance pending
docs.reports.animal.realism.legs.before.fox.side,docs/reports/images/animal_realism/legs_before_fox_side.png,Godot project capture,Godot 4.7.1,tools/capture_animal_realism.gd,not applicable,CC-BY-4.0 source models; project capture,Actual Godot visual evidence; source credits in assets/storybook/mammal_sources.json,P0-209b verification artifact; visual acceptance pending
docs.reports.animal.realism.candidate.rat.side.walk,docs/reports/images/animal_realism/candidate_rat_side_walk.png,Godot project capture,Godot 4.7.1,tools/capture_animal_realism.gd,not applicable,CC-BY-4.0 source models; project capture,Actual Godot visual evidence; source credits in assets/storybook/mammal_sources.json,P0-209b verification artifact; visual acceptance pending
docs.reports.animal.realism.before.forge.cat,docs/reports/images/animal_realism/before_forge_cat.png,Godot project capture,Godot 4.7.1,tools/capture_animal_realism.gd,not applicable,CC-BY-4.0 source models; project capture,Actual Godot visual evidence; source credits in assets/storybook/mammal_sources.json,P0-209b verification artifact; visual acceptance pending
docs.reports.animal.realism.after.fox,docs/reports/images/animal_realism/after_fox.png,Godot project capture,Godot 4.7.1,tools/capture_animal_realism.gd,not applicable,CC-BY-4.0 source models; project capture,Actual Godot visual evidence; source credits in assets/storybook/mammal_sources.json,P0-209b verification artifact; visual acceptance pending
docs.reports.animal.realism.candidate.goat,docs/reports/images/animal_realism/candidate_goat.png,Godot project capture,Godot 4.7.1,tools/capture_animal_realism.gd,not applicable,CC-BY-4.0 source models; project capture,Actual Godot visual evidence; source credits in assets/storybook/mammal_sources.json,P0-209b verification artifact; visual acceptance pending
docs.reports.animal.realism.legs.before.boar.side,docs/reports/images/animal_realism/legs_before_boar_side.png,Godot project capture,Godot 4.7.1,tools/capture_animal_realism.gd,not applicable,CC-BY-4.0 source models; project capture,Actual Godot visual evidence; source credits in assets/storybook/mammal_sources.json,P0-209b verification artifact; visual acceptance pending
docs.reports.animal.realism.before.boar,docs/reports/images/animal_realism/before_boar.png,Godot project capture,Godot 4.7.1,tools/capture_animal_realism.gd,not applicable,CC-BY-4.0 source models; project capture,Actual Godot visual evidence; source credits in assets/storybook/mammal_sources.json,P0-209b verification artifact; visual acceptance pending
docs.reports.animal.realism.candidate.pig,docs/reports/images/animal_realism/candidate_pig.png,Godot project capture,Godot 4.7.1,tools/capture_animal_realism.gd,not applicable,CC-BY-4.0 source models; project capture,Actual Godot visual evidence; source credits in assets/storybook/mammal_sources.json,P0-209b verification artifact; visual acceptance pending
docs.reports.animal.realism.after.front.plate,docs/reports/images/animal_realism/after_front_plate.png,Godot project capture,Godot 4.7.1,tools/capture_animal_realism.gd,not applicable,CC-BY-4.0 source models; project capture,Actual Godot visual evidence; source credits in assets/storybook/mammal_sources.json,P0-209b verification artifact; visual acceptance pending
docs.reports.animal.realism.before.rat,docs/reports/images/animal_realism/before_rat.png,Godot project capture,Godot 4.7.1,tools/capture_animal_realism.gd,not applicable,CC-BY-4.0 source models; project capture,Actual Godot visual evidence; source credits in assets/storybook/mammal_sources.json,P0-209b verification artifact; visual acceptance pending
docs.reports.animal.realism.after.pig.walk,docs/reports/images/animal_realism/after_pig_walk.png,Godot project capture,Godot 4.7.1,tools/capture_animal_realism.gd,not applicable,CC-BY-4.0 source models; project capture,Actual Godot visual evidence; source credits in assets/storybook/mammal_sources.json,P0-209b verification artifact; visual acceptance pending
docs.reports.animal.realism.before.sheep,docs/reports/images/animal_realism/before_sheep.png,Godot project capture,Godot 4.7.1,tools/capture_animal_realism.gd,not applicable,CC-BY-4.0 source models; project capture,Actual Godot visual evidence; source credits in assets/storybook/mammal_sources.json,P0-209b verification artifact; visual acceptance pending
docs.reports.animal.realism.candidate.fox.side.walk,docs/reports/images/animal_realism/candidate_fox_side_walk.png,Godot project capture,Godot 4.7.1,tools/capture_animal_realism.gd,not applicable,CC-BY-4.0 source models; project capture,Actual Godot visual evidence; source credits in assets/storybook/mammal_sources.json,P0-209b verification artifact; visual acceptance pending
docs.reports.animal.realism.after.goat.side,docs/reports/images/animal_realism/after_goat_side.png,Godot project capture,Godot 4.7.1,tools/capture_animal_realism.gd,not applicable,CC-BY-4.0 source models; project capture,Actual Godot visual evidence; source credits in assets/storybook/mammal_sources.json,P0-209b verification artifact; visual acceptance pending
docs.reports.animal.realism.after.rat.side,docs/reports/images/animal_realism/after_rat_side.png,Godot project capture,Godot 4.7.1,tools/capture_animal_realism.gd,not applicable,CC-BY-4.0 source models; project capture,Actual Godot visual evidence; source credits in assets/storybook/mammal_sources.json,P0-209b verification artifact; visual acceptance pending
docs.reports.animal.realism.after.fox.walk,docs/reports/images/animal_realism/after_fox_walk.png,Godot project capture,Godot 4.7.1,tools/capture_animal_realism.gd,not applicable,CC-BY-4.0 source models; project capture,Actual Godot visual evidence; source credits in assets/storybook/mammal_sources.json,P0-209b verification artifact; visual acceptance pending
docs.reports.animal.realism.after.rat.front,docs/reports/images/animal_realism/after_rat_front.png,Godot project capture,Godot 4.7.1,tools/capture_animal_realism.gd,not applicable,CC-BY-4.0 source models; project capture,Actual Godot visual evidence; source credits in assets/storybook/mammal_sources.json,P0-209b verification artifact; visual acceptance pending
docs.reports.animal.realism.candidate.boar.side.walk,docs/reports/images/animal_realism/candidate_boar_side_walk.png,Godot project capture,Godot 4.7.1,tools/capture_animal_realism.gd,not applicable,CC-BY-4.0 source models; project capture,Actual Godot visual evidence; source credits in assets/storybook/mammal_sources.json,P0-209b verification artifact; visual acceptance pending
docs.reports.animal.realism.candidate.hare.side.walk,docs/reports/images/animal_realism/candidate_hare_side_walk.png,Godot project capture,Godot 4.7.1,tools/capture_animal_realism.gd,not applicable,CC-BY-4.0 source models; project capture,Actual Godot visual evidence; source credits in assets/storybook/mammal_sources.json,P0-209b verification artifact; visual acceptance pending
docs.reports.animal.realism.legs.before.hare.side,docs/reports/images/animal_realism/legs_before_hare_side.png,Godot project capture,Godot 4.7.1,tools/capture_animal_realism.gd,not applicable,CC-BY-4.0 source models; project capture,Actual Godot visual evidence; source credits in assets/storybook/mammal_sources.json,P0-209b verification artifact; visual acceptance pending
docs.reports.animal.realism.after.fox.side.walk,docs/reports/images/animal_realism/after_fox_side_walk.png,Godot project capture,Godot 4.7.1,tools/capture_animal_realism.gd,not applicable,CC-BY-4.0 source models; project capture,Actual Godot visual evidence; source credits in assets/storybook/mammal_sources.json,P0-209b verification artifact; visual acceptance pending
docs.reports.animal.realism.legs.before.rat.side,docs/reports/images/animal_realism/legs_before_rat_side.png,Godot project capture,Godot 4.7.1,tools/capture_animal_realism.gd,not applicable,CC-BY-4.0 source models; project capture,Actual Godot visual evidence; source credits in assets/storybook/mammal_sources.json,P0-209b verification artifact; visual acceptance pending
docs.reports.animal.realism.after.goat.side.walk,docs/reports/images/animal_realism/after_goat_side_walk.png,Godot project capture,Godot 4.7.1,tools/capture_animal_realism.gd,not applicable,CC-BY-4.0 source models; project capture,Actual Godot visual evidence; source credits in assets/storybook/mammal_sources.json,P0-209b verification artifact; visual acceptance pending
docs.reports.animal.realism.candidate.hare,docs/reports/images/animal_realism/candidate_hare.png,Godot project capture,Godot 4.7.1,tools/capture_animal_realism.gd,not applicable,CC-BY-4.0 source models; project capture,Actual Godot visual evidence; source credits in assets/storybook/mammal_sources.json,P0-209b verification artifact; visual acceptance pending
docs.reports.animal.realism.legs.before.sheep.side,docs/reports/images/animal_realism/legs_before_sheep_side.png,Godot project capture,Godot 4.7.1,tools/capture_animal_realism.gd,not applicable,CC-BY-4.0 source models; project capture,Actual Godot visual evidence; source credits in assets/storybook/mammal_sources.json,P0-209b verification artifact; visual acceptance pending
docs.reports.animal.realism.after.pig,docs/reports/images/animal_realism/after_pig.png,Godot project capture,Godot 4.7.1,tools/capture_animal_realism.gd,not applicable,CC-BY-4.0 source models; project capture,Actual Godot visual evidence; source credits in assets/storybook/mammal_sources.json,P0-209b verification artifact; visual acceptance pending
docs.reports.animal.realism.after.side.walk.plate,docs/reports/images/animal_realism/after_side_walk_plate.png,Godot project capture,Godot 4.7.1,tools/capture_animal_realism.gd,not applicable,CC-BY-4.0 source models; project capture,Actual Godot visual evidence; source credits in assets/storybook/mammal_sources.json,P0-209b verification artifact; visual acceptance pending
docs.reports.animal.realism.after.plate,docs/reports/images/animal_realism/after_plate.png,Godot project capture,Godot 4.7.1,tools/capture_animal_realism.gd,not applicable,CC-BY-4.0 source models; project capture,Actual Godot visual evidence; source credits in assets/storybook/mammal_sources.json,P0-209b verification artifact; visual acceptance pending
docs.reports.animal.realism.candidate.fox,docs/reports/images/animal_realism/candidate_fox.png,Godot project capture,Godot 4.7.1,tools/capture_animal_realism.gd,not applicable,CC-BY-4.0 source models; project capture,Actual Godot visual evidence; source credits in assets/storybook/mammal_sources.json,P0-209b verification artifact; visual acceptance pending
docs.reports.animal.realism.after.forge.cat.front,docs/reports/images/animal_realism/after_forge_cat_front.png,Godot project capture,Godot 4.7.1,tools/capture_animal_realism.gd,not applicable,CC-BY-4.0 source models; project capture,Actual Godot visual evidence; source credits in assets/storybook/mammal_sources.json,P0-209b verification artifact; visual acceptance pending
docs.reports.animal.realism.after.forge.cat.side,docs/reports/images/animal_realism/after_forge_cat_side.png,Godot project capture,Godot 4.7.1,tools/capture_animal_realism.gd,not applicable,CC-BY-4.0 source models; project capture,Actual Godot visual evidence; source credits in assets/storybook/mammal_sources.json,P0-209b verification artifact; visual acceptance pending
docs.reports.animal.realism.before.dog,docs/reports/images/animal_realism/before_dog.png,Godot project capture,Godot 4.7.1,tools/capture_animal_realism.gd,not applicable,CC-BY-4.0 source models; project capture,Actual Godot visual evidence; source credits in assets/storybook/mammal_sources.json,P0-209b verification artifact; visual acceptance pending
docs.reports.animal.realism.legs.before.side.plate,docs/reports/images/animal_realism/legs_before_side_plate.png,Godot project capture,Godot 4.7.1,tools/capture_animal_realism.gd,not applicable,CC-BY-4.0 source models; project capture,Actual Godot visual evidence; source credits in assets/storybook/mammal_sources.json,P0-209b verification artifact; visual acceptance pending
docs.reports.animal.realism.candidate.forge.cat.walk,docs/reports/images/animal_realism/candidate_forge_cat_walk.png,Godot project capture,Godot 4.7.1,tools/capture_animal_realism.gd,not applicable,CC-BY-4.0 source models; project capture,Actual Godot visual evidence; source credits in assets/storybook/mammal_sources.json,P0-209b verification artifact; visual acceptance pending
docs.reports.animal.realism.candidate.sheep,docs/reports/images/animal_realism/candidate_sheep.png,Godot project capture,Godot 4.7.1,tools/capture_animal_realism.gd,not applicable,CC-BY-4.0 source models; project capture,Actual Godot visual evidence; source credits in assets/storybook/mammal_sources.json,P0-209b verification artifact; visual acceptance pending
docs.reports.animal.realism.legs.before.goat.side,docs/reports/images/animal_realism/legs_before_goat_side.png,Godot project capture,Godot 4.7.1,tools/capture_animal_realism.gd,not applicable,CC-BY-4.0 source models; project capture,Actual Godot visual evidence; source credits in assets/storybook/mammal_sources.json,P0-209b verification artifact; visual acceptance pending
docs.reports.animal.realism.candidate.side.walk.plate,docs/reports/images/animal_realism/candidate_side_walk_plate.png,Godot project capture,Godot 4.7.1,tools/capture_animal_realism.gd,not applicable,CC-BY-4.0 source models; project capture,Actual Godot visual evidence; source credits in assets/storybook/mammal_sources.json,P0-209b verification artifact; visual acceptance pending
docs.reports.animal.realism.after.fox.front,docs/reports/images/animal_realism/after_fox_front.png,Godot project capture,Godot 4.7.1,tools/capture_animal_realism.gd,not applicable,CC-BY-4.0 source models; project capture,Actual Godot visual evidence; source credits in assets/storybook/mammal_sources.json,P0-209b verification artifact; visual acceptance pending
docs.reports.animal.realism.after.dog.walk,docs/reports/images/animal_realism/after_dog_walk.png,Godot project capture,Godot 4.7.1,tools/capture_animal_realism.gd,not applicable,CC-BY-4.0 source models; project capture,Actual Godot visual evidence; source credits in assets/storybook/mammal_sources.json,P0-209b verification artifact; visual acceptance pending
docs.reports.animal.realism.after.goat.front,docs/reports/images/animal_realism/after_goat_front.png,Godot project capture,Godot 4.7.1,tools/capture_animal_realism.gd,not applicable,CC-BY-4.0 source models; project capture,Actual Godot visual evidence; source credits in assets/storybook/mammal_sources.json,P0-209b verification artifact; visual acceptance pending
docs.reports.animal.realism.after.hare,docs/reports/images/animal_realism/after_hare.png,Godot project capture,Godot 4.7.1,tools/capture_animal_realism.gd,not applicable,CC-BY-4.0 source models; project capture,Actual Godot visual evidence; source credits in assets/storybook/mammal_sources.json,P0-209b verification artifact; visual acceptance pending
docs.reports.animal.realism.after.hare.side,docs/reports/images/animal_realism/after_hare_side.png,Godot project capture,Godot 4.7.1,tools/capture_animal_realism.gd,not applicable,CC-BY-4.0 source models; project capture,Actual Godot visual evidence; source credits in assets/storybook/mammal_sources.json,P0-209b verification artifact; visual acceptance pending
docs.reports.animal.realism.after.sheep.walk,docs/reports/images/animal_realism/after_sheep_walk.png,Godot project capture,Godot 4.7.1,tools/capture_animal_realism.gd,not applicable,CC-BY-4.0 source models; project capture,Actual Godot visual evidence; source credits in assets/storybook/mammal_sources.json,P0-209b verification artifact; visual acceptance pending
docs.reports.animal.realism.after.goat,docs/reports/images/animal_realism/after_goat.png,Godot project capture,Godot 4.7.1,tools/capture_animal_realism.gd,not applicable,CC-BY-4.0 source models; project capture,Actual Godot visual evidence; source credits in assets/storybook/mammal_sources.json,P0-209b verification artifact; visual acceptance pending
docs.reports.animal.realism.after.boar.side,docs/reports/images/animal_realism/after_boar_side.png,Godot project capture,Godot 4.7.1,tools/capture_animal_realism.gd,not applicable,CC-BY-4.0 source models; project capture,Actual Godot visual evidence; source credits in assets/storybook/mammal_sources.json,P0-209b verification artifact; visual acceptance pending
docs.reports.animal.realism.after.walk.plate,docs/reports/images/animal_realism/after_walk_plate.png,Godot project capture,Godot 4.7.1,tools/capture_animal_realism.gd,not applicable,CC-BY-4.0 source models; project capture,Actual Godot visual evidence; source credits in assets/storybook/mammal_sources.json,P0-209b verification artifact; visual acceptance pending
assets.storybook.goat.image.0,assets/storybook/goat/goat_Image_0.jpg,hendrikReyneke; Blender adaptation,sculpted-mammals-v3; Blender 5.2,https://sketchfab.com/3d-models/goat-2624ac2ce2364930ba2d5f70eb7aa1ea; source SHA-256 2a8632783137dc2f10a0b80644937c771d74e713d21bfdadddebb7440b5733cb,not applicable,CC-BY-4.0,Scaled and oriented for runtime; UV and sculpted surfaces preserved; textures capped at 1024; rough dielectric materials; measured limb rig and six clips.,P0-209b maintainer-requested replacement; final visual acceptance pending
assets.storybook.pig.image.0,assets/storybook/pig/pig_Image_0.jpg,hendrikReyneke; Blender adaptation,sculpted-mammals-v3; Blender 5.2,https://sketchfab.com/3d-models/pig-041ea96fc6ae4839bf9ce16f8ea4ad68; source SHA-256 a029a0ec3f45a809f15b6f71a9a413c054cd3f0cb4d4137dc46f9504471cf9e5,not applicable,CC-BY-4.0,Scaled and oriented for runtime; UV and sculpted surfaces preserved; textures capped at 1024; rough dielectric materials; measured limb rig and six clips.,P0-209b maintainer-requested replacement; final visual acceptance pending
assets.storybook.sheep.t.sheep.basecolor,assets/storybook/sheep/sheep_T_Sheep_BaseColor.jpg,hendrikReyneke; Blender adaptation,sculpted-mammals-v3; Blender 5.2,https://sketchfab.com/3d-models/sheep-67abff7459f34afca11e3effab62c761; source SHA-256 d6a5caea71c63db6cae98472fcc9a34b531e19a77d3802358267e27113c20bf6,not applicable,CC-BY-4.0,Scaled and oriented for runtime; UV and sculpted surfaces preserved; textures capped at 1024; rough dielectric materials; measured limb rig and six clips.,P0-209b maintainer-requested replacement; final visual acceptance pending
assets.storybook.forge.cat.base.color,assets/storybook/forge_cat/forge_cat_base_color.jpg,iRahulRajput (rt699448); Blender adaptation,sculpted-mammals-v3; Blender 5.2,https://sketchfab.com/3d-models/cat-in-motion-3d-model-free-baa1120483c844e6bce9744f3f868c63; source SHA-256 0007dee476db39757e2ede2f5b68422b35efac4b10a899612dde929e97b67a96,not applicable,CC-BY-4.0,Scaled and oriented for runtime; UV and sculpted surfaces preserved; textures capped at 1024; rough dielectric materials; measured limb rig and six clips.,P0-209b maintainer-requested replacement; final visual acceptance pending
assets.storybook.forge.cat.normal,assets/storybook/forge_cat/forge_cat_normal.jpg,iRahulRajput (rt699448); Blender adaptation,sculpted-mammals-v3; Blender 5.2,https://sketchfab.com/3d-models/cat-in-motion-3d-model-free-baa1120483c844e6bce9744f3f868c63; source SHA-256 0007dee476db39757e2ede2f5b68422b35efac4b10a899612dde929e97b67a96,not applicable,CC-BY-4.0,Scaled and oriented for runtime; UV and sculpted surfaces preserved; textures capped at 1024; rough dielectric materials; measured limb rig and six clips.,P0-209b maintainer-requested replacement; final visual acceptance pending
assets.storybook.dog.image.0,assets/storybook/dog/dog_Image_0.jpg,3Dima (Hdjusj); Blender adaptation,sculpted-mammals-v3; Blender 5.2,https://sketchfab.com/3d-models/realistic-terrier-dog-game-ready-asset-51f498df96c049cbb9e600b0a88c5838; source SHA-256 41d7213a7fb9d8891ee8b8f2a7479ff9d9115885c75f1d249fe8f7f05c558450,not applicable,CC-BY-4.0,Scaled and oriented for runtime; UV and sculpted surfaces preserved; textures capped at 1024; rough dielectric materials; measured limb rig and six clips.,P0-209b maintainer-requested replacement; final visual acceptance pending
assets.storybook.fox.image.0,assets/storybook/fox/fox_Image_0.jpg,Pigcraft (s8819296); Blender adaptation,sculpted-mammals-v3; Blender 5.2,https://sketchfab.com/3d-models/red-fox-standing-pose-realistic-3278bddb17024f3287aa374cc1e9f6f6; source SHA-256 5802c4bff0f483a3da2cd26f71ec3f689696e574b4ac402314e023d2281f80e4,not applicable,CC-BY-4.0,Scaled and oriented for runtime; UV and sculpted surfaces preserved; textures capped at 1024; rough dielectric materials; measured limb rig and six clips.,P0-209b maintainer-requested replacement; final visual acceptance pending
assets.materials.pbr.building_variants.tile_red.albedo,assets/materials/pbr/building_variants/tile_red_albedo.png,tools/generate_building_surface_variants.py,burgher_house_kit_v2 painter,Deterministic 512 px albedo from burgher_house_kit_common.surface_texture; SHA-256 29d3127f14a1262dcc3892054f0646f360e593923a640cbeb2a5cd4f36810577,building_variant:tile_red,AGPL-3.0-or-later (project author),Tileable 1343 wall/roof variant so cloned house GLBs can swap albedo/normal without a second mesh.,"approved - deterministic kit painter, Leonardo unavailable"
assets.materials.pbr.building_variants.tile_red.normal,assets/materials/pbr/building_variants/tile_red_normal.png,tools/generate_building_surface_variants.py,burgher_house_kit_v2 painter,Deterministic 512 px normal from burgher_house_kit_common.surface_texture; SHA-256 77d1efd0391b7b0ce8d681e3051fde0679688f11fe18078e2d08c895240a7b1e,building_variant:tile_red,AGPL-3.0-or-later (project author),Tileable 1343 wall/roof variant so cloned house GLBs can swap albedo/normal without a second mesh.,"approved - deterministic kit painter, Leonardo unavailable"
assets.materials.pbr.building_variants.tile_umber.albedo,assets/materials/pbr/building_variants/tile_umber_albedo.png,tools/generate_building_surface_variants.py,burgher_house_kit_v2 painter,Deterministic 512 px albedo from burgher_house_kit_common.surface_texture; SHA-256 67e3b0256e74093f62b0afc3a9d8cbee32e489715bd49bb7c157cbf8161281ec,building_variant:tile_umber,AGPL-3.0-or-later (project author),Tileable 1343 wall/roof variant so cloned house GLBs can swap albedo/normal without a second mesh.,"approved - deterministic kit painter, Leonardo unavailable"
assets.materials.pbr.building_variants.tile_umber.normal,assets/materials/pbr/building_variants/tile_umber_normal.png,tools/generate_building_surface_variants.py,burgher_house_kit_v2 painter,Deterministic 512 px normal from burgher_house_kit_common.surface_texture; SHA-256 22603df76459cef9a6bac1c2595cc65f74a142bed0c88e93dcf87c856641a96c,building_variant:tile_umber,AGPL-3.0-or-later (project author),Tileable 1343 wall/roof variant so cloned house GLBs can swap albedo/normal without a second mesh.,"approved - deterministic kit painter, Leonardo unavailable"
assets.materials.pbr.building_variants.tile_moss.albedo,assets/materials/pbr/building_variants/tile_moss_albedo.png,tools/generate_building_surface_variants.py,burgher_house_kit_v2 painter,Deterministic 512 px albedo from burgher_house_kit_common.surface_texture; SHA-256 eb2f063bdeebb1d8143a2b25f84aecfa438b8d0298d8710ffdd47962d977a21e,building_variant:tile_moss,AGPL-3.0-or-later (project author),Tileable 1343 wall/roof variant so cloned house GLBs can swap albedo/normal without a second mesh.,"approved - deterministic kit painter, Leonardo unavailable"
assets.materials.pbr.building_variants.tile_moss.normal,assets/materials/pbr/building_variants/tile_moss_normal.png,tools/generate_building_surface_variants.py,burgher_house_kit_v2 painter,Deterministic 512 px normal from burgher_house_kit_common.surface_texture; SHA-256 c1f30bbf50562bd4db95a4ec5fda364178ba822eb27dfb4d731bfba071172188,building_variant:tile_moss,AGPL-3.0-or-later (project author),Tileable 1343 wall/roof variant so cloned house GLBs can swap albedo/normal without a second mesh.,"approved - deterministic kit painter, Leonardo unavailable"
assets.materials.pbr.building_variants.shingle_silver.albedo,assets/materials/pbr/building_variants/shingle_silver_albedo.png,tools/generate_building_surface_variants.py,burgher_house_kit_v2 painter,Deterministic 512 px albedo from burgher_house_kit_common.surface_texture; SHA-256 5281fcf53e9d6a310111b58392d1103f489486fab3735cf279d43f76372fc021,building_variant:shingle_silver,AGPL-3.0-or-later (project author),Tileable 1343 wall/roof variant so cloned house GLBs can swap albedo/normal without a second mesh.,"approved - deterministic kit painter, Leonardo unavailable"
assets.materials.pbr.building_variants.shingle_silver.normal,assets/materials/pbr/building_variants/shingle_silver_normal.png,tools/generate_building_surface_variants.py,burgher_house_kit_v2 painter,Deterministic 512 px normal from burgher_house_kit_common.surface_texture; SHA-256 39d39cb6c666617a22bec3075f8cf509dac2b1aaee005688aa06f2cfd43363dc,building_variant:shingle_silver,AGPL-3.0-or-later (project author),Tileable 1343 wall/roof variant so cloned house GLBs can swap albedo/normal without a second mesh.,"approved - deterministic kit painter, Leonardo unavailable"
assets.materials.pbr.building_variants.shingle_oak.albedo,assets/materials/pbr/building_variants/shingle_oak_albedo.png,tools/generate_building_surface_variants.py,burgher_house_kit_v2 painter,Deterministic 512 px albedo from burgher_house_kit_common.surface_texture; SHA-256 5f6408d938147c0e382c0b18c2fa3dc596c2b2374d7296b17c4410dd0b238bcb,building_variant:shingle_oak,AGPL-3.0-or-later (project author),Tileable 1343 wall/roof variant so cloned house GLBs can swap albedo/normal without a second mesh.,"approved - deterministic kit painter, Leonardo unavailable"
assets.materials.pbr.building_variants.shingle_oak.normal,assets/materials/pbr/building_variants/shingle_oak_normal.png,tools/generate_building_surface_variants.py,burgher_house_kit_v2 painter,Deterministic 512 px normal from burgher_house_kit_common.surface_texture; SHA-256 e33f13810a3e91dfd6500cad6880d5b6fbe19c126f9cffa76759b42f25a05fa1,building_variant:shingle_oak,AGPL-3.0-or-later (project author),Tileable 1343 wall/roof variant so cloned house GLBs can swap albedo/normal without a second mesh.,"approved - deterministic kit painter, Leonardo unavailable"
assets.materials.pbr.building_variants.shingle_moss.albedo,assets/materials/pbr/building_variants/shingle_moss_albedo.png,tools/generate_building_surface_variants.py,burgher_house_kit_v2 painter,Deterministic 512 px albedo from burgher_house_kit_common.surface_texture; SHA-256 55fee82970fd1b736fe19d52368a222470262657111e30e02d7cee6a3374aa7c,building_variant:shingle_moss,AGPL-3.0-or-later (project author),Tileable 1343 wall/roof variant so cloned house GLBs can swap albedo/normal without a second mesh.,"approved - deterministic kit painter, Leonardo unavailable"
assets.materials.pbr.building_variants.shingle_moss.normal,assets/materials/pbr/building_variants/shingle_moss_normal.png,tools/generate_building_surface_variants.py,burgher_house_kit_v2 painter,Deterministic 512 px normal from burgher_house_kit_common.surface_texture; SHA-256 5c22a8814d2940b82a5c94e9ad773c03f6dc1ca2619b4c69d0c0385919194454,building_variant:shingle_moss,AGPL-3.0-or-later (project author),Tileable 1343 wall/roof variant so cloned house GLBs can swap albedo/normal without a second mesh.,"approved - deterministic kit painter, Leonardo unavailable"
assets.materials.pbr.building_variants.thatch_gold.albedo,assets/materials/pbr/building_variants/thatch_gold_albedo.png,tools/generate_building_surface_variants.py,burgher_house_kit_v2 painter,Deterministic 512 px albedo from burgher_house_kit_common.surface_texture; SHA-256 b194c45f5fbf6870a6e059cf2024c40ed3be554f8a6e788948d7ea613f7807d5,building_variant:thatch_gold,AGPL-3.0-or-later (project author),Tileable 1343 wall/roof variant so cloned house GLBs can swap albedo/normal without a second mesh.,"approved - deterministic kit painter, Leonardo unavailable"
assets.materials.pbr.building_variants.thatch_gold.normal,assets/materials/pbr/building_variants/thatch_gold_normal.png,tools/generate_building_surface_variants.py,burgher_house_kit_v2 painter,Deterministic 512 px normal from burgher_house_kit_common.surface_texture; SHA-256 3077677e84ad5ed942acd384f4c7956e685cd4e10fcc67c45b55b4420dd74102,building_variant:thatch_gold,AGPL-3.0-or-later (project author),Tileable 1343 wall/roof variant so cloned house GLBs can swap albedo/normal without a second mesh.,"approved - deterministic kit painter, Leonardo unavailable"
assets.materials.pbr.building_variants.thatch_olive.albedo,assets/materials/pbr/building_variants/thatch_olive_albedo.png,tools/generate_building_surface_variants.py,burgher_house_kit_v2 painter,Deterministic 512 px albedo from burgher_house_kit_common.surface_texture; SHA-256 74c9bb28ca77be427655c90e5441f206be669de0a1ccb69808d6f9d32ee17d36,building_variant:thatch_olive,AGPL-3.0-or-later (project author),Tileable 1343 wall/roof variant so cloned house GLBs can swap albedo/normal without a second mesh.,"approved - deterministic kit painter, Leonardo unavailable"
assets.materials.pbr.building_variants.thatch_olive.normal,assets/materials/pbr/building_variants/thatch_olive_normal.png,tools/generate_building_surface_variants.py,burgher_house_kit_v2 painter,Deterministic 512 px normal from burgher_house_kit_common.surface_texture; SHA-256 7f646a6b64c2373d319a1b360147a6bbe1f499ad7ffde68467b4620c6c277bed,building_variant:thatch_olive,AGPL-3.0-or-later (project author),Tileable 1343 wall/roof variant so cloned house GLBs can swap albedo/normal without a second mesh.,"approved - deterministic kit painter, Leonardo unavailable"
assets.materials.pbr.building_variants.thatch_ash.albedo,assets/materials/pbr/building_variants/thatch_ash_albedo.png,tools/generate_building_surface_variants.py,burgher_house_kit_v2 painter,Deterministic 512 px albedo from burgher_house_kit_common.surface_texture; SHA-256 1a38d364d9aa51b5372cac888a3e596d59a06e7ecec3ba560c6ce7925ed560f4,building_variant:thatch_ash,AGPL-3.0-or-later (project author),Tileable 1343 wall/roof variant so cloned house GLBs can swap albedo/normal without a second mesh.,"approved - deterministic kit painter, Leonardo unavailable"
assets.materials.pbr.building_variants.thatch_ash.normal,assets/materials/pbr/building_variants/thatch_ash_normal.png,tools/generate_building_surface_variants.py,burgher_house_kit_v2 painter,Deterministic 512 px normal from burgher_house_kit_common.surface_texture; SHA-256 20e7497e7805a494fa039aaee181d857123110401f2c4d6cc59333276ababdd0,building_variant:thatch_ash,AGPL-3.0-or-later (project author),Tileable 1343 wall/roof variant so cloned house GLBs can swap albedo/normal without a second mesh.,"approved - deterministic kit painter, Leonardo unavailable"
assets.materials.pbr.building_variants.rubble_pale.albedo,assets/materials/pbr/building_variants/rubble_pale_albedo.png,tools/generate_building_surface_variants.py,burgher_house_kit_v2 painter,Deterministic 512 px albedo from burgher_house_kit_common.surface_texture; SHA-256 37b86882710af31f98229f66b3ba0c3738f787fa16f5895819e2ddb1ac53e0a3,building_variant:rubble_pale,AGPL-3.0-or-later (project author),Tileable 1343 wall/roof variant so cloned house GLBs can swap albedo/normal without a second mesh.,"approved - deterministic kit painter, Leonardo unavailable"
assets.materials.pbr.building_variants.rubble_pale.normal,assets/materials/pbr/building_variants/rubble_pale_normal.png,tools/generate_building_surface_variants.py,burgher_house_kit_v2 painter,Deterministic 512 px normal from burgher_house_kit_common.surface_texture; SHA-256 b1a8b257f82c54c86cbe6a14ab31b233e775b8293270ed4655794a89b6790a27,building_variant:rubble_pale,AGPL-3.0-or-later (project author),Tileable 1343 wall/roof variant so cloned house GLBs can swap albedo/normal without a second mesh.,"approved - deterministic kit painter, Leonardo unavailable"
assets.materials.pbr.building_variants.rubble_buff.albedo,assets/materials/pbr/building_variants/rubble_buff_albedo.png,tools/generate_building_surface_variants.py,burgher_house_kit_v2 painter,Deterministic 512 px albedo from burgher_house_kit_common.surface_texture; SHA-256 0beac9528f239274b783e4ac18b50111d542144da3b57872337d8343bf57dc89,building_variant:rubble_buff,AGPL-3.0-or-later (project author),Tileable 1343 wall/roof variant so cloned house GLBs can swap albedo/normal without a second mesh.,"approved - deterministic kit painter, Leonardo unavailable"
assets.materials.pbr.building_variants.rubble_buff.normal,assets/materials/pbr/building_variants/rubble_buff_normal.png,tools/generate_building_surface_variants.py,burgher_house_kit_v2 painter,Deterministic 512 px normal from burgher_house_kit_common.surface_texture; SHA-256 63a76de759d5eb36d123ed2d81877f01ad35a956fe7b5360a4f4455d1b431eff,building_variant:rubble_buff,AGPL-3.0-or-later (project author),Tileable 1343 wall/roof variant so cloned house GLBs can swap albedo/normal without a second mesh.,"approved - deterministic kit painter, Leonardo unavailable"
assets.materials.pbr.building_variants.rubble_dark.albedo,assets/materials/pbr/building_variants/rubble_dark_albedo.png,tools/generate_building_surface_variants.py,burgher_house_kit_v2 painter,Deterministic 512 px albedo from burgher_house_kit_common.surface_texture; SHA-256 c42921d6df5610156f2704c0aa479ab6739db7a3fa66807e7a5badc543eb9fac,building_variant:rubble_dark,AGPL-3.0-or-later (project author),Tileable 1343 wall/roof variant so cloned house GLBs can swap albedo/normal without a second mesh.,"approved - deterministic kit painter, Leonardo unavailable"
assets.materials.pbr.building_variants.rubble_dark.normal,assets/materials/pbr/building_variants/rubble_dark_normal.png,tools/generate_building_surface_variants.py,burgher_house_kit_v2 painter,Deterministic 512 px normal from burgher_house_kit_common.surface_texture; SHA-256 b8f3c52368f05b8e3b768b96fbc46a32e23788edd286a61302b0a16ffd7f3589,building_variant:rubble_dark,AGPL-3.0-or-later (project author),Tileable 1343 wall/roof variant so cloned house GLBs can swap albedo/normal without a second mesh.,"approved - deterministic kit painter, Leonardo unavailable"
assets.materials.pbr.building_variants.render_cream.albedo,assets/materials/pbr/building_variants/render_cream_albedo.png,tools/generate_building_surface_variants.py,burgher_house_kit_v2 painter,Deterministic 512 px albedo from burgher_house_kit_common.surface_texture; SHA-256 651594972d6c62775b2a1d1cc8077f03bd22fc960b96622c4dc0d23bd2bec182,building_variant:render_cream,AGPL-3.0-or-later (project author),Tileable 1343 wall/roof variant so cloned house GLBs can swap albedo/normal without a second mesh.,"approved - deterministic kit painter, Leonardo unavailable"
assets.materials.pbr.building_variants.render_cream.normal,assets/materials/pbr/building_variants/render_cream_normal.png,tools/generate_building_surface_variants.py,burgher_house_kit_v2 painter,Deterministic 512 px normal from burgher_house_kit_common.surface_texture; SHA-256 fd697efeaf45a96e207372b2dabb241b71f9ce59bd0110a21e3bf87bfba64644,building_variant:render_cream,AGPL-3.0-or-later (project author),Tileable 1343 wall/roof variant so cloned house GLBs can swap albedo/normal without a second mesh.,"approved - deterministic kit painter, Leonardo unavailable"
assets.materials.pbr.building_variants.render_ochre.albedo,assets/materials/pbr/building_variants/render_ochre_albedo.png,tools/generate_building_surface_variants.py,burgher_house_kit_v2 painter,Deterministic 512 px albedo from burgher_house_kit_common.surface_texture; SHA-256 5f2d17f248f4d3fd704aa2d94fe0f1749d55052759c9101fc36c3c26ad7c85f6,building_variant:render_ochre,AGPL-3.0-or-later (project author),Tileable 1343 wall/roof variant so cloned house GLBs can swap albedo/normal without a second mesh.,"approved - deterministic kit painter, Leonardo unavailable"
assets.materials.pbr.building_variants.render_ochre.normal,assets/materials/pbr/building_variants/render_ochre_normal.png,tools/generate_building_surface_variants.py,burgher_house_kit_v2 painter,Deterministic 512 px normal from burgher_house_kit_common.surface_texture; SHA-256 1f5a887f36309d7d2477351f1def5b14b01bb1dbcd47ddef1c7eaf50b9b50993,building_variant:render_ochre,AGPL-3.0-or-later (project author),Tileable 1343 wall/roof variant so cloned house GLBs can swap albedo/normal without a second mesh.,"approved - deterministic kit painter, Leonardo unavailable"
assets.materials.pbr.building_variants.render_soot.albedo,assets/materials/pbr/building_variants/render_soot_albedo.png,tools/generate_building_surface_variants.py,burgher_house_kit_v2 painter,Deterministic 512 px albedo from burgher_house_kit_common.surface_texture; SHA-256 4b8159c60458c68f429055f3d12362dd019a21fabf6300a8cfb68911ab12589a,building_variant:render_soot,AGPL-3.0-or-later (project author),Tileable 1343 wall/roof variant so cloned house GLBs can swap albedo/normal without a second mesh.,"approved - deterministic kit painter, Leonardo unavailable"
assets.materials.pbr.building_variants.render_soot.normal,assets/materials/pbr/building_variants/render_soot_normal.png,tools/generate_building_surface_variants.py,burgher_house_kit_v2 painter,Deterministic 512 px normal from burgher_house_kit_common.surface_texture; SHA-256 c7bfbc58b05a779ba05ceefe3272259c426b0906e9a572ea1fa51da0b7690d84,building_variant:render_soot,AGPL-3.0-or-later (project author),Tileable 1343 wall/roof variant so cloned house GLBs can swap albedo/normal without a second mesh.,"approved - deterministic kit painter, Leonardo unavailable"
assets.materials.pbr.building_variants.limewash_chalk.albedo,assets/materials/pbr/building_variants/limewash_chalk_albedo.png,tools/generate_building_surface_variants.py,burgher_house_kit_v2 painter,Deterministic 512 px albedo from burgher_house_kit_common.surface_texture; SHA-256 b68da7493191830dd8a9eb487528129d5f3b5d8c25925361ffb39eaaf19f84b7,building_variant:limewash_chalk,AGPL-3.0-or-later (project author),Tileable 1343 wall/roof variant so cloned house GLBs can swap albedo/normal without a second mesh.,"approved - deterministic kit painter, Leonardo unavailable"
assets.materials.pbr.building_variants.limewash_chalk.normal,assets/materials/pbr/building_variants/limewash_chalk_normal.png,tools/generate_building_surface_variants.py,burgher_house_kit_v2 painter,Deterministic 512 px normal from burgher_house_kit_common.surface_texture; SHA-256 1710198e18145fe1979bd402eca6899edf9dacdcaf0a29dfaaa154766fe0a6bd,building_variant:limewash_chalk,AGPL-3.0-or-later (project author),Tileable 1343 wall/roof variant so cloned house GLBs can swap albedo/normal without a second mesh.,"approved - deterministic kit painter, Leonardo unavailable"
assets.materials.pbr.building_variants.limewash_straw.albedo,assets/materials/pbr/building_variants/limewash_straw_albedo.png,tools/generate_building_surface_variants.py,burgher_house_kit_v2 painter,Deterministic 512 px albedo from burgher_house_kit_common.surface_texture; SHA-256 462a413eef097786fee9f610907a674f69605e89015af137a34c215022ef4a31,building_variant:limewash_straw,AGPL-3.0-or-later (project author),Tileable 1343 wall/roof variant so cloned house GLBs can swap albedo/normal without a second mesh.,"approved - deterministic kit painter, Leonardo unavailable"
assets.materials.pbr.building_variants.limewash_straw.normal,assets/materials/pbr/building_variants/limewash_straw_normal.png,tools/generate_building_surface_variants.py,burgher_house_kit_v2 painter,Deterministic 512 px normal from burgher_house_kit_common.surface_texture; SHA-256 0c81ea3f2fa759ef197d8c1e397b49a00b5973d727487ba310b774df3f3497dd,building_variant:limewash_straw,AGPL-3.0-or-later (project author),Tileable 1343 wall/roof variant so cloned house GLBs can swap albedo/normal without a second mesh.,"approved - deterministic kit painter, Leonardo unavailable"
assets.materials.pbr.building_variants.limewash_clay.albedo,assets/materials/pbr/building_variants/limewash_clay_albedo.png,tools/generate_building_surface_variants.py,burgher_house_kit_v2 painter,Deterministic 512 px albedo from burgher_house_kit_common.surface_texture; SHA-256 336e8a1af97444c7e7182fba061b34fc0d62f7ec14ee7a1d400091bca8e19055,building_variant:limewash_clay,AGPL-3.0-or-later (project author),Tileable 1343 wall/roof variant so cloned house GLBs can swap albedo/normal without a second mesh.,"approved - deterministic kit painter, Leonardo unavailable"
assets.materials.pbr.building_variants.limewash_clay.normal,assets/materials/pbr/building_variants/limewash_clay_normal.png,tools/generate_building_surface_variants.py,burgher_house_kit_v2 painter,Deterministic 512 px normal from burgher_house_kit_common.surface_texture; SHA-256 2071d46a68a9405a860d9e3e28ebe6376fd7fc26c2f0b19d8e24e69c2f01db06,building_variant:limewash_clay,AGPL-3.0-or-later (project author),Tileable 1343 wall/roof variant so cloned house GLBs can swap albedo/normal without a second mesh.,"approved - deterministic kit painter, Leonardo unavailable"
assets.materials.pbr.building_variants.log_pine.albedo,assets/materials/pbr/building_variants/log_pine_albedo.png,tools/generate_building_surface_variants.py,burgher_house_kit_v2 painter,Deterministic 512 px albedo from burgher_house_kit_common.surface_texture; SHA-256 8cdf02aec6dcef8390e61f211be85c2115b229b48fd38e25ab1b38d67194a470,building_variant:log_pine,AGPL-3.0-or-later (project author),Tileable 1343 wall/roof variant so cloned house GLBs can swap albedo/normal without a second mesh.,"approved - deterministic kit painter, Leonardo unavailable"
assets.materials.pbr.building_variants.log_pine.normal,assets/materials/pbr/building_variants/log_pine_normal.png,tools/generate_building_surface_variants.py,burgher_house_kit_v2 painter,Deterministic 512 px normal from burgher_house_kit_common.surface_texture; SHA-256 10575aa4271a9ad86f02654cec1537a3a7609dea5892e30af3ad84a668430c81,building_variant:log_pine,AGPL-3.0-or-later (project author),Tileable 1343 wall/roof variant so cloned house GLBs can swap albedo/normal without a second mesh.,"approved - deterministic kit painter, Leonardo unavailable"
assets.materials.pbr.building_variants.log_weathered.albedo,assets/materials/pbr/building_variants/log_weathered_albedo.png,tools/generate_building_surface_variants.py,burgher_house_kit_v2 painter,Deterministic 512 px albedo from burgher_house_kit_common.surface_texture; SHA-256 0912338a0de6b3845d60844412345659a11a3c4dabe8b75c2c2af451d42e87c8,building_variant:log_weathered,AGPL-3.0-or-later (project author),Tileable 1343 wall/roof variant so cloned house GLBs can swap albedo/normal without a second mesh.,"approved - deterministic kit painter, Leonardo unavailable"
assets.materials.pbr.building_variants.log_weathered.normal,assets/materials/pbr/building_variants/log_weathered_normal.png,tools/generate_building_surface_variants.py,burgher_house_kit_v2 painter,Deterministic 512 px normal from burgher_house_kit_common.surface_texture; SHA-256 5d541a2d9cddef577dc1df1b5710f2515073a089dd60e8b051f96f0a332406af,building_variant:log_weathered,AGPL-3.0-or-later (project author),Tileable 1343 wall/roof variant so cloned house GLBs can swap albedo/normal without a second mesh.,"approved - deterministic kit painter, Leonardo unavailable"
assets.materials.pbr.building_variants.log_tar.albedo,assets/materials/pbr/building_variants/log_tar_albedo.png,tools/generate_building_surface_variants.py,burgher_house_kit_v2 painter,Deterministic 512 px albedo from burgher_house_kit_common.surface_texture; SHA-256 bb342b3a50d345fe5badb5435440a20d6f06b3cb54deebe1e60ba268c29f3015,building_variant:log_tar,AGPL-3.0-or-later (project author),Tileable 1343 wall/roof variant so cloned house GLBs can swap albedo/normal without a second mesh.,"approved - deterministic kit painter, Leonardo unavailable"
assets.materials.pbr.building_variants.log_tar.normal,assets/materials/pbr/building_variants/log_tar_normal.png,tools/generate_building_surface_variants.py,burgher_house_kit_v2 painter,Deterministic 512 px normal from burgher_house_kit_common.surface_texture; SHA-256 d577091ca5eacb26e215adac480c05f50f16f2e0a0f0d5a739f297ec4b6ac5a8,building_variant:log_tar,AGPL-3.0-or-later (project author),Tileable 1343 wall/roof variant so cloned house GLBs can swap albedo/normal without a second mesh.,"approved - deterministic kit painter, Leonardo unavailable"
assets.storybook.cow,assets/storybook/cow/cow.glb,project maintainer,project-authored procedural closed anatomy + Blender 5.2 remesh and rig,Relocated from assets/animals/medieval/medieval_cattle.glb; runtime SHA-256 266ad268cd41d1c1b97747136d0b1ae3ea38e32a6ecae517c0c56275f59a1e74,208744131,AGPL-3.0-or-later (project author),"Deterministic single-surface cattle anatomy with broad barrel, fitted face, horns, udder, cloven hooves, embedded 512 px PBR maps, fitted eyes/nostrils, and Idle/Walk clips.",approved - relocated livestock runtime model
assets.storybook.horse,assets/storybook/horse/horse.glb,project maintainer,project-authored procedural closed anatomy + Blender 5.2 remesh and rig,Relocated from assets/animals/medieval/medieval_pack_horse.glb; runtime SHA-256 018efdbae3c4eb25ae3b5adf87a6b4f8e84c3d086a88826444c582be7ea5a79b,208744133,AGPL-3.0-or-later (project author),"Closed draft-horse body with arched neck, mane crest, embedded deterministic PBR, one armature, grounded mesh, and Idle-loop/Walk-loop clips.",approved - relocated livestock runtime model
assets.animals.medieval.horse,assets/animals/medieval/medieval_horse.glb,project maintainer,generated/blender/medieval_horse_v1/build_medieval_horse.py with Blender 5.2 LTS,Standalone A-002 draught/cart export from assets/storybook/horse/horse.glb; SHA-256 feb21d3095234a8e4490a1548da955f455fc66db6c465a17b29e10cfed296166,208744133,AGPL-3.0-or-later (project author),Generic stocky draft/cob service horse with Idle-loop and Walk-loop clips; no cavalry tack; 2.37 x 0.816 x 1.65 m grounded export.,approved - A-002 standalone horse deliverable
assets.animals.medieval.horse.pack_horse.normal,assets/animals/medieval/medieval_horse_pack_horse_normal.png,project maintainer,Godot 4.7 glTF import sidecar,Embedded pack-horse normal extracted from medieval_horse.glb; SHA-256 2b842a43ab79b9c856e2aba3b380c51a219205f5575478d74a65c2f3fbc61b84,208744133,AGPL-3.0-or-later (project author),Deterministic tangent-space short-hair normal; regenerate only by re-importing medieval_horse.glb.,approved - derived from assets.animals.medieval.horse
assets.animals.medieval.horse.pack_horse.roughness,assets/animals/medieval/medieval_horse_pack_horse_roughness.png,project maintainer,Godot 4.7 glTF import sidecar,Embedded pack-horse roughness extracted from medieval_horse.glb; SHA-256 7f96fb4dbb881c555c5a08fa68885abe42f9e36155afdffca8920ebf2c9086fd,208744133,AGPL-3.0-or-later (project author),Deterministic matte hide roughness; regenerate only by re-importing medieval_horse.glb.,approved - derived from assets.animals.medieval.horse
assets.storybook.cow.cattle.normal,assets/storybook/cow/cow_cattle_normal.png,project maintainer,Godot 4.7 glTF import sidecar,Embedded cattle normal extracted from cow.glb; SHA-256 38c508563c4070b9f3f46a7811736b9a3cc1de196f746430d7aa0f528d60b6d3,208744131,AGPL-3.0-or-later (project author),Deterministic tangent-space hide normal; regenerate only by re-importing cow.glb.,approved - derived from assets.storybook.cow
assets.storybook.cow.cattle.roughness,assets/storybook/cow/cow_cattle_roughness.png,project maintainer,Godot 4.7 glTF import sidecar,Embedded cattle roughness extracted from cow.glb; SHA-256 7f96fb4dbb881c555c5a08fa68885abe42f9e36155afdffca8920ebf2c9086fd,208744131,AGPL-3.0-or-later (project author),Deterministic matte hide roughness; regenerate only by re-importing cow.glb.,approved - derived from assets.storybook.cow
assets.storybook.horse.pack_horse.normal,assets/storybook/horse/horse_pack_horse_normal.png,project maintainer,Godot 4.7 glTF import sidecar,Embedded pack-horse normal extracted from horse.glb; SHA-256 2b842a43ab79b9c856e2aba3b380c51a219205f5575478d74a65c2f3fbc61b84,208744133,AGPL-3.0-or-later (project author),Deterministic tangent-space short-hair normal; regenerate only by re-importing horse.glb.,approved - derived from assets.storybook.horse
assets.storybook.horse.pack_horse.roughness,assets/storybook/horse/horse_pack_horse_roughness.png,project maintainer,Godot 4.7 glTF import sidecar,Embedded pack-horse roughness extracted from horse.glb; SHA-256 7f96fb4dbb881c555c5a08fa68885abe42f9e36155afdffca8920ebf2c9086fd,208744133,AGPL-3.0-or-later (project author),Deterministic matte hide roughness; regenerate only by re-importing horse.glb.,approved - derived from assets.storybook.horse
assets.storybook.goose,assets/storybook/goose/goose.glb,project maintainer,tools/assets/build_bird_gaits.py with Blender 5.2 LTS,Relocated from assets/birds/greylag_goose/walking.glb; runtime SHA-256 affa0ee9014158bbf6be5c1b4f93419e01cd368883af16c3915904d32b199f6f,87060,AGPL-3.0-or-later (project author),"Deterministic Idle/Walk gait rig for domestic yard geese; corrected upside-down orientation, grounded feet, shared livestock skeleton names, and preserved embedded PBR materials.",approved - relocated livestock runtime model
assets.storybook.goose.greylag_goose.albedo,assets/storybook/goose/goose_greylag_goose_albedo.png,project maintainer,Godot 4.7 glTF import sidecar,Embedded greylag goose albedo extracted from goose.glb; SHA-256 ab5140637b7f6192e92fac400e32e957c8a7b1682cddd128e96e0bfbaef50639,87060,AGPL-3.0-or-later (project author),Deterministic albedo map; regenerate only by re-importing goose.glb.,approved - derived from assets.storybook.goose
assets.storybook.goose.greylag_goose.normal,assets/storybook/goose/goose_greylag_goose_normal.png,project maintainer,Godot 4.7 glTF import sidecar,Embedded greylag goose normal extracted from goose.glb; SHA-256 ab5140637b7f6192e92fac400e32e957c8a7b1682cddd128e96e0bfbaef50639,87060,AGPL-3.0-or-later (project author),Deterministic normal map; regenerate only by re-importing goose.glb.,approved - derived from assets.storybook.goose
assets.storybook.goose.greylag_goose.roughness,assets/storybook/goose/goose_greylag_goose_roughness.png,project maintainer,Godot 4.7 glTF import sidecar,Embedded greylag goose roughness extracted from goose.glb; SHA-256 89bdc1fc5c581d10341e542adcca197a8b20965702e37815c7d9a4bfc177ed6e,87060,AGPL-3.0-or-later (project author),Deterministic roughness map; regenerate only by re-importing goose.glb.,approved - derived from assets.storybook.goose
assets.materials.pbr.mud.albedo,assets/materials/pbr/mud/mud_albedo.png,Leonardo AI,configured realism model 05ce0082-2d80-4a2d-8653-4d1c85e2418e,generated/leonardo/mud_yard_v2/prompt.json; generation bc9396c6-8ffb-45a6-ad64-68e346dcd7d7 candidate 2; SHA-256 c4f9d05f403613455363811989b1a966cdc184585d7c79e8f9db72fa729c9da1,bc9396c6-8ffb-45a6-ad64-68e346dcd7d7,AGPL-3.0-or-later (project author),Leonardo plate welded to 512 px; grass/mud/timber/hay sample native 512 where wired.,approved - maintainer-requested terrain plate refresh (2026-09-24)
assets.materials.pbr.limestone_rubble.albedo,assets/materials/pbr/limestone_rubble/limestone_rubble_albedo.png,Leonardo AI,configured realism model 05ce0082-2d80-4a2d-8653-4d1c85e2418e,generated/leonardo/city_wall_limestone_v1/prompt.json; generation 6975d5f9-11cc-48a2-8028-a735eef224d6 candidate 1; SHA-256 7768e68b03695e6bf1a332ec18d1095db7161f1343f61083226433367e4bb7d4,6975d5f9-11cc-48a2-8028-a735eef224d6,AGPL-3.0-or-later (project author),Coursed warm limestone rubble for city walls; 512 px masonry tier with anisotropic filtering.,approved - maintainer-requested city wall texture pass (2026-09-24)
assets.characters.kalev_fresh.boots.boots.glb,assets/characters/kalev_fresh/boots/boots.glb,OpenAI ImageGen; local Hunyuan3D; original Blender authoring,ImageGen revision unexposed; Hunyuan3D v2 MV fp16; Blender 5.2; CC0 KayKit motion metadata,docs/reports/kalev_rebuild_2026-09-12.md; reference/prompts.json; SHA-256 fb02e63938125651f24ff5f0473395f40723b4ccd77aad0be3301a8f22b7ca4a,2121343 (mesh); image seed unexposed,Original AI-generated art; project AGPL-3.0-or-later; reused skeleton/motion CC0 1.0,New original references and reconstructed geometry; no previous character visual input; separate fitted wardrobe and shared motion bindings.,review candidate - maintainer-requested P0-214 original character; production visual approval pending
assets.characters.kalev_fresh.boots.boots_boot_leather_albedo.png,assets/characters/kalev_fresh/boots/boots_boot_leather_albedo.png,OpenAI ImageGen; local Hunyuan3D; original Blender authoring,ImageGen revision unexposed; Hunyuan3D v2 MV fp16; Blender 5.2; CC0 KayKit motion metadata,docs/reports/kalev_rebuild_2026-09-12.md; reference/prompts.json; SHA-256 76bbefd95949c7d9e700521229b0f4e7bf9a046a83d17e64a8ab92bb9e039e13,2121343 (mesh); image seed unexposed,Original AI-generated art; project AGPL-3.0-or-later; reused skeleton/motion CC0 1.0,New original references and reconstructed geometry; no previous character visual input; separate fitted wardrobe and shared motion bindings.,review candidate - maintainer-requested P0-214 original character; production visual approval pending
assets.characters.kalev_fresh.boots.boots_boot_leather_normal.png,assets/characters/kalev_fresh/boots/boots_boot_leather_normal.png,OpenAI ImageGen; local Hunyuan3D; original Blender authoring,ImageGen revision unexposed; Hunyuan3D v2 MV fp16; Blender 5.2; CC0 KayKit motion metadata,docs/reports/kalev_rebuild_2026-09-12.md; reference/prompts.json; SHA-256 83ee4fab86ab19016ded6c00298670f59d4785fae723c8e74e6dc6430bdf55d3,2121343 (mesh); image seed unexposed,Original AI-generated art; project AGPL-3.0-or-later; reused skeleton/motion CC0 1.0,New original references and reconstructed geometry; no previous character visual input; separate fitted wardrobe and shared motion bindings.,review candidate - maintainer-requested P0-214 original character; production visual approval pending
assets.characters.kalev_fresh.hammer.hammer.glb,assets/characters/kalev_fresh/hammer/hammer.glb,OpenAI ImageGen; local Hunyuan3D; original Blender authoring,ImageGen revision unexposed; Hunyuan3D v2 MV fp16; Blender 5.2; CC0 KayKit motion metadata,docs/reports/kalev_rebuild_2026-09-12.md; reference/prompts.json; SHA-256 09cee4eb94451d763f2301f75736cf4d79ce87343cf2987e0336127fe6dac30d,2121343 (mesh); image seed unexposed,Original AI-generated art; project AGPL-3.0-or-later; reused skeleton/motion CC0 1.0,New original references and reconstructed geometry; no previous character visual input; separate fitted wardrobe and shared motion bindings.,review candidate - maintainer-requested P0-214 original character; production visual approval pending
assets.characters.kalev_fresh.hose.hose.glb,assets/characters/kalev_fresh/hose/hose.glb,OpenAI ImageGen; local Hunyuan3D; original Blender authoring,ImageGen revision unexposed; Hunyuan3D v2 MV fp16; Blender 5.2; CC0 KayKit motion metadata,docs/reports/kalev_rebuild_2026-09-12.md; reference/prompts.json; SHA-256 98fc23b7ab086b926fb877b78f0b1d31cd7523edc0a6a4d14e3d33dd43251855,2121343 (mesh); image seed unexposed,Original AI-generated art; project AGPL-3.0-or-later; reused skeleton/motion CC0 1.0,New original references and reconstructed geometry; no previous character visual input; separate fitted wardrobe and shared motion bindings.,review candidate - maintainer-requested P0-214 original character; production visual approval pending
assets.characters.kalev_fresh.hose.hose_hose_albedo.png,assets/characters/kalev_fresh/hose/hose_hose_albedo.png,OpenAI ImageGen; local Hunyuan3D; original Blender authoring,ImageGen revision unexposed; Hunyuan3D v2 MV fp16; Blender 5.2; CC0 KayKit motion metadata,docs/reports/kalev_rebuild_2026-09-12.md; reference/prompts.json; SHA-256 2c77f4939117fd14123f14402db60440bec01a3afd21db9361ce4fcb4e50c92d,2121343 (mesh); image seed unexposed,Original AI-generated art; project AGPL-3.0-or-later; reused skeleton/motion CC0 1.0,New original references and reconstructed geometry; no previous character visual input; separate fitted wardrobe and shared motion bindings.,review candidate - maintainer-requested P0-214 original character; production visual approval pending
assets.characters.kalev_fresh.hose.hose_hose_normal.png,assets/characters/kalev_fresh/hose/hose_hose_normal.png,OpenAI ImageGen; local Hunyuan3D; original Blender authoring,ImageGen revision unexposed; Hunyuan3D v2 MV fp16; Blender 5.2; CC0 KayKit motion metadata,docs/reports/kalev_rebuild_2026-09-12.md; reference/prompts.json; SHA-256 1c9162b023e6d1195fe7d508e5f03ba550a0f6dbabbeac5db5a09b723eaa2405,2121343 (mesh); image seed unexposed,Original AI-generated art; project AGPL-3.0-or-later; reused skeleton/motion CC0 1.0,New original references and reconstructed geometry; no previous character visual input; separate fitted wardrobe and shared motion bindings.,review candidate - maintainer-requested P0-214 original character; production visual approval pending
assets.characters.kalev_fresh.kalev_fresh.kalev_fresh.glb,assets/characters/kalev_fresh/kalev_fresh/kalev_fresh.glb,OpenAI ImageGen; local Hunyuan3D; original Blender authoring,ImageGen revision unexposed; Hunyuan3D v2 MV fp16; Blender 5.2; CC0 KayKit motion metadata,docs/reports/kalev_rebuild_2026-09-12.md; reference/prompts.json; SHA-256 a9e241582371c150e0ac5ab1b94cd9ed87e6ef1e953312dd08bb09948b6b6383,2121343 (mesh); image seed unexposed,Original AI-generated art; project AGPL-3.0-or-later; reused skeleton/motion CC0 1.0,New original references and reconstructed geometry; no previous character visual input; separate fitted wardrobe and shared motion bindings.,review candidate - maintainer-requested P0-214 original character; production visual approval pending
assets.characters.kalev_fresh.kalev_fresh.kalev_fresh_skin_atlas.jpg,assets/characters/kalev_fresh/kalev_fresh/kalev_fresh_skin_atlas.jpg,OpenAI ImageGen; local Hunyuan3D; original Blender authoring,ImageGen revision unexposed; Hunyuan3D v2 MV fp16; Blender 5.2; CC0 KayKit motion metadata,docs/reports/kalev_rebuild_2026-09-12.md; reference/prompts.json; SHA-256 eb42fc78098842c3da7036f95ee7d5f2dd98c64d1fa1f578392d3d9044b4b754,2121343 (mesh); image seed unexposed,Original AI-generated art; project AGPL-3.0-or-later; reused skeleton/motion CC0 1.0,New original references and reconstructed geometry; no previous character visual input; separate fitted wardrobe and shared motion bindings.,review candidate - maintainer-requested P0-214 original character; production visual approval pending
assets.characters.kalev_fresh.linen_shirt.linen_shirt.glb,assets/characters/kalev_fresh/linen_shirt/linen_shirt.glb,OpenAI ImageGen; local Hunyuan3D; original Blender authoring,ImageGen revision unexposed; Hunyuan3D v2 MV fp16; Blender 5.2; CC0 KayKit motion metadata,docs/reports/kalev_rebuild_2026-09-12.md; reference/prompts.json; SHA-256 279d089e8034db646efffeb6a452c8e3379f4cf9ad856cc74f03a681364bb4ae,2121343 (mesh); image seed unexposed,Original AI-generated art; project AGPL-3.0-or-later; reused skeleton/motion CC0 1.0,New original references and reconstructed geometry; no previous character visual input; separate fitted wardrobe and shared motion bindings.,review candidate - maintainer-requested P0-214 original character; production visual approval pending
assets.characters.kalev_fresh.linen_shirt.linen_shirt_linen_albedo.png,assets/characters/kalev_fresh/linen_shirt/linen_shirt_linen_albedo.png,OpenAI ImageGen; local Hunyuan3D; original Blender authoring,ImageGen revision unexposed; Hunyuan3D v2 MV fp16; Blender 5.2; CC0 KayKit motion metadata,docs/reports/kalev_rebuild_2026-09-12.md; reference/prompts.json; SHA-256 fbd06526cf580be7145309d6ed39c862208fbc0e30f180775071f99f744f1c79,2121343 (mesh); image seed unexposed,Original AI-generated art; project AGPL-3.0-or-later; reused skeleton/motion CC0 1.0,New original references and reconstructed geometry; no previous character visual input; separate fitted wardrobe and shared motion bindings.,review candidate - maintainer-requested P0-214 original character; production visual approval pending
assets.characters.kalev_fresh.linen_shirt.linen_shirt_linen_normal.png,assets/characters/kalev_fresh/linen_shirt/linen_shirt_linen_normal.png,OpenAI ImageGen; local Hunyuan3D; original Blender authoring,ImageGen revision unexposed; Hunyuan3D v2 MV fp16; Blender 5.2; CC0 KayKit motion metadata,docs/reports/kalev_rebuild_2026-09-12.md; reference/prompts.json; SHA-256 1c9162b023e6d1195fe7d508e5f03ba550a0f6dbabbeac5db5a09b723eaa2405,2121343 (mesh); image seed unexposed,Original AI-generated art; project AGPL-3.0-or-later; reused skeleton/motion CC0 1.0,New original references and reconstructed geometry; no previous character visual input; separate fitted wardrobe and shared motion bindings.,review candidate - maintainer-requested P0-214 original character; production visual approval pending
assets.characters.kalev_fresh.mail_shirt.mail_shirt.glb,assets/characters/kalev_fresh/mail_shirt/mail_shirt.glb,OpenAI ImageGen; local Hunyuan3D; original Blender authoring,ImageGen revision unexposed; Hunyuan3D v2 MV fp16; Blender 5.2; CC0 KayKit motion metadata,docs/reports/kalev_rebuild_2026-09-12.md; reference/prompts.json; SHA-256 ab011fb8784caf5d00916359b720d3a7d92e0b4b2ff9f82da1c94c572a93e60c,2121343 (mesh); image seed unexposed,Original AI-generated art; project AGPL-3.0-or-later; reused skeleton/motion CC0 1.0,New original references and reconstructed geometry; no previous character visual input; separate fitted wardrobe and shared motion bindings.,review candidate - maintainer-requested P0-214 original character; production visual approval pending
assets.characters.kalev_fresh.mail_shirt.mail_shirt_mail_albedo.png,assets/characters/kalev_fresh/mail_shirt/mail_shirt_mail_albedo.png,OpenAI ImageGen; local Hunyuan3D; original Blender authoring,ImageGen revision unexposed; Hunyuan3D v2 MV fp16; Blender 5.2; CC0 KayKit motion metadata,docs/reports/kalev_rebuild_2026-09-12.md; reference/prompts.json; SHA-256 f1d66ee3b54a1db0d3741185a5228524abf9349330b64c4f2eed56416a02d129,2121343 (mesh); image seed unexposed,Original AI-generated art; project AGPL-3.0-or-later; reused skeleton/motion CC0 1.0,New original references and reconstructed geometry; no previous character visual input; separate fitted wardrobe and shared motion bindings.,review candidate - maintainer-requested P0-214 original character; production visual approval pending
assets.characters.kalev_fresh.mail_shirt.mail_shirt_mail_normal.png,assets/characters/kalev_fresh/mail_shirt/mail_shirt_mail_normal.png,OpenAI ImageGen; local Hunyuan3D; original Blender authoring,ImageGen revision unexposed; Hunyuan3D v2 MV fp16; Blender 5.2; CC0 KayKit motion metadata,docs/reports/kalev_rebuild_2026-09-12.md; reference/prompts.json; SHA-256 25f549adf19f7ea7e39f481e2d0d69f58c840281fef3a4a7e1bd4887a36f4995,2121343 (mesh); image seed unexposed,Original AI-generated art; project AGPL-3.0-or-later; reused skeleton/motion CC0 1.0,New original references and reconstructed geometry; no previous character visual input; separate fitted wardrobe and shared motion bindings.,review candidate - maintainer-requested P0-214 original character; production visual approval pending
assets.characters.kalev_fresh.materials.boot_leather_albedo.png,assets/characters/kalev_fresh/materials/boot_leather_albedo.png,OpenAI ImageGen; local Hunyuan3D; original Blender authoring,ImageGen revision unexposed; Hunyuan3D v2 MV fp16; Blender 5.2; CC0 KayKit motion metadata,docs/reports/kalev_rebuild_2026-09-12.md; reference/prompts.json; SHA-256 76bbefd95949c7d9e700521229b0f4e7bf9a046a83d17e64a8ab92bb9e039e13,2121343 (mesh); image seed unexposed,Original AI-generated art; project AGPL-3.0-or-later; reused skeleton/motion CC0 1.0,New original references and reconstructed geometry; no previous character visual input; separate fitted wardrobe and shared motion bindings.,review candidate - maintainer-requested P0-214 original character; production visual approval pending
assets.characters.kalev_fresh.materials.boot_leather_normal.png,assets/characters/kalev_fresh/materials/boot_leather_normal.png,OpenAI ImageGen; local Hunyuan3D; original Blender authoring,ImageGen revision unexposed; Hunyuan3D v2 MV fp16; Blender 5.2; CC0 KayKit motion metadata,docs/reports/kalev_rebuild_2026-09-12.md; reference/prompts.json; SHA-256 83ee4fab86ab19016ded6c00298670f59d4785fae723c8e74e6dc6430bdf55d3,2121343 (mesh); image seed unexposed,Original AI-generated art; project AGPL-3.0-or-later; reused skeleton/motion CC0 1.0,New original references and reconstructed geometry; no previous character visual input; separate fitted wardrobe and shared motion bindings.,review candidate - maintainer-requested P0-214 original character; production visual approval pending
assets.characters.kalev_fresh.materials.hose_albedo.png,assets/characters/kalev_fresh/materials/hose_albedo.png,OpenAI ImageGen; local Hunyuan3D; original Blender authoring,ImageGen revision unexposed; Hunyuan3D v2 MV fp16; Blender 5.2; CC0 KayKit motion metadata,docs/reports/kalev_rebuild_2026-09-12.md; reference/prompts.json; SHA-256 2c77f4939117fd14123f14402db60440bec01a3afd21db9361ce4fcb4e50c92d,2121343 (mesh); image seed unexposed,Original AI-generated art; project AGPL-3.0-or-later; reused skeleton/motion CC0 1.0,New original references and reconstructed geometry; no previous character visual input; separate fitted wardrobe and shared motion bindings.,review candidate - maintainer-requested P0-214 original character; production visual approval pending
assets.characters.kalev_fresh.materials.hose_normal.png,assets/characters/kalev_fresh/materials/hose_normal.png,OpenAI ImageGen; local Hunyuan3D; original Blender authoring,ImageGen revision unexposed; Hunyuan3D v2 MV fp16; Blender 5.2; CC0 KayKit motion metadata,docs/reports/kalev_rebuild_2026-09-12.md; reference/prompts.json; SHA-256 1c9162b023e6d1195fe7d508e5f03ba550a0f6dbabbeac5db5a09b723eaa2405,2121343 (mesh); image seed unexposed,Original AI-generated art; project AGPL-3.0-or-later; reused skeleton/motion CC0 1.0,New original references and reconstructed geometry; no previous character visual input; separate fitted wardrobe and shared motion bindings.,review candidate - maintainer-requested P0-214 original character; production visual approval pending
assets.characters.kalev_fresh.materials.leather_albedo.png,assets/characters/kalev_fresh/materials/leather_albedo.png,OpenAI ImageGen; local Hunyuan3D; original Blender authoring,ImageGen revision unexposed; Hunyuan3D v2 MV fp16; Blender 5.2; CC0 KayKit motion metadata,docs/reports/kalev_rebuild_2026-09-12.md; reference/prompts.json; SHA-256 9ad3e04bda208f2c0072ac9ba763e5b51f4fdab918263391e0c9c65df9c9cad7,2121343 (mesh); image seed unexposed,Original AI-generated art; project AGPL-3.0-or-later; reused skeleton/motion CC0 1.0,New original references and reconstructed geometry; no previous character visual input; separate fitted wardrobe and shared motion bindings.,review candidate - maintainer-requested P0-214 original character; production visual approval pending
assets.characters.kalev_fresh.materials.leather_normal.png,assets/characters/kalev_fresh/materials/leather_normal.png,OpenAI ImageGen; local Hunyuan3D; original Blender authoring,ImageGen revision unexposed; Hunyuan3D v2 MV fp16; Blender 5.2; CC0 KayKit motion metadata,docs/reports/kalev_rebuild_2026-09-12.md; reference/prompts.json; SHA-256 83ee4fab86ab19016ded6c00298670f59d4785fae723c8e74e6dc6430bdf55d3,2121343 (mesh); image seed unexposed,Original AI-generated art; project AGPL-3.0-or-later; reused skeleton/motion CC0 1.0,New original references and reconstructed geometry; no previous character visual input; separate fitted wardrobe and shared motion bindings.,review candidate - maintainer-requested P0-214 original character; production visual approval pending
assets.characters.kalev_fresh.materials.linen_albedo.png,assets/characters/kalev_fresh/materials/linen_albedo.png,OpenAI ImageGen; local Hunyuan3D; original Blender authoring,ImageGen revision unexposed; Hunyuan3D v2 MV fp16; Blender 5.2; CC0 KayKit motion metadata,docs/reports/kalev_rebuild_2026-09-12.md; reference/prompts.json; SHA-256 fbd06526cf580be7145309d6ed39c862208fbc0e30f180775071f99f744f1c79,2121343 (mesh); image seed unexposed,Original AI-generated art; project AGPL-3.0-or-later; reused skeleton/motion CC0 1.0,New original references and reconstructed geometry; no previous character visual input; separate fitted wardrobe and shared motion bindings.,review candidate - maintainer-requested P0-214 original character; production visual approval pending
assets.characters.kalev_fresh.materials.linen_normal.png,assets/characters/kalev_fresh/materials/linen_normal.png,OpenAI ImageGen; local Hunyuan3D; original Blender authoring,ImageGen revision unexposed; Hunyuan3D v2 MV fp16; Blender 5.2; CC0 KayKit motion metadata,docs/reports/kalev_rebuild_2026-09-12.md; reference/prompts.json; SHA-256 1c9162b023e6d1195fe7d508e5f03ba550a0f6dbabbeac5db5a09b723eaa2405,2121343 (mesh); image seed unexposed,Original AI-generated art; project AGPL-3.0-or-later; reused skeleton/motion CC0 1.0,New original references and reconstructed geometry; no previous character visual input; separate fitted wardrobe and shared motion bindings.,review candidate - maintainer-requested P0-214 original character; production visual approval pending
assets.characters.kalev_fresh.materials.mail_albedo.png,assets/characters/kalev_fresh/materials/mail_albedo.png,OpenAI ImageGen; local Hunyuan3D; original Blender authoring,ImageGen revision unexposed; Hunyuan3D v2 MV fp16; Blender 5.2; CC0 KayKit motion metadata,docs/reports/kalev_rebuild_2026-09-12.md; reference/prompts.json; SHA-256 f1d66ee3b54a1db0d3741185a5228524abf9349330b64c4f2eed56416a02d129,2121343 (mesh); image seed unexposed,Original AI-generated art; project AGPL-3.0-or-later; reused skeleton/motion CC0 1.0,New original references and reconstructed geometry; no previous character visual input; separate fitted wardrobe and shared motion bindings.,review candidate - maintainer-requested P0-214 original character; production visual approval pending
assets.characters.kalev_fresh.materials.mail_normal.png,assets/characters/kalev_fresh/materials/mail_normal.png,OpenAI ImageGen; local Hunyuan3D; original Blender authoring,ImageGen revision unexposed; Hunyuan3D v2 MV fp16; Blender 5.2; CC0 KayKit motion metadata,docs/reports/kalev_rebuild_2026-09-12.md; reference/prompts.json; SHA-256 25f549adf19f7ea7e39f481e2d0d69f58c840281fef3a4a7e1bd4887a36f4995,2121343 (mesh); image seed unexposed,Original AI-generated art; project AGPL-3.0-or-later; reused skeleton/motion CC0 1.0,New original references and reconstructed geometry; no previous character visual input; separate fitted wardrobe and shared motion bindings.,review candidate - maintainer-requested P0-214 original character; production visual approval pending
assets.characters.kalev_fresh.materials.skin_atlas.jpg,assets/characters/kalev_fresh/materials/skin_atlas.jpg,OpenAI ImageGen; local Hunyuan3D; original Blender authoring,ImageGen revision unexposed; Hunyuan3D v2 MV fp16; Blender 5.2; CC0 KayKit motion metadata,docs/reports/kalev_rebuild_2026-09-12.md; reference/prompts.json; SHA-256 eb42fc78098842c3da7036f95ee7d5f2dd98c64d1fa1f578392d3d9044b4b754,2121343 (mesh); image seed unexposed,Original AI-generated art; project AGPL-3.0-or-later; reused skeleton/motion CC0 1.0,New original references and reconstructed geometry; no previous character visual input; separate fitted wardrobe and shared motion bindings.,review candidate - maintainer-requested P0-214 original character; production visual approval pending
assets.characters.kalev_fresh.materials.wool_albedo.png,assets/characters/kalev_fresh/materials/wool_albedo.png,OpenAI ImageGen; local Hunyuan3D; original Blender authoring,ImageGen revision unexposed; Hunyuan3D v2 MV fp16; Blender 5.2; CC0 KayKit motion metadata,docs/reports/kalev_rebuild_2026-09-12.md; reference/prompts.json; SHA-256 6d5088e1c589e6de91fe9c4a55bf6e00c00e81bf929136f527f4401d21bada8d,2121343 (mesh); image seed unexposed,Original AI-generated art; project AGPL-3.0-or-later; reused skeleton/motion CC0 1.0,New original references and reconstructed geometry; no previous character visual input; separate fitted wardrobe and shared motion bindings.,review candidate - maintainer-requested P0-214 original character; production visual approval pending
assets.characters.kalev_fresh.materials.wool_normal.png,assets/characters/kalev_fresh/materials/wool_normal.png,OpenAI ImageGen; local Hunyuan3D; original Blender authoring,ImageGen revision unexposed; Hunyuan3D v2 MV fp16; Blender 5.2; CC0 KayKit motion metadata,docs/reports/kalev_rebuild_2026-09-12.md; reference/prompts.json; SHA-256 1c9162b023e6d1195fe7d508e5f03ba550a0f6dbabbeac5db5a09b723eaa2405,2121343 (mesh); image seed unexposed,Original AI-generated art; project AGPL-3.0-or-later; reused skeleton/motion CC0 1.0,New original references and reconstructed geometry; no previous character visual input; separate fitted wardrobe and shared motion bindings.,review candidate - maintainer-requested P0-214 original character; production visual approval pending
assets.characters.kalev_fresh.reference.back.png,assets/characters/kalev_fresh/reference/back.png,OpenAI ImageGen; local Hunyuan3D; original Blender authoring,ImageGen revision unexposed; Hunyuan3D v2 MV fp16; Blender 5.2; CC0 KayKit motion metadata,docs/reports/kalev_rebuild_2026-09-12.md; reference/prompts.json; SHA-256 11ba7dc37af3c0c144bd017e0a3cc1c91247d2624aa845cdef787c35dcd5cc52,2121343 (mesh); image seed unexposed,Original AI-generated art; project AGPL-3.0-or-later; reused skeleton/motion CC0 1.0,New original references and reconstructed geometry; no previous character visual input; separate fitted wardrobe and shared motion bindings.,review candidate - maintainer-requested P0-214 original character; production visual approval pending
assets.characters.kalev_fresh.reference.face.png,assets/characters/kalev_fresh/reference/face.png,OpenAI ImageGen; local Hunyuan3D; original Blender authoring,ImageGen revision unexposed; Hunyuan3D v2 MV fp16; Blender 5.2; CC0 KayKit motion metadata,docs/reports/kalev_rebuild_2026-09-12.md; reference/prompts.json; SHA-256 4a9710951a4a313952661fbaf5d89024f1853acf3a624feaf250f4dbd5225fab,2121343 (mesh); image seed unexposed,Original AI-generated art; project AGPL-3.0-or-later; reused skeleton/motion CC0 1.0,New original references and reconstructed geometry; no previous character visual input; separate fitted wardrobe and shared motion bindings.,review candidate - maintainer-requested P0-214 original character; production visual approval pending
assets.characters.kalev_fresh.reference.front.png,assets/characters/kalev_fresh/reference/front.png,OpenAI ImageGen; local Hunyuan3D; original Blender authoring,ImageGen revision unexposed; Hunyuan3D v2 MV fp16; Blender 5.2; CC0 KayKit motion metadata,docs/reports/kalev_rebuild_2026-09-12.md; reference/prompts.json; SHA-256 044278c46fb89f4f3baf816691300fefc39bd02ff4e08f2fa83131180f87ae5a,2121343 (mesh); image seed unexposed,Original AI-generated art; project AGPL-3.0-or-later; reused skeleton/motion CC0 1.0,New original references and reconstructed geometry; no previous character visual input; separate fitted wardrobe and shared motion bindings.,review candidate - maintainer-requested P0-214 original character; production visual approval pending
assets.characters.kalev_fresh.reference.mail.png,assets/characters/kalev_fresh/reference/mail.png,OpenAI ImageGen; local Hunyuan3D; original Blender authoring,ImageGen revision unexposed; Hunyuan3D v2 MV fp16; Blender 5.2; CC0 KayKit motion metadata,docs/reports/kalev_rebuild_2026-09-12.md; reference/prompts.json; SHA-256 bd55b425be2b3a10fdf9298443457ef7f63764e82de299b640985b15155e35b5,2121343 (mesh); image seed unexposed,Original AI-generated art; project AGPL-3.0-or-later; reused skeleton/motion CC0 1.0,New original references and reconstructed geometry; no previous character visual input; separate fitted wardrobe and shared motion bindings.,review candidate - maintainer-requested P0-214 original character; production visual approval pending
assets.characters.kalev_fresh.reference.sculpt.glb,assets/characters/kalev_fresh/reference/sculpt.glb,OpenAI ImageGen; local Hunyuan3D; original Blender authoring,ImageGen revision unexposed; Hunyuan3D v2 MV fp16; Blender 5.2; CC0 KayKit motion metadata,docs/reports/kalev_rebuild_2026-09-12.md; reference/prompts.json; SHA-256 feeb11091552aef956cbb03322f78ae77af1dc387aa3b94e6b26a6dd2f8b2b22,2121343 (mesh); image seed unexposed,Original AI-generated art; project AGPL-3.0-or-later; reused skeleton/motion CC0 1.0,New original references and reconstructed geometry; no previous character visual input; separate fitted wardrobe and shared motion bindings.,review candidate - maintainer-requested P0-214 original character; production visual approval pending
assets.characters.kalev_fresh.smith_apron.smith_apron.glb,assets/characters/kalev_fresh/smith_apron/smith_apron.glb,OpenAI ImageGen; local Hunyuan3D; original Blender authoring,ImageGen revision unexposed; Hunyuan3D v2 MV fp16; Blender 5.2; CC0 KayKit motion metadata,docs/reports/kalev_rebuild_2026-09-12.md; reference/prompts.json; SHA-256 54e00cbf0422f59ddc77d6bf7d8b88c55ffbbafeb4783d1a3d0c70b0dab95bb3,2121343 (mesh); image seed unexposed,Original AI-generated art; project AGPL-3.0-or-later; reused skeleton/motion CC0 1.0,New original references and reconstructed geometry; no previous character visual input; separate fitted wardrobe and shared motion bindings.,review candidate - maintainer-requested P0-214 original character; production visual approval pending
assets.characters.kalev_fresh.smith_apron.smith_apron_leather_albedo.png,assets/characters/kalev_fresh/smith_apron/smith_apron_leather_albedo.png,OpenAI ImageGen; local Hunyuan3D; original Blender authoring,ImageGen revision unexposed; Hunyuan3D v2 MV fp16; Blender 5.2; CC0 KayKit motion metadata,docs/reports/kalev_rebuild_2026-09-12.md; reference/prompts.json; SHA-256 9ad3e04bda208f2c0072ac9ba763e5b51f4fdab918263391e0c9c65df9c9cad7,2121343 (mesh); image seed unexposed,Original AI-generated art; project AGPL-3.0-or-later; reused skeleton/motion CC0 1.0,New original references and reconstructed geometry; no previous character visual input; separate fitted wardrobe and shared motion bindings.,review candidate - maintainer-requested P0-214 original character; production visual approval pending
assets.characters.kalev_fresh.smith_apron.smith_apron_leather_normal.png,assets/characters/kalev_fresh/smith_apron/smith_apron_leather_normal.png,OpenAI ImageGen; local Hunyuan3D; original Blender authoring,ImageGen revision unexposed; Hunyuan3D v2 MV fp16; Blender 5.2; CC0 KayKit motion metadata,docs/reports/kalev_rebuild_2026-09-12.md; reference/prompts.json; SHA-256 83ee4fab86ab19016ded6c00298670f59d4785fae723c8e74e6dc6430bdf55d3,2121343 (mesh); image seed unexposed,Original AI-generated art; project AGPL-3.0-or-later; reused skeleton/motion CC0 1.0,New original references and reconstructed geometry; no previous character visual input; separate fitted wardrobe and shared motion bindings.,review candidate - maintainer-requested P0-214 original character; production visual approval pending
assets.characters.kalev_fresh.source.kalev_fresh.blend,assets/characters/kalev_fresh/source/kalev_fresh.blend,OpenAI ImageGen; local Hunyuan3D; original Blender authoring,ImageGen revision unexposed; Hunyuan3D v2 MV fp16; Blender 5.2; CC0 KayKit motion metadata,docs/reports/kalev_rebuild_2026-09-12.md; reference/prompts.json; SHA-256 26ea45ec76329b0f96a4aee0da70278865ec6cd7e719f88ff0812a50fe927d2a,2121343 (mesh); image seed unexposed,Original AI-generated art; project AGPL-3.0-or-later; reused skeleton/motion CC0 1.0,New original references and reconstructed geometry; no previous character visual input; separate fitted wardrobe and shared motion bindings.,review candidate - maintainer-requested P0-214 original character; production visual approval pending
assets.characters.kalev_fresh.sword.sword.glb,assets/characters/kalev_fresh/sword/sword.glb,OpenAI ImageGen; local Hunyuan3D; original Blender authoring,ImageGen revision unexposed; Hunyuan3D v2 MV fp16; Blender 5.2; CC0 KayKit motion metadata,docs/reports/kalev_rebuild_2026-09-12.md; reference/prompts.json; SHA-256 38901c3fbe43d8a81f6b7ac4c0d0e02e15d86f94ee534ec216e9047950881ed9,2121343 (mesh); image seed unexposed,Original AI-generated art; project AGPL-3.0-or-later; reused skeleton/motion CC0 1.0,New original references and reconstructed geometry; no previous character visual input; separate fitted wardrobe and shared motion bindings.,review candidate - maintainer-requested P0-214 original character; production visual approval pending
assets.characters.kalev_fresh.wool_tunic.wool_tunic.glb,assets/characters/kalev_fresh/wool_tunic/wool_tunic.glb,OpenAI ImageGen; local Hunyuan3D; original Blender authoring,ImageGen revision unexposed; Hunyuan3D v2 MV fp16; Blender 5.2; CC0 KayKit motion metadata,docs/reports/kalev_rebuild_2026-09-12.md; reference/prompts.json; SHA-256 4376baa822cc965e35c41ea107520eff52857b669563560f89ae7ed0910839f3,2121343 (mesh); image seed unexposed,Original AI-generated art; project AGPL-3.0-or-later; reused skeleton/motion CC0 1.0,New original references and reconstructed geometry; no previous character visual input; separate fitted wardrobe and shared motion bindings.,review candidate - maintainer-requested P0-214 original character; production visual approval pending
assets.characters.kalev_fresh.wool_tunic.wool_tunic_wool_albedo.png,assets/characters/kalev_fresh/wool_tunic/wool_tunic_wool_albedo.png,OpenAI ImageGen; local Hunyuan3D; original Blender authoring,ImageGen revision unexposed; Hunyuan3D v2 MV fp16; Blender 5.2; CC0 KayKit motion metadata,docs/reports/kalev_rebuild_2026-09-12.md; reference/prompts.json; SHA-256 6d5088e1c589e6de91fe9c4a55bf6e00c00e81bf929136f527f4401d21bada8d,2121343 (mesh); image seed unexposed,Original AI-generated art; project AGPL-3.0-or-later; reused skeleton/motion CC0 1.0,New original references and reconstructed geometry; no previous character visual input; separate fitted wardrobe and shared motion bindings.,review candidate - maintainer-requested P0-214 original character; production visual approval pending
assets.characters.kalev_fresh.wool_tunic.wool_tunic_wool_normal.png,assets/characters/kalev_fresh/wool_tunic/wool_tunic_wool_normal.png,OpenAI ImageGen; local Hunyuan3D; original Blender authoring,ImageGen revision unexposed; Hunyuan3D v2 MV fp16; Blender 5.2; CC0 KayKit motion metadata,docs/reports/kalev_rebuild_2026-09-12.md; reference/prompts.json; SHA-256 1c9162b023e6d1195fe7d508e5f03ba550a0f6dbabbeac5db5a09b723eaa2405,2121343 (mesh); image seed unexposed,Original AI-generated art; project AGPL-3.0-or-later; reused skeleton/motion CC0 1.0,New original references and reconstructed geometry; no previous character visual input; separate fitted wardrobe and shared motion bindings.,review candidate - maintainer-requested P0-214 original character; production visual approval pending
